და	სხვა	1370
ზღვის	დონიდან	843
მათ	შორის	671
და	მისი	645
არ	არის	582
ეს	არის	371
იან	წლებში	366
და	მის	366
წლის	აღწერის	365
ჯერ	კიდევ	355
შემდეგ	კი	341
მიუხედავად	იმისა	332
მას	შემდეგ	322
და	ა	317
ამის	შემდეგ	315
წლის	მონაცემებით	314
აღწერის	მონაცემებით	310
ზღვის	დონე	307
და	სხვ	307
იყო	და	306
ამ	დროს	292
სოფელში	ცხოვრობს	289
სოფელი	საქართველოში	281
რომ	ეს	276
წლის	ასაკში	271
საფეხბურთო	კლუბი	268
თუ	არა	259
ეროვნული	პარკი	249
ეს	იყო	245
მონაცემებით	სოფელში	234
წლის	შემდეგ	232
წლის	განმავლობაში	232
და	მათი	228
არ	უნდა	222
არ	იყო	219
რის	გამოც	213
უნდა	იყოს	211
ადმინისტრაციული	ცენტრი	211
სწორედ	ამ	210
და	ამ	208
მეორე	მსოფლიო	204
და	მას	204
ამ	პერიოდში	200
მოსახლეობა	შეადგენს	198
მდებარეობს	მდინარე	196
ამავე	დროს	196
და	მათ	194
გარდა	ამისა	188
და	არა	187
ზე	მეტი	185
იანი	წლების	184
ყველაზე	დიდი	179
მსოფლიო	ომის	179
დიდი	ნაწილი	178
თავის	მხრივ	176
როგორც	წესი	175
და	არ	173
საბჭოთა	კავშირის	172
და	არც	171
რომ	ამ	170
მიუხედავად	ამისა	170
რომ	იგი	169
კიდევ	ერთი	169
რომ	არ	168
და	ეს	167
თბილისის	სახელმწიფო	162
ყურადღება	შეკითხვა	155
ისევე	როგორც	154
კიდევ	უფრო	153
რომ	ის	152
არა	მარტო	152
რომ	მისი	151
ეროვნული	საფეხბურთო	148
წელს	დაამთავრა	147
და	ასევე	147
და	მხოლოდ	146
მსოფლიო	მემკვიდრეობის	143
თუ	როგორ	143
არ	არსებობს	143
შუა	საუკუნეების	140
საფეხბურთო	ნაკრები	140
კი	არ	138
ფართობი	შეადგენს	137
წლის	წინ	136
როგორც	ჩანს	136
და	საქართველოს	135
წელს	კი	134
რაც	შეეხება	134
ომის	დროს	134
გარდაცვალების	შემდეგ	133
მის	მიერ	132
წელს	და	130
მსოფლიო	მემკვიდრეობა	130
ამის	გამო	130
თუ	რა	129
თქმა	უნდა	128
თითქმის	ყველა	128
და	ის	128
რა	თქმა	121
და	სამხრეთ	120
და	შემდეგ	119
უნდა	ყოფილიყო	118
ქალაქის	მოსახლეობა	117
სვანეთის	მხარე	117
შავი	ზღვის	114
პოლიტიკური	მოღვაწე	114
ადგილი	უკავია	114
სვანეთის	მხარის	113
წელს	იგი	112
მეცნიერებათა	აკადემიის	112
იმ	დროს	112
არა	მხოლოდ	111
შავი	ზღვა	109
სხეულის	სიგრძე	109
რომ	მას	109
შეიძლება	იყოს	108
სიკვდილის	შემდეგ	107
აუზის	ფართობი	107
ქალაქი	და	104
და	დიდი	104
ასე	რომ	104
იმავე	წელს	102
ეს	უკანასკნელი	102
ქვემო	ქართლის	101
კიდევ	ერთხელ	100
და	იგი	100
და	ახალი	100
შემდეგ	რაც	98
რის	შემდეგაც	98
იძულებული	გახდა	98
შემდეგ	იგი	97
რომის	პაპი	97
მ	სიმაღლეზე	97
და	პოლიტიკური	97
არ	აქვს	97
და	უფრო	96
მარცხენა	შენაკადი	95
წყნარი	ოკეანე	94
მნიშვნელობა	აქვს	93
უფრო	მეტად	92
პირველ	რიგში	92
ომის	შემდეგ	92
მხოლოდ	ერთი	92
მაგრამ	ეს	92
ინგლისური	ენა	92
წელს	მან	91
თუ	იმ	91
თემის	ცენტრი	91
სახელმწიფო	უნივერსიტეტის	90
მარჯვენა	შენაკადი	90
იუნესკოს	მსოფლიო	90
ის	იყო	90
წლის	მანძილზე	89
დამთავრების	შემდეგ	89
საქართველოს	სსრ	88
სამხრეთ	ნაწილში	88
დიდი	რაოდენობით	88
ამა	თუ	88
არ	ვიცი	86
და	ყველა	85
და	ქვემო	85
ადამიანს	შეადგენს	85
ყველაზე	ცნობილი	84
უფრო	მეტი	84
კილომეტრში	მდებარეობს	84
და	ჩრდილოეთ	84
სოფელში	არის	83
პირველი	მსოფლიო	83
დიდი	ბრიტანეთი	83
და	მეორე	83
არ	შეიძლება	83
და	ერთი	82
ამ	შემთხვევაში	82
საშუალო	სიმჭიდროვე	81
სამხრეთ	კალთაზე	81
საგარეო	საქმეთა	81
მცირე	ზომის	81
კი	არა	81
იმის	გამო	81
ერთი	წლის	81
ავტონომიური	რესპუბლიკა	81
შიდა	ქართლის	80
აღმოსავლეთ	ნაწილში	80
ამის	შესახებ	80
ჩრდილოეთ	ნაწილში	79
მისი	პირველი	79
თუ	არ	79
ეს	ყველაფერი	79
დასავლეთ	საქართველოში	79
და	რა	79
აქედან	გამომდინარე	79
ხოლო	შემდეგ	78
წელს	ის	78
დიდი	ხნის	78
ამავე	სახელწოდების	78
ცენტრალურ	ნაწილში	77
სიმჭიდროვე	კმ	77
მას	არ	77
ის	არის	77
თუმცა	ეს	77
აფხაზეთის	ავტონომიური	77
სათავეს	იღებს	76
დაამთავრა	თბილისის	76
ადმინისტრაციული	ცენტრია	76
საფეხბურთო	ჩემპიონატი	75
რის	შედეგადაც	75
ყველაზე	მნიშვნელოვანი	74
ქართული	ენა	74
სხვადასხვა	დროს	74
საერთოდ	არ	74
და	იმავე	74
ყველაზე	მეტად	73
რომ	ისინი	73
და	სხვები	73
ცნობილი	იყო	72
რომის	იმპერია	72
იგი	იყო	72
და	შესაბამისად	72
და	ბოლოს	71
ჩემპიონთა	ლიგის	70
საქართველოს	სახელმწიფო	70
რუსეთის	ფედერაციის	70
მსოფლიო	ომი	70
იყო	საქართველოს	70
წმინდა	გიორგის	69
სახელი	ეწოდა	69
და	სხვადასხვა	69
და	ორი	69
და	ამით	69
შუა	საუკუნეებში	68
დიდი	გავლენა	68
და	რამდენიმე	68
და	იქ	68
ან	სხვა	68
ქართლის	მხარე	67
მდებარეობს	ქვეყნის	67
მარცხენა	მხარეს	67
ლათინური	ენა	67
იყო	პირველი	67
დასრულების	შემდეგ	67
არ	ჰქონდა	67
ამერიკის	შეერთებული	67
სოფლის	მეურნეობის	66
საქართველოს	მეცნიერებათა	66
სამხრეთ	ამერიკაში	66
მონაწილეობა	მიიღო	66
ეს	არ	66
დროთა	განმავლობაში	66
და	მე	66
და	თავის	66
წყნარი	ოკეანის	65
წელს	დაიწყო	65
ქედის	სამხრეთ	65
მისი	სახელი	65
მასთან	ერთად	65
დიდი	მნიშვნელობა	65
და	სამხედრო	65
და	იმ	65
გადმოწერა	ნახვა	65
არა	აქვს	65
წლებში	იყო	64
რა	არის	64
იმავე	წლის	64
დასავლეთ	ნაწილში	64
წლის	იყო	63
წლების	განმავლობაში	63
უდიდესი	ნაწილი	63
სმ	აღწევს	63
რომლის	მიხედვითაც	63
შინაგან	საქმეთა	62
მისი	მოსახლეობა	62
მთელი	რიგი	62
და	ისინი	62
და	ამიტომ	62
შემდეგ	ის	61
ყველაზე	მაღალი	61
რომის	იმპერიის	61
ერთი	და	61
და	თავისი	61
ხომ	არ	60
შემდეგ	მან	60
საქართველოს	დემოკრატიული	60
სათავე	აქვს	60
სადაც	ის	60
რომელთა	შორის	60
რომ	მან	60
პროვინციის	ფართობი	60
პოლიტიკური	და	60
იმ	დროისათვის	60
და	ამის	60
გოლი	გაიტანა	60
გავლენა	იქონია	60
ყველა	დროის	59
ქვემო	სვანეთის	59
სულ	მალე	59
სისხლის	სამართლის	59
იგი	არის	59
ვერ	შეძლო	59
და	მცირე	59
აქვს	და	59
არც	ერთი	59
ტერიტორიული	ორგანო	58
სულ	უფრო	58
საშუალო	წლიური	58
საქართველოს	ეროვნული	58
საპრეზიდენტო	არჩევნები	58
საკუთარ	თავს	58
მათი	სხეულის	58
მაგრამ	არ	58
დღის	შემდეგ	58
დაიწყო	და	58
და	მთელი	58
ბოლო	დროს	58
ატლანტის	ოკეანე	58
ცნობილი	გახდა	57
ყველაზე	მეტი	57
სახელმწიფო	და	57
რუსული	ენა	57
რომლის	დროსაც	57
ნობელის	პრემიის	57
მუნიციპალიტეტი	ვენესუელაში	57
წითელი	დროშის	56
ცნობილი	როგორც	56
სამხრეთ	ოსეთის	56
რომელიც	ამ	56
რომ	მის	56
პრემიის	ლაურეატი	56
მეცნიერებათა	დოქტორი	56
მაგრამ	მისი	56
იმ	პერიოდში	56
ზღვის	სანაპიროზე	56
ეს	ტერიტორია	56
ე	ადგილი	56
და	წარმოადგენს	56
ხოლო	მეორე	55
შორის	ყველაზე	55
უფრო	დიდი	55
სწორედ	ეს	55
საქართველოსა	და	55
რომ	მათ	55
მისი	თქმით	55
იყო	მისი	55
გერმანული	ენა	55
სამხრეთ	აფრიკის	54
მეორე	დღეს	54
დემოკრატიული	რესპუბლიკის	54
და	ისევ	54
და	დასავლეთ	54
და	ასე	54
განათლება	მიიღო	54
ამავე	პერიოდში	54
წლების	სეზონში	53
ცენტრია	ქალაქი	53
უფრო	ხშირად	53
სამოქალაქო	ომი	53
როგორც	კი	53
ორი	წლის	53
იგი	გამოვიდა	53
დღის	განმავლობაში	53
დიდი	და	53
და	ქართული	53
და	ეროვნული	53
ადგილი	დაიკავა	53
ქალაქი	მდებარეობს	52
უძველესი	დროიდან	52
უარი	თქვა	52
სულაც	არ	52
საზოგადო	მოღვაწე	52
მდე	სახეობა	52
იანი	წლებიდან	52
ეს	ორი	52
დაბრუნების	შემდეგ	52
და	ამავე	52
გავლენა	მოახდინა	52
ბოლო	წლებში	52
ხსენების	დღე	51
ხმელთაშუა	ზღვა	51
ხელს	უწყობს	51
წლის	ნოემბერში	51
შეერთებული	შტატების	51
პერუს	პროვინციები	51
მონაცემებით	ქალაქის	51
მარჯვენა	მხარეს	51
მაგრამ	ამ	51
იმისა	რომ	51
დიდი	ბრიტანეთის	51
და	შუა	51
და	ყველაზე	51
და	მერე	51
და	კიდევ	51
ამას	გარდა	51
წლის	მსოფლიო	50
სამხრეთი	ამერიკა	50
რუსეთის	ფედერაცია	50
რა	უნდა	50
ნობელის	პრემია	50
მე	არ	50
მას	და	50
მარჯვენა	ნაპირზე	50
მათ	მიერ	50
იმის	შესახებ	50
დასავლეთ	საქართველოს	50
და	საზოგადო	50
და	საერთოდ	50
და	რომ	50
არ	იცის	50
ამ	მხრივ	50
ხელი	შეუწყო	49
წლის	ოქტომბერში	49
წლის	დეკემბერში	49
წელს	გამოვიდა	49
შეიძლება	ითქვას	49
სახელი	და	49
სამხრეთ	ამერიკის	49
რომ	მათი	49
როლი	შეასრულა	49
მემკვიდრეობის	სიაში	49
მდებარეობს	ზღვის	49
თუმცა	ამ	49
ეროვნული	ნაკრები	49
და	მან	49
და	თუ	49
არც	თუ	49
ჯერ	არ	48
შრომის	წითელი	48
ყველაზე	პოპულარული	48
უპირველეს	ყოვლისა	48
საშუალებას	იძლევა	48
რუსეთის	იმპერია	48
რომელიც	მას	48
რომელიც	არ	48
რამდენიმე	წლის	48
მუნიციპალიტეტის	ტერიტორიაზე	48
მნიშვნელობა	ჰქონდა	48
მისი	აზრით	48
კავკასიონის	მთავარი	48
ზე	შეადგენს	48
ეს	კი	48
დემოკრატიული	რესპუბლიკა	48
და	რუსეთის	48
გაერთიანებული	სამეფო	48
არ	ყოფილა	48
ავტონომიურ	რესპუბლიკაში	48
წლის	მარტში	47
შოთა	რუსთაველის	47
სოფლის	მეურნეობა	47
საპრეზიდენტო	არჩევნებში	47
რუსთაველის	სახელობის	47
რეგიონის	პერუს	47
პროვინციის	მოსახლეობა	47
და	სახელმწიფო	47
და	მისმა	47
და	მასში	47
და	აღმოსავლეთ	47
ხმელთაშუა	ზღვის	46
წლის	ივლისში	46
ჩოხატაურის	მუნიციპალიტეტი	46
შესახებ	და	46
უარი	განაცხადა	46
სოციალური	დაზღვევის	46
სახელმწიფო	უნივერსიტეტი	46
მსოფლიო	ჩემპიონატი	46
იმ	შემთხვევაში	46
თუ	ისე	46
ენისა	და	46
და	საბოლოოდ	46
და	მუნიციპალიტეტი	46
და	მასთან	46
გრიგორიანული	კალენდარი	46
არ	გააჩნია	46
ადმინისტრაციულ	ცენტრ	46
წლის	სექტემბერში	45
წლის	ზაფხულში	45
ფრანგული	ენა	45
სხვადასხვა	სახის	45
საკმაოდ	დიდი	45
სადაც	იგი	45
რომ	ყველა	45
რაც	უფრო	45
პროვინცია	პერუში	45
ორ	ნაწილად	45
ოპერისა	და	45
ის	ფაქტი	45
იმ	დროისთვის	45
იგი	არ	45
და	ბალეტის	45
გავლენას	ახდენს	45
ამ	ტერიტორიაზე	45
ამ	დროისათვის	45
წლით	ადრე	44
ძველი	ქართული	44
ჩემპიონთა	ლიგა	44
შორის	იყო	44
საქართველოს	სახალხო	44
საერთო	ჯამში	44
რომ	თუ	44
მისი	ფართობი	44
მიერ	შექმნილი	44
იმერეთის	მხარე	44
თუ	ის	44
თითქმის	მთელი	44
თვის	შემდეგ	44
ეს	ადგილი	44
დიდი	ხანია	44
და	სოციალური	44
ამავე	წელს	44
ადამიანის	უფლებათა	44
შეერთებული	შტატები	43
სახელმწიფო	მოღვაწე	43
საქართველოს	პარლამენტის	43
საფრანგეთის	რევოლუცია	43
სამხედრო	და	43
სამოქალაქო	ომის	43
მის	შესახებ	43
მაინც	არ	43
მაგრამ	მაინც	43
ის	ასევე	43
თუმცა	მისი	43
დამარცხების	შემდეგ	43
და	პირველი	43
და	კულტურული	43
აღმოსავლეთ	საქართველოში	43
არ	არსებობდა	43
ამასთან	ერთად	43
ხნის	განმავლობაში	42
წლის	თებერვალში	42
ცოტა	ხნის	42
უფრო	და	42
უდიდესი	ქალაქია	42
როგორც	ეს	42
მით	უფრო	42
მესხეთის	ქედის	42
იგი	ასევე	42
თუ	ეს	42
ზე	მეტ	42
ერთ	დროს	42
დიდი	როლი	42
და	საერთაშორისო	42
და	მრავალი	42
და	მოიცავს	42
და	იგივე	42
ამ	პერიოდის	42
წლის	ფილმი	41
წლის	მაისში	41
წლის	ივნისში	41
წლების	მანძილზე	41
ძეგლების	სიაში	41
შტატის	ადმინისტრაციულ	41
ყველა	სხვა	41
ქართლის	მხარის	41
რომელიც	მდებარეობს	41
რომელიც	ასევე	41
რომ	საქართველოს	41
როლი	ითამაშა	41
რატომ	არ	41
ნაწილი	კი	41
მათ	არ	41
იმერეთის	მხარის	41
და	საკუთარი	41
და	როგორც	41
და	მედლებით	41
გრიგორიანული	კალენდრის	41
განსაკუთრებით	კი	41
ბერძნული	ენა	41
ახალი	ზელანდია	41
აქ	არის	41
ატლანტის	ოკეანის	41
ამ	დროისთვის	41
ავტონომიური	რესპუბლიკის	41
ხოლო	მისი	40
ხნის	წინ	40
წლის	ვადით	40
წელს	მისი	40
ჩრდილოეთ	ამერიკის	40
ყველაზე	უფრო	40
ქართველი	ხალხის	40
უნდა	აღინიშნოს	40
სახალხო	არტისტი	40
საშუალება	მისცა	40
საფუძველი	ჩაუყარა	40
საკუთარი	თავის	40
პროვინციას	ესაზღვრება	40
ომის	პერიოდში	40
ნაწილი	და	40
მსოფლიო	ომში	40
მორაგბეთა	ეროვნული	40
მიღებული	აქვს	40
მეორე	მხრივ	40
მეორე	კი	40
მაშინ	როცა	40
მაშინ	როდესაც	40
მარცხენა	ნაპირზე	40
მართლმადიდებელი	ეკლესიის	40
მაგრამ	ის	40
იმიტომ	რომ	40
თითქმის	მთლიანად	40
დიდი	წვლილი	40
და	ხშირად	40
და	სწორედ	40
და	კულტურის	40
და	ისე	40
და	ადგილობრივი	40
გახდა	და	40
არის	და	40
წლის	იანვარში	39
წლის	ბოლომდე	39
ცნობილია	თავისი	39
ჩრდილოეთ	ამერიკაში	39
ყველაზე	დიდ	39
ქართული	ხალხური	39
საჯარო	სკოლა	39
სახელობის	სახელმწიფო	39
საქართველოს	მართლმადიდებელი	39
სამედიცინო	მომსახურების	39
საბოლოო	ჯამში	39
პროვინციის	ფართობია	39
პირველი	და	39
მსოფლიო	საფეხბურთო	39
მნიშვნელოვანი	იყო	39
მათ	შორისაა	39
მაგრამ	მას	39
კი	ამ	39
ის	და	39
თეთრი	წყაროს	39
ზუგდიდის	მუნიციპალიტეტი	39
ეს	სიტყვა	39
და	წმინდა	39
აფხაზეთის	ავტონომიურ	39
არის	ცნობილი	39
არ	შეუძლია	39
წელს	გაიხსნა	38
ცენტრი	იყო	38
ჩრდილოეთ	და	38
შეადგენს	და	38
ქართული	ოცნების	38
ქალაქი	დაარსდა	38
უფრო	მეტიც	38
სახელი	გაითქვა	38
საფრანგეთის	რევოლუციის	38
სადაც	მას	38
რაც	არ	38
პინკ	ფლოიდის	38
მცხოვრებთა	საშუალო	38
მსოფლიო	ჩემპიონატზე	38
მისი	სიგრძე	38
მემკვიდრეობის	ძეგლების	38
მაგრამ	იგი	38
მ	აღწევს	38
ლაგოდეხის	მუნიციპალიტეტი	38
კარიბის	ზღვა	38
და	ძალიან	38
და	უთხრა	38
და	სამი	38
და	რომელიც	38
და	მდინარე	38
და	იყო	38
და	ვერ	38
და	ბოლო	38
გავრცელებული	არიან	38
ახლა	კი	38
აღწერის	შედეგად	38
არის	გრიგორიანული	38
არ	არიან	38
ამ	ორი	38
წლის	აპრილში	37
წლიდან	ოკუპირებულია	37
წელს	მას	37
ძალიან	დიდი	37
შტატის	ადმინისტრაციული	37
შემდეგ	ეს	37
ქართული	ენის	37
ფედერაციის	მიერ	37
სხვათა	შორის	37
პროვინციის	ადმინისტრაციული	37
ოკუპირებულია	რუსეთის	37
მოსახლეობის	მიხედვით	37
მონაცემებით	სოფელი	37
მისი	სხეულის	37
მისი	მთავარი	37
მიზანი	იყო	37
კი	იგი	37
კარიერა	დაიწყო	37
თავის	დროზე	37
ზვიად	გამსახურდიას	37
ეროვნული	პარკის	37
ერთი	სიტყვით	37
დრო	და	37
დეპარტამენტი	საფრანგეთის	37
დასახლებული	პუნქტი	37
და	სხვათა	37
და	მესამე	37
და	ლიტერატურის	37
და	დაიწყო	37
აქ	მდებარეობს	37
წელიწადში	ერთხელ	36
ჩრდილოეთი	ამერიკა	36
შეერთებულ	შტატებში	36
ყველაზე	გავრცელებული	36
ღია	ბოქლომი	36
ქედის	ჩრდილოეთ	36
საშუალო	სკოლა	36
სამხედრო	მოღვაწე	36
საერთო	სიგრძე	36
სადაც	მან	36
საბჭოთა	კავშირი	36
ს	შეადგენს	36
რომ	იმ	36
რადგან	ეს	36
მსოფლიოში	ყველაზე	36
მსახიობი	და	36
მმართველობის	პერიოდში	36
მისი	დედაქალაქია	36
მიიღო	მონაწილეობა	36
მთელს	მსოფლიოში	36
კულტურული	მემკვიდრეობის	36
კი	ვერ	36
ილია	ჭავჭავაძე	36
იესო	ქრისტე	36
თუ	რატომ	36
ეს	პროცესი	36
დაშლის	შემდეგ	36
დამსახურებული	მოღვაწე	36
ბოლომდე	დარჩენილია	36
აჭარის	ავტონომიური	36
არჩეულ	იქნა	36
ამ	ეტაპზე	36
წლის	გაზაფხულზე	35
წლების	დასაწყისში	35
წელს	გახდა	35
ჩრდილოეთ	კალთაზე	35
სოფელი	აფხაზეთის	35
სიცოცხლის	ბოლომდე	35
საღვთო	რომის	35
საქართველოს	რესპუბლიკის	35
რომელიც	თავის	35
რევოლუციის	შემდეგ	35
რაც	შეიძლება	35
ოლიმპიური	თამაშები	35
ოზურგეთის	მუნიციპალიტეტი	35
მუნიციპალიტეტი	კუბაში	35
მე	კი	35
მარნეულის	მუნიციპალიტეტი	35
კულტურისა	და	35
კვირის	განმავლობაში	35
კავკასიონის	მთავარ	35
თვის	განმავლობაში	35
და	უკან	35
და	რომის	35
და	როგორ	35
და	ვერც	35
ბოლოს	და	35
ბევრი	რამ	35
ასევე	არის	35
არიან	და	35
არ	იქნება	35
ამის	მიუხედავად	35
ამასთან	დაკავშირებით	35
ადგილობრივი	თვითმმართველობის	35
ხვდა	წილად	34
წლის	აგვისტოში	34
წელს	საქართველოს	34
წელს	მიიღო	34
ცოტა	ხანში	34
უმაღლესი	საბჭოს	34
ტერიტორიაზე	მდებარეობს	34
საფეხბურთო	კლუბ	34
სათავეში	ჩაუდგა	34
რუსეთის	იმპერიის	34
ორივე	მხარეს	34
მხოლოდ	ის	34
მოსახლეობის	რაოდენობა	34
მიიღო	და	34
მეორე	ნახევარში	34
მდებარეობს	ქალაქ	34
მართლმადიდებელი	ეკლესია	34
იყო	ის	34
თავისი	პირველი	34
ესპანური	ენა	34
ეს	ის	34
ეს	ამბავი	34
ეკლესიის	წმინდანი	34
დუშეთის	მუნიციპალიტეტი	34
და	კვლავ	34
და	ერთ	34
და	განსაკუთრებით	34
ახალი	სტილით	34
ასევე	ცნობილია	34
არის	იმ	34
არ	იყოს	34
ამერიკელი	მსახიობი	34
წვლილი	შეიტანა	33
წელს	დაარსდა	33
ყველაზე	წარმატებული	33
ფეოდალური	ხანის	33
უდიდესი	ქალაქი	33
სწორედ	ამიტომ	33
საჭირო	იყო	33
საქართველოში	გვხვდება	33
საქართველოს	დამოუკიდებლობის	33
სამი	წლის	33
საკათედრო	ტაძარი	33
რომ	არა	33
როგორც	ყველა	33
რკინიგზის	სადგური	33
რევოლუციის	დროს	33
პირველი	ქართული	33
მცირე	რაოდენობით	33
მრავალი	წლის	33
მოსახლეობის	რაოდენობის	33
მისი	სიმაღლე	33
მილიონზე	მეტი	33
კომუნისტური	პარტიის	33
კიდევ	არ	33
კათოლიკური	ეკლესია	33
ის	არ	33
ერთი	ნაწილი	33
ე	დღე	33
დიდი	ზომის	33
და	ქალაქის	33
და	რაც	33
და	მაინც	33
და	ზოგჯერ	33
და	ეკონომიკური	33
და	აგრეთვე	33
გავრცელებული	იყო	33
ბრინჯაოს	ხანის	33
ბორჯომის	მუნიციპალიტეტი	33
აქვს	უფლება	33
ამ	ორ	33
ამ	დროიდან	33
ადგილი	უჭირავს	33
ჭიათურის	მუნიციპალიტეტი	32
წლიდან	კი	32
ცნობილია	როგორც	32
ჩემი	აზრით	32
შუა	და	32
ქობულეთის	მუნიციპალიტეტი	32
ფართოდ	გამოიყენება	32
სრულიად	საქართველოს	32
საქართველოს	პრეზიდენტის	32
სამხრეთ	და	32
რაოდენობა	შეადგენს	32
რაიონის	სოფელ	32
პირველი	ადგილი	32
ნამდვილი	სახელი	32
ნალექების	რაოდენობა	32
მსოფლიო	ჩემპიონატის	32
მსოფლიო	მასშტაბით	32
კი	ის	32
კერძო	დაზღვევის	32
იტალიის	ეროვნული	32
ისე	რომ	32
იგი	უკვე	32
თითქმის	არ	32
თეატრის	სცენაზე	32
დროს	და	32
დეპარტამენტის	მოსახლეობა	32
დაასახელეთ	ეს	32
და	ქვეყნის	32
და	მაღალი	32
და	თან	32
და	თავად	32
ბრძოლის	დროს	32
ახმეტის	მუნიციპალიტეტი	32
აღმოსავლეთ	და	32
არც	კი	32
არც	ერთ	32
არის	დაკავშირებული	32
არ	ნიშნავს	32
არ	აქვთ	32
ამ	უკანასკნელმა	32
წლის	ბოლოს	31
წლის	აღწერით	31
წელს	შეიქმნა	31
წასვლის	შემდეგ	31
ცენტრალურ	და	31
უფლება	აქვს	31
სულ	რაღაც	31
სიმაღლე	ზღვის	31
სიდიდით	მეორე	31
საფრთხის	ქვეშ	31
საბჭოთა	კავშირში	31
როგორ	უნდა	31
პროვინციაში	ცხოვრობს	31
მუშაობა	დაიწყო	31
მონაცემებით	დეპარტამენტის	31
მოგვიანებით	კი	31
მიხეილ	სააკაშვილი	31
მისი	მმართველობის	31
მთავარი	წყალგამყოფი	31
მესტიის	მუნიციპალიტეტი	31
მას	აქვს	31
მარნეულის	მუნიციპალიტეტში	31
მან	თავისი	31
მაინც	ვერ	31
მაგრამ	მათ	31
კერძოდ	კი	31
კასპის	მუნიციპალიტეტი	31
იყო	ამ	31
იმ	დროის	31
ეს	სიმღერა	31
ერთი	შეხედვით	31
ევროვიზიის	სიმღერის	31
დროის	განმავლობაში	31
დიდი	პოპულარობით	31
დეპარტამენტში	მცხოვრებთა	31
და	საკმაოდ	31
და	რელიგიური	31
და	ნაწილობრივ	31
და	მასზე	31
და	ზემო	31
და	ამასთან	31
და	ალპური	31
გასული	საუკუნის	31
განსაკუთრებით	აღსანიშნავია	31
ახალი	სამხრეთი	31
ასევე	ცნობილი	31
არის	ძველი	31
არაბული	ენა	31
ამ	ტიპის	31
ადიგენის	მუნიციპალიტეტი	31
ჰქონდა	და	30
წლებში	მუშაობდა	30
წითელი	არმიის	30
ძველი	სტილით	30
შემადგენლობაში	შედის	30
შეიძლება	ჩაითვალოს	30
ქართველი	მსახიობი	30
სხვა	სახის	30
საქართველოს	ისტორიის	30
საფუძვლად	უდევს	30
რუსეთის	მიერ	30
რომ	სწორედ	30
რომ	აქ	30
ნაციონალური	მოძრაობა	30
მხოლოდ	იმ	30
მუნიციპალიტეტის	ტერიტორია	30
მომდევნო	წელს	30
მნიშვნელოვანი	ნაწილი	30
მისი	მშობლები	30
მეორეს	მხრივ	30
მე	და	30
მათთან	ერთად	30
იყვნენ	და	30
ილია	ჭავჭავაძის	30
ივანე	ჯავახიშვილის	30
თვითონ	კი	30
ვინ	არის	30
ეროვნული	ნაკრების	30
ერთიანი	ნაციონალური	30
დუშეთის	მუნიციპალიტეტში	30
დედაქალაქი	იყო	30
დარწმუნებული	ვარ	30
და	შავი	30
და	პატარა	30
და	მსოფლიოს	30
და	თითქმის	30
და	თვით	30
და	ახლა	30
და	ამგვარად	30
განათლებისა	და	30
ახლა	უკვე	30
ამის	გარდა	30
ამ	უკანასკნელის	30
ამ	ადგილას	30
ხშირ	შემთხვევაში	29
ხნის	შემდეგ	29
წელს	მიენიჭა	29
ცენტრი	და	29
ქართველი	ერის	29
ქალთა	შორის	29
უმეტესი	ნაწილი	29
სახელობის	ეკლესია	29
საქართველოს	ტერიტორიაზე	29
საბჭოთა	ხელისუფლების	29
როლს	ასრულებს	29
რესპუბლიკური	პარტია	29
პროვინციის	დედაქალაქია	29
პროვინციის	დედაქალაქი	29
პირველ	მსოფლიო	29
ნაციონალური	მოძრაობის	29
მწერალთა	კავშირის	29
მცირე	ხნით	29
მოსვლის	შემდეგ	29
მნიშვნელოვანი	როლი	29
მისი	დებიუტი	29
მის	ნაცვლად	29
მით	უმეტეს	29
მეტრ	სიმაღლეზე	29
მეორე	და	29
მან	ასევე	29
მაგრამ	შემდეგ	29
ლათინური	ამერიკის	29
კიდევ	ერთ	29
კი	მისი	29
კგ	აღწევს	29
იყო	ცნობილი	29
იესო	ქრისტეს	29
თუმცა	ის	29
თუ	ვინ	29
თავის	თავს	29
ზუგდიდის	მუნიციპალიტეტში	29
ეს	ქალაქი	29
ეს	სახელი	29
ევროპასა	და	29
დღით	ადრე	29
დაიწყო	მუშაობა	29
და	ცენტრალური	29
და	უკვე	29
და	უდიდესი	29
და	საბჭოთა	29
და	ორ	29
და	გვარი	29
და	ადამიანის	29
გაერთიანებული	სამეფოს	29
ასეთ	შემთხვევაში	29
არ	შეეძლო	29
ამ	დღეს	29
ამ	გზით	29
ამ	ბრძოლაში	29
ხოლო	მის	28
ხარაგაულის	მუნიციპალიტეტი	28
წლებში	სწავლობდა	28
წინააღმდეგ	შემთხვევაში	28
შუა	აზიაში	28
შორის	იყვნენ	28
შედარებით	მცირე	28
ყოფნის	დროს	28
ქართულ	ენაზე	28
უფრო	მეტ	28
უნივერსიტეტის	პროფესორი	28
უნდა	ითქვას	28
სხვა	თვეები	28
სწორედ	აქ	28
სახეობა	გავრცელებულია	28
სახელმწიფო	პრემია	28
საქმეთა	მინისტრი	28
საქართველოს	ხელოვნების	28
საგარეჯოს	მუნიციპალიტეტი	28
საათის	განმავლობაში	28
რომ	ერთი	28
როგორც	ცნობილია	28
რაც	მას	28
რაც	მათ	28
რადგან	იგი	28
მისი	მამა	28
მთელი	წლის	28
მეორე	ადგილზე	28
მდებარეობს	შტატის	28
მას	ეკუთვნის	28
მართლმადიდებელი	სამოციქულო	28
მან	მიიღო	28
ლონდონის	მეტროპოლიტენის	28
კილომეტრითაა	დაცილებული	28
კარიბის	ზღვის	28
ისტორიისა	და	28
ივანე	ჯავახიშვილი	28
თიანეთის	მუნიციპალიტეტი	28
თბილისის	სამხატვრო	28
თანამდებობა	ეკავა	28
თავი	და	28
ეს	ფაქტი	28
ეს	მხოლოდ	28
ერთსა	და	28
ეკლესია	და	28
დროს	კი	28
დროს	იგი	28
დიდი	წარმატება	28
და	საქართველოში	28
და	მიწისქვეშა	28
და	კარგად	28
და	ისიც	28
და	ზღვის	28
და	აქ	28
ბოლოს	კი	28
ბოლო	ტურში	28
ბალტიის	ზღვა	28
აღმოსავლეთ	ავსტრალიაში	28
არც	ისე	28
არის	ყველაზე	28
ანიმაციური	ფილმი	28
ალაზნის	ვაკეზე	28
ადგილი	ჰქონდა	28
ჯანმრთელობის	კერძო	27
ცხოვრობდა	და	27
ყველა	იმ	27
ქართველთა	შორის	27
უკვე	აღარ	27
სწორედ	იმ	27
სტატუსი	მიენიჭა	27
სოფელში	დგას	27
სახალხო	დამცველის	27
საქმეთა	სამინისტროს	27
საქართველოს	და	27
საფუძვლად	დაედო	27
საუკუნეების	განმავლობაში	27
სამონასტრო	კომპლექსი	27
რომელიც	მის	27
რომ	მე	27
რომ	ასეთი	27
როდესაც	იგი	27
რამდენიმე	დღის	27
პოლიტიკური	პარტია	27
პირველ	ნახევარში	27
პედაგოგიურ	მოღვაწეობას	27
ორდენითა	და	27
ოკეანის	სანაპიროზე	27
მხოლოდ	ერთ	27
მხოლოდ	და	27
მხარის	მარნეულის	27
მწერალი	და	27
მოსახლეობის	სიმჭიდროვე	27
მისი	ყველაზე	27
მისი	მეუღლე	27
მთელი	თავისი	27
მთელ	მსოფლიოში	27
მეცნიერებათა	აკადემია	27
მერე	კი	27
მეორე	ადგილი	27
მდებარეობს	იმერეთის	27
მდე	სახეობაა	27
მას	მხოლოდ	27
მაგრამ	თუ	27
მაგრამ	ვერ	27
ლეგენდის	თანახმად	27
კავკასიონის	სამხრეთ	27
იყო	როგორც	27
იყო	იმ	27
იგი	და	27
ეროვნული	სასწავლო	27
ერთვის	მდინარე	27
ეკონომიკური	და	27
დიდ	ბრიტანეთში	27
დედაქალაქი	და	27
დასავლეთ	და	27
დაბრუნდა	და	27
და	ყოველ	27
და	საფრანგეთის	27
და	პოლიტიკურ	27
და	მსოფლიო	27
და	მეცნიერების	27
და	დღემდე	27
და	დასავლეთით	27
და	გახდა	27
აღწერის	მიხედვით	27
აღმოსავლეთ	საქართველოს	27
არ	ჰქონია	27
არ	ჰქონდათ	27
არ	სურდა	27
ამ	მიზნით	27
ამ	დროის	27
აკაკი	წერეთელი	27
აზიისა	და	27
ავტორი	და	27
ადგილი	აქვს	27
ხოლო	ყველაზე	26
ხელს	უწყობდა	26
ხელოვნებისა	და	26
ხელი	მოაწერა	26
წლის	წინათ	26
წლის	საუკეთესო	26
წლების	ბოლოს	26
ცაგერის	მუნიციპალიტეტი	26
შემდეგ	მას	26
შემდეგ	და	26
შეიარაღებული	ძალების	26
ყოველივე	ეს	26
ყველაზე	გრძელი	26
ყველა	სიმღერის	26
ქედის	აღმოსავლეთ	26
ფორმა	აქვს	26
უმაღლეს	ლიგაში	26
სხვა	ქვეყნებში	26
სოხუმის	მუნიციპალიტეტი	26
სკოლის	დამთავრების	26
სახელს	ატარებს	26
სახელმწიფო	სიმბოლო	26
სახელმწიფო	სამედიცინო	26
საჩხერის	მუნიციპალიტეტი	26
საქართველოს	სხვადასხვა	26
საუკუნის	დასაწყისში	26
სანაპირო	ზოლში	26
სამეფო	კარზე	26
რომ	ჩემი	26
როლს	თამაშობს	26
რაც	მთავარია	26
რამდენიმე	დღეში	26
პირველი	გოლი	26
ოფიციალური	ენა	26
ოთხი	წლის	26
ნაწილი	იყო	26
მმართველობის	დროს	26
მდებარეობს	და	26
მას	შეუძლია	26
მას	ესაზღვრება	26
მაგრამ	მე	26
ლიტერატურის	დარგში	26
ლენინის	ორდენით	26
კიდევ	რამდენიმე	26
კი	მხოლოდ	26
კი	მას	26
კასპიის	ზღვა	26
იმავე	დღეს	26
თავს	და	26
ზემო	სვანეთის	26
ეს	საკითხი	26
ერთერთი	ყველაზე	26
დიდი	ხნით	26
დააპატიმრეს	და	26
და	სამხრეთით	26
და	სამხრეთი	26
და	საერთო	26
და	რუსული	26
და	ზოგიერთი	26
გიორგის	ეკლესია	26
გაცილებით	უფრო	26
გამო	და	26
გაერთიანებული	ერების	26
ბრინჯაოს	ხანა	26
ბოლო	პერიოდში	26
ახალ	ზელანდიაში	26
აღმოსავლეთ	კალთაზე	26
აღარ	არის	26
არ	მაქვს	26
არ	იცოდა	26
არ	იყვნენ	26
არ	აღემატება	26
ან	მისი	26
აზიასა	და	26
ხდება	და	25
ძალიან	კარგი	25
ცნობილი	ქართველი	25
ცაგერის	მუნიციპალიტეტში	25
შორის	და	25
შორის	აღსანიშნავია	25
შემდეგ	მისი	25
ქვემო	ქართლში	25
ფარგლებს	გარეთ	25
ტურის	შემდეგ	25
სხეულის	სიგრძეა	25
სულ	მცირე	25
სახელმწიფო	საზღვარი	25
საქართველოს	მთავრობის	25
საქართველოს	ეკლესიის	25
სამამულო	ომის	25
სადაც	მისი	25
რუსულ	ენაზე	25
რომ	საქართველოში	25
რომ	ვთქვათ	25
როგორც	სხვა	25
როგორც	მისი	25
პროვინცია	იტალიაში	25
პოპულარობით	სარგებლობს	25
პირველი	იყო	25
ოჯახში	დაიბადა	25
ოდიშის	დაბლობზე	25
მხოლოდ	ორი	25
მხოლოდ	მისი	25
მხარის	ზუგდიდის	25
მცირე	ნაწილი	25
მშენებლობა	დაიწყო	25
მსოფლიოს	მასშტაბით	25
მონაცემებით	მისი	25
მის	წინააღმდეგ	25
მიზეზის	გამო	25
მდინარე	მტკვარი	25
მდინარე	ენგურის	25
მაგრამ	მათი	25
მაგრამ	არა	25
ლანჩხუთის	მუნიციპალიტეტი	25
კი	ეს	25
იყო	რომ	25
იყო	დაკავშირებული	25
იგი	თავის	25
თუმცა	მას	25
ზოგიერთი	მათგანი	25
ზესტაფონის	მუნიციპალიტეტი	25
ვერ	მოახერხა	25
ვარ	და	25
ეს	მოხდა	25
ეს	იქნება	25
ერთი	კვირის	25
ერთი	ან	25
დღე	არის	25
დიდ	როლს	25
დემოკრატიული	პარტია	25
დავით	აღმაშენებელი	25
და	წყლის	25
და	მალე	25
და	თბილისის	25
და	თანამედროვე	25
და	დღეს	25
და	არის	25
გომბორის	ქედის	25
გიორგის	სახელობის	25
გამარჯვების	შემდეგ	25
გავლენის	ქვეშ	25
გადმოცემის	თანახმად	25
ბევრად	უფრო	25
ახმეტის	მუნიციპალიტეტში	25
აუცილებლად	უნდა	25
არის	საჯარო	25
არა	აქვთ	25
არ	წარმოადგენს	25
ამერიკის	შეერთებულ	25
ათასი	კაცი	25
წლის	დასაწყისში	24
წითელი	არმია	24
წელს	გარდაიცვალა	24
წარმოდგენილი	იყო	24
წარმატებას	მიაღწია	24
ძველი	და	24
ცნობილი	და	24
ჩრდილოეთით	ესაზღვრება	24
ჩვენ	არ	24
შტატის	დედაქალაქი	24
ქედის	დასავლეთ	24
ქართული	და	24
ქალაქი	იყო	24
ფართოდაა	გავრცელებული	24
უფრო	სწორად	24
უფლება	არ	24
სხვა	მრავალი	24
სწავლობდა	თბილისის	24
სტუდიური	ალბომი	24
სახელმწიფოს	მიერ	24
საშუალებას	აძლევს	24
საქართველოში	და	24
საქართველოს	მწერალთა	24
საფრანგეთის	ეროვნული	24
სამხრეთით	და	24
საავტომობილო	გზაზე	24
რომელიც	შემდეგ	24
რომელიც	შედგება	24
როლს	ასრულებდა	24
რამდენიმე	თვის	24
რა	ხდება	24
პოპულარული	იყო	24
ომის	შემდგომ	24
ნიუ	იორკში	24
ნაკიან	წელში	24
მოიგო	და	24
მნიშვნელოვანი	ადგილი	24
მნიშვნელოვან	როლს	24
მისივე	თქმით	24
მისი	ფართობია	24
მისი	სიკვდილის	24
მისი	და	24
მეცნიერებისა	და	24
მეოცე	საუკუნის	24
მემკვიდრეობის	ძეგლთა	24
მდებარეობს	ალაზნის	24
მატჩი	ჩაატარა	24
მას	ხშირად	24
კილომეტრის	დაშორებით	24
კარიბის	ზღვაში	24
იმას	ნიშნავს	24
იგი	მხოლოდ	24
იანი	წლები	24
თერჯოლის	მუნიციპალიტეტი	24
თელავის	მუნიციპალიტეტი	24
თამარ	მეფის	24
ზაფხულის	ოლიმპიური	24
ვინ	იცის	24
ვანის	მუნიციპალიტეტი	24
ეს	ალბომი	24
ეროვნული	მუზეუმის	24
ერთის	მხრივ	24
ერთი	მხრივ	24
ერთი	თვის	24
ერთ	დღეს	24
დატოვა	და	24
დარბაზული	ეკლესია	24
დაკავშირებული	იყო	24
და	ხელოვნების	24
და	ძლიერი	24
და	ჩემი	24
და	შემდგომ	24
და	საშუალო	24
და	საზოგადოებრივი	24
და	მუსიკალური	24
და	მთლიანად	24
და	თავი	24
და	ვერცხლის	24
და	ევროპის	24
და	გერმანიის	24
და	აფხაზეთის	24
და	ამჟამად	24
ბერად	აღიკვეცა	24
ასლის	ოდენობით	24
ასევე	იყო	24
არქეოლოგიური	ძეგლი	24
არსებობს	და	24
ხოლო	თუ	23
ხნით	ადრე	23
წლიური	ხარჯი	23
წლის	ევროპის	23
წინააღმდეგობის	მოძრაობის	23
წევრი	იყო	23
ჩრდილოეთიდან	ესაზღვრება	23
შემდგომ	კი	23
შედეგად	პროვინციის	23
ყველაზე	ხშირად	23
ქართული	ენისა	23
ქალაქი	სამხრეთ	23
ქალაქი	ავსტრალიაში	23
ფართოდ	არის	23
უმაღლესი	მწვერვალი	23
უარის	თქმა	23
სულ	სხვა	23
სუბალპური	და	23
სიმღერების	ავტორი	23
სიკვდილით	დასაჯეს	23
საქართველოს	საპატრიარქოს	23
საუკუნის	განმავლობაში	23
საპატიო	ნიშნის	23
სამხრეთით	მდებარე	23
სამხატვრო	აკადემია	23
სამოციქულო	ეკლესიის	23
საერთაშორისო	აეროპორტი	23
როცა	ეს	23
რომელიც	ძირითადად	23
რომელიც	მან	23
რომ	ჩვენ	23
რაოდენობის	მიხედვით	23
რაგბის	მსოფლიო	23
პირველი	ორი	23
პერიოდის	განმავლობაში	23
პარტიის	წევრი	23
ორი	შვილი	23
ნამდვილად	არ	23
მხარის	ცაგერის	23
მუნიციპალიტეტის	სოფელ	23
მტკვრის	მარჯვენა	23
მომღერალი	და	23
მიხეილ	სააკაშვილის	23
მიღების	შემდეგ	23
მისი	ოჯახის	23
მიზეზების	გამო	23
მთელი	მსოფლიოს	23
მე	ვარ	23
მარველის	კომიქსები	23
კულტურული	და	23
კიდევ	ორი	23
კი	უფრო	23
კვინსლენდის	შტატში	23
იყოფა	ორ	23
იყო	მხოლოდ	23
იყო	გავრცელებული	23
ისინი	არ	23
თუ	თქვენ	23
ზომიერად	ნოტიო	23
ზოგჯერ	კი	23
ზემო	დინებაში	23
ვერ	მოხერხდა	23
ესე	იგი	23
ეს	ტერმინი	23
ეს	პერიოდი	23
ერთიანი	ეროვნული	23
ევროპისა	და	23
დროს	ის	23
დიდი	პოპულარობა	23
დიდ	გავლენას	23
დედამიწის	ქერქის	23
დასავლეთ	ევროპის	23
დარჩა	და	23
დავით	აღმაშენებლის	23
და	წყნარი	23
და	ცენტრალურ	23
და	ჩვენ	23
და	ყოფილი	23
და	ქვედა	23
და	სულ	23
და	საკუთარ	23
და	როდესაც	23
და	მძიმე	23
და	მეტი	23
და	იქვე	23
და	და	23
და	ბევრი	23
და	ამავდროულად	23
გენერალური	მდივანი	23
გამოსვლის	შემდეგ	23
ბრძოლის	შემდეგ	23
ბეჭდების	მბრძანებელი	23
ასე	მაგალითად	23
არის	ის	23
ანტიკური	ხანის	23
ჯანმრთელობის	დაზღვევის	22
წითელი	ზღვა	22
ძველი	ეგვიპტე	22
ჩრდილოეთ	კავკასიაში	22
ჩოხატაურის	მუნიციპალიტეტში	22
ჩანჩქერი	აღმოსავლეთ	22
შორის	არსებული	22
შესაძლებელი	გახდა	22
ყოველ	შემთხვევაში	22
ყველა	ეს	22
ქართლის	მხარეში	22
ქალაქის	სტატუსი	22
ქალაქებს	შორის	22
ფართობის	მიხედვით	22
ფართო	და	22
სწორედ	მისი	22
სსრ	კავშირის	22
სოფელი	ჩოხატაურის	22
სოფელი	ლაგოდეხის	22
სიახლოვეს	მდებარეობს	22
სიაში	შეიტანა	22
სანამ	არ	22
სამხრეთ	ავსტრალიაში	22
საერთო	ფართობია	22
საბჭოს	თავმჯდომარე	22
რომელიც	უფრო	22
რომელიც	მოიცავს	22
რომელიც	არის	22
რომელიც	ამჟამად	22
რომ	ვერ	22
რომ	ახალი	22
რაც	ამ	22
პრემიერა	შედგა	22
ოქროს	გლობუსი	22
ოსმალეთის	იმპერია	22
ოზურგეთის	მუნიციპალიტეტში	22
მხოლოდ	მაშინ	22
მუნიციპალიტეტის	ფართობია	22
მსოფლიოს	ყველაზე	22
მსოფლიო	ჩემპიონი	22
მიღებულ	იქნა	22
მისი	გარდაცვალების	22
მის	ტერიტორიაზე	22
მის	დროს	22
მინისტრთა	საბჭოს	22
მიერ	და	22
მთავრობის	მიერ	22
მთავარი	გმირი	22
მეორე	ნაწილი	22
მდე	სახეობას	22
მათი	რაოდენობა	22
მაგრამ	როგორც	22
ლეონარდო	და	22
ლანჩხუთის	მუნიციპალიტეტში	22
ლათინური	ამერიკა	22
ლაგოდეხის	მუნიციპალიტეტში	22
კარგად	განვითარებული	22
კარგად	არის	22
იყო	დაკავებული	22
ისტორიაში	ყველაზე	22
ის	რომ	22
ის	მაინც	22
იმერეთი	მც	22
ივანეს	ძე	22
იგი	მოიცავს	22
იგი	კვლავ	22
თეატრისა	და	22
თან	ახლავს	22
ვერ	შეძლეს	22
დოქტორის	ხარისხი	22
დიდი	მადლობა	22
დიდი	იყო	22
დასახლებული	იყო	22
დასავლეთ	კალთაზე	22
და	წითელი	22
და	ცხოვრების	22
და	მიიღო	22
და	იმის	22
და	დასავლეთის	22
და	აი	22
გარდაიცვალა	და	22
ახლო	აღმოსავლეთის	22
ახალქალაქის	მუნიციპალიტეტი	22
აშშ	დოლარი	22
აღარ	იყო	22
აქვს	მიღებული	22
არასოდეს	არ	22
არ	მიუღია	22
ამ	რეგიონში	22
აიღო	და	22
ათასზე	მეტი	22
ავტორები	არიან	22
ადამიანს	შეადგენდა	22
ჰარი	პოტერი	21
ჯანმრთელობის	სოციალური	21
ხშირად	გამოიყენება	21
ხოლო	დანარჩენი	21
ხაზს	უსვამს	21
წლის	შემოდგომაზე	21
წლებში	და	21
წინააღმდეგ	და	21
წინააღმდეგ	ბრძოლაში	21
ძველ	ქართულ	21
ძეგლთა	სიაში	21
ცხოვრება	და	21
ცენტრალური	ამერიკის	21
ყველაზე	ძველი	21
ყველაზე	ცივი	21
ყველაზე	ახალგაზრდა	21
ქართველი	პოეტი	21
ქართველი	მწერალი	21
უნდა	მოხდეს	21
სიკვდილის	წინ	21
სახელმწიფო	ნაკრძალი	21
საქართველოს	ხელისუფლების	21
საქართველოს	საგარეო	21
სამხრეთ	აფრიკაში	21
საკანონმდებლო	ორგანოს	21
სათავეში	ედგა	21
რუსთაველის	გამზირზე	21
რომლის	თანახმადაც	21
რომელიც	წარმოადგენს	21
რომ	ყველაფერი	21
რას	ნიშნავს	21
პროვინცია	იყოფა	21
პოლიტიკურ	და	21
პოლიტიკოსი	და	21
პირველი	პრეზიდენტი	21
პირველად	გამოჩნდა	21
ოჩამჩირის	მუნიციპალიტეტი	21
ოქროსა	და	21
მხოლოდ	რამდენიმე	21
მხარს	უჭერდა	21
მუნიციპალიტეტის	სახელმწიფო	21
მისი	ხელმძღვანელობით	21
მის	სახელს	21
მის	მიმართ	21
მის	გარშემო	21
მთავარი	როლი	21
მას	ჰქონდა	21
მარტვილის	მუნიციპალიტეტი	21
მან	დაიწყო	21
მათი	უმრავლესობა	21
კომპოზიტორი	და	21
კი	მათ	21
კვირის	შემდეგ	21
კახეთი	მც	21
კასპის	მუნიციპალიტეტში	21
იმისათვის	რომ	21
იგი	გახდა	21
თუმცა	მათ	21
თუ	რას	21
თითქმის	მთელ	21
თბილისის	სასულიერო	21
ზომიერ	სარტყელში	21
ზოგი	სახეობა	21
ერთი	ყველაზე	21
ენა	და	21
ევროპის	საფეხბურთო	21
დროშის	ორდენი	21
დიდხანს	არ	21
დევიდ	გილმორი	21
დებიუტი	შედგა	21
დასავლეთიდან	ესაზღვრება	21
დასავლეთ	ევროპაში	21
დაიწყო	მისი	21
დაიბადა	ქალაქ	21
და	ხანგრძლივი	21
და	შეიძლება	21
და	სუბტროპიკულ	21
და	როცა	21
და	მოგვიანებით	21
და	ე	21
და	ამიტომაც	21
და	ამას	21
გარდა	იმისა	21
გამოცემული	აქვს	21
გამოცდების	ეროვნული	21
გათხრების	შედეგად	21
ახალციხის	მუნიციპალიტეტი	21
ახალი	ზელანდიის	21
არქეოლოგიური	გათხრების	21
არის	საქართველოს	21
ამის	მიზეზი	21
ამას	მოჰყვა	21
ამ	ქვეყნის	21
ამ	ქალაქში	21
ამ	მიმართულებით	21
აკადემიის	აკადემიკოსი	21
ათასი	წლის	21
ადგილი	არ	21
ხოლო	ჩანჩქერიდან	20
ხოლო	ფართობი	20
ხობის	მუნიციპალიტეტი	20
ხელისუფლების	მიერ	20
ხელი	არ	20
წყაროს	მუნიციპალიტეტი	20
წლის	ასაკიდან	20
წინ	და	20
წელს	შევიდა	20
წელს	იუნესკომ	20
წელს	აირჩიეს	20
ძირითადი	ნაწილი	20
ძველი	ბერძნული	20
ცენტრალური	კომიტეტის	20
შვილი	იყო	20
შემდეგ	საქართველოს	20
შემდეგ	კვლავ	20
შედეგი	იყო	20
ყველაზე	ცხელი	20
ყველაზე	უკეთ	20
ყველაზე	პატარა	20
ყველაზე	მნიშვნელოვან	20
ღვთისმშობლის	ხატი	20
ქობულეთის	მუნიციპალიტეტში	20
ქართლი	მც	20
ქალაქის	ცენტრში	20
უნდა	გამხდარიყო	20
ტროპიკებსა	და	20
სულ	ცოტა	20
სულ	რამდენიმე	20
სტატუსი	მიიღო	20
სვანეთის	კავკასიონის	20
სეზონის	ბოლოს	20
საქმეთა	მინისტრის	20
საქართველოს	სამხედრო	20
საქართველოს	თავდაცვის	20
საქართველო	და	20
სამხრეთ	ამერიკა	20
საკითხთან	დაკავშირებით	20
საზოგადო	მოღვაწეთა	20
საერთო	რაოდენობა	20
სადაც	ისინი	20
სა	და	20
რომლებიც	შეიქმნა	20
რომელიც	შეიცავს	20
რომელიც	მხოლოდ	20
რომელიც	იმ	20
რომ	მხოლოდ	20
რომ	მთელი	20
რომ	იქ	20
როდესაც	ის	20
როგორც	იქნა	20
რაოდენობის	მხრივ	20
რამდენიმე	წელი	20
რამდენიმე	ასეული	20
პრეზიდენტი	და	20
პოპულარობით	სარგებლობდა	20
ორი	წელი	20
ოლიმპიურ	თამაშებზე	20
ნაწილში	და	20
მხოლოდ	იმიტომ	20
მხოლოდ	ამ	20
მყინვარის	ენა	20
მრავალწლოვანი	მცენარეები	20
მრავალი	სხვა	20
მრავალ	ქვეყანაში	20
მოსახლეობა	შეადგენდა	20
მოკლე	და	20
მნიშვნელოვანი	წვლილი	20
მმ	წელიწადში	20
მისი	ძირითადი	20
მისი	შვილი	20
მისი	დიდი	20
მილიონი	წლის	20
მილიონი	დოლარი	20
მესტიის	მუნიციპალიტეტში	20
მდებარეობს	მესხეთის	20
მაღალი	ხარისხის	20
მაღალი	და	20
მას	მერე	20
მას	ასევე	20
კარიერის	განმავლობაში	20
იყო	თბილისის	20
იქ	სადაც	20
იუნესკომ	მსოფლიო	20
ინდოეთის	ოკეანე	20
იმის	მიუხედავად	20
იმის	თაობაზე	20
იგი	მდებარეობს	20
თუ	სხვა	20
თუ	რამდენად	20
თასის	ფინალში	20
თან	ახლდა	20
ეროვნულ	პარკში	20
დრამატული	თეატრი	20
დიდი	მთავარი	20
დედამიწის	ქერქში	20
დაცვა	და	20
დაშნაკცუთიუნის	პარტიის	20
დასახლებული	პუნქტია	20
დასავლეთი	ავსტრალია	20
და	ჩვენი	20
და	საუკეთესო	20
და	რატომ	20
და	მსახიობი	20
და	მთელ	20
და	მათთან	20
და	კავკასიის	20
და	თეთრი	20
და	ერთადერთი	20
გუნდებს	შორის	20
განსაკუთრებული	ადგილი	20
გამოიყენება	როგორც	20
გაიზარდა	და	20
ბრძოლის	ველზე	20
ბიზანტიის	იმპერია	20
ახალი	წლის	20
ახალი	გვინეა	20
აღმოსავლეთ	ევროპის	20
აფრიკის	რესპუბლიკა	20
აფრიკასა	და	20
ასეთი	იყო	20
ასევე	მისი	20
ასე	არ	20
არის	მისი	20
არ	ჩანს	20
არ	შეეძლოთ	20
არ	მომხდარა	20
არ	ვარ	20
არ	გააჩნიათ	20
ამ	უკანასკნელს	20
ამ	საქმეში	20
აკადემიის	წევრი	20
ხუთი	წლის	19
ხნის	მანძილზე	19
წყალდიდობა	იცის	19
წყალგამყოფი	ქედი	19
წმინდა	ნინოს	19
წლებში	იგი	19
წინააღმდეგ	ბრძოლა	19
წელს	ეს	19
წელს	აქ	19
წელი	და	19
წელი	გაატარა	19
წევრი	და	19
წარმატება	ხვდა	19
ძველი	სახელწოდება	19
ძალიან	ცოტა	19
ძალიან	ბევრი	19
ცის	ქვეშ	19
ცენტრალური	და	19
ჩრდილოეთ	ნახევარსფეროში	19
ჩინური	ენა	19
შეუძლებელი	იყო	19
შემთხვევაში	კი	19
შეიქმნა	საფრანგეთის	19
შეიპყრეს	და	19
შაქრის	ლერწამი	19
ყველაზე	დაბალი	19
ყველაზე	განთქმული	19
ღია	ცის	19
ქიმიური	ელემენტი	19
ფეხბურთის	მსოფლიო	19
უმაღლესი	მწვერვალია	19
უმაღლესი	ლიგა	19
ტერიტორიული	ორგანოს	19
სწორედ	ის	19
სოფელი	ოზურგეთის	19
სახელმწიფოსა	და	19
სახელითაა	ცნობილი	19
საშუალება	არ	19
სასარგებლო	წიაღისეულის	19
სამხატვრო	აკადემიაში	19
სამოქალაქო	ომში	19
სამეფო	კარის	19
სამედიცინო	დახმარების	19
სამეგრელო	მც	19
საერთაშორისო	სამართლის	19
სადაც	მათ	19
რომის	კათოლიკური	19
რომელიც	თავისი	19
როდესაც	ეს	19
რაც	მის	19
რაც	იმას	19
რამდენიმე	ათეული	19
რადგან	მისი	19
რადგან	ამ	19
პაუზის	შემდეგ	19
ომის	შედეგად	19
ნაკრები	გუნდი	19
მუსიკისა	და	19
მისი	ნამუშევრები	19
მიერ	იყო	19
მთავარ	როლს	19
მდინარე	ალაზანი	19
მდებარეობს	კუნძულ	19
კარგად	ჩანს	19
კათოლიკური	ეკლესიის	19
კათედრის	გამგე	19
იყო	მათი	19
იულიუს	კეისარი	19
ისევ	და	19
ის	უფრო	19
ის	გახდა	19
ინგლისური	და	19
იმერეთის	დაბლობზე	19
იმ	პირობით	19
იგი	უფრო	19
თუ	მას	19
თუ	ამ	19
თიანეთის	მუნიციპალიტეტში	19
თავის	თავზე	19
თავიდან	ასაცილებლად	19
ვაჟთა	და	19
ენგურის	მარჯვენა	19
ეკონომიკური	განვითარების	19
დღის	წინ	19
დღეს	კი	19
დროს	არ	19
დიდ	ნაწილს	19
დასავლეთით	ესაზღვრება	19
დამოუკიდებელი	სახელმწიფო	19
და	ცხოველთა	19
და	ჩრდილოეთი	19
და	ჩილეს	19
და	ჩემს	19
და	შედარებით	19
და	ქვიშაქვებით	19
და	სახალხო	19
და	პირიქით	19
და	მხატვრული	19
და	მთავარი	19
და	კულტურულ	19
და	კომპოზიტორი	19
და	კინოს	19
და	ზოგადად	19
და	დიდ	19
გამარჯვებით	დასრულდა	19
ბორჯომის	მუნიციპალიტეტში	19
ბიძინა	ივანიშვილი	19
ბევრი	სხვა	19
ახლოს	დგას	19
აღმოსავლეთით	და	19
არჩეული	იყო	19
არის	წარმოდგენილი	19
არაფერი	არ	19
არ	მინდა	19
ან	უბრალოდ	19
ან	რამდენიმე	19
ამის	შედეგად	19
ამერიკასა	და	19
ამ	ქალაქის	19
აკაკი	წერეთლის	19
ათი	წლის	19
ავტორი	ნინო	19
ადიგენის	მუნიციპალიტეტში	19
ადგილზე	გავიდა	19
ადამიანისა	და	19
ადამიანი	იყო	19
აბაშის	მუნიციპალიტეტი	19
ჯგუფის	წევრები	18
ხოლო	მოგვიანებით	18
ხელი	მოაწერეს	18
წუთის	განმავლობაში	18
წლის	აგვისტოს	18
წელს	ქალაქ	18
წელს	მოხდა	18
წევრი	გახდა	18
წარმატებული	გამოდგა	18
ძლიერი	იყო	18
ცნობილია	მისი	18
ცენტრალური	ამერიკა	18
შუა	საუკუნეები	18
შორის	მდებარეობს	18
შვედური	ენა	18
შეუწყო	ხელი	18
შემოსილია	სუბალპური	18
ყოფილი	საბჭოთა	18
ყოველ	ადამიანს	18
ყველაზე	მაღალ	18
ღრმა	და	18
ქართული	საბჭოთა	18
ქართული	კულტურის	18
ქართველი	და	18
ქალაქი	ჩრდილოეთ	18
ქალაქი	კენიაში	18
უფრო	მაღალი	18
უფრო	ზუსტად	18
უფრო	ადრე	18
უოლტ	დისნეის	18
უმცროსი	ძმა	18
უმეტეს	შემთხვევაში	18
უკანასკნელ	წლებში	18
ტროპიკულ	და	18
სპარსული	ენა	18
სოფლის	ტერიტორიაზე	18
სოფელი	ახმეტის	18
სიმღერის	კონკურსი	18
სიკვდილით	დასჯა	18
სახელმწიფო	უნივერსიტეტში	18
საშუალო	სიმაღლე	18
საქართველოს	ხელისუფლება	18
საქართველოს	პირველი	18
საფუძველი	ჩაეყარა	18
სანაპიროს	გასწვრივ	18
სამხატვრო	აკადემიის	18
სამი	შვილი	18
სამეგრელოს	და	18
სამ	ნაწილად	18
საკუთარი	თავი	18
საკათედრო	ტაძარში	18
საგარეჯოს	მუნიციპალიტეტში	18
საბჭოთა	პერიოდში	18
რუსეთსა	და	18
როცა	ის	18
რომლის	მიხედვით	18
რომელსაც	აქვს	18
რომელიც	დღემდე	18
როგორ	შეიძლება	18
რამდენიმე	მნიშვნელოვანი	18
რამდენიმე	დღე	18
რადიო	თავისუფლების	18
პრეზიდენტის	თანამდებობა	18
პრეზიდენტი	გახდა	18
პოპულარობა	მოიპოვა	18
პირდაპირ	ეთერში	18
პატარა	ქალაქ	18
ოჯახის	წევრები	18
ოჩამჩირის	მუნიციპალიტეტში	18
ოსმალეთის	იმპერიის	18
ორივე	მხრიდან	18
მხარის	ადიგენის	18
მჭიდროდ	დასახლებული	18
მცირე	აზიის	18
მცირე	აზიაში	18
მუნიციპალიტეტის	მოსახლეობა	18
მტკვრის	მარცხენა	18
მსოფლიო	კულტურული	18
მოკლე	ხანში	18
მნიშვნელობა	არ	18
მისი	ძმა	18
მისი	ოჯახი	18
მილიონი	ასლის	18
მიერ	საქართველოს	18
მიერ	იქნა	18
მთელი	ცხოვრების	18
მეტი	ადამიანი	18
მდინარე	სუფსა	18
მასვე	ეკუთვნის	18
მას	უკვე	18
მარჯვენა	ნაპირას	18
მანამდე	კი	18
მან	გადაწყვიტა	18
მათი	რიცხვი	18
მათ	შესახებ	18
ლიტერატურული	პრემია	18
ლინგვისტუსის	ბლოგი	18
კონგოს	დემოკრატიული	18
კავშირის	დაშლის	18
იყო	თუ	18
ის	უკვე	18
იანვარი	არის	18
თენგიზ	ვერულავა	18
თელავის	მუნიციპალიტეტში	18
თეატრალური	ინსტიტუტის	18
თავდაპირველად	იგი	18
ზოგ	შემთხვევაში	18
ექვთიმე	თაყაიშვილი	18
ესა	თუ	18
ეროვნული	ცენტრი	18
ეროვნულ	ნაკრებში	18
ერთი	წელი	18
ერთი	რამ	18
ერთი	მათგანი	18
ერთად	და	18
ე	და	18
დიდი	ხანი	18
დიდი	რაოდენობა	18
დიდი	ადგილი	18
დიდ	ყურადღებას	18
დელ	პიერო	18
დაჯილდოებულია	ლენინის	18
დამოუკიდებლობის	გამოცხადების	18
და	ცხინვალის	18
და	ქმნის	18
და	უძველესი	18
და	სამეცნიერო	18
და	სამეფო	18
და	რომლებიც	18
და	პროდიუსერი	18
და	ოქროს	18
და	ორივე	18
და	მდებარეობს	18
და	ისეთი	18
და	ინგლისური	18
და	დრო	18
და	დასავლეთი	18
და	ახალ	18
გოლის	გატანა	18
გასვლის	შემდეგ	18
განათლება	და	18
გავრცელებულია	ჩრდილოეთ	18
გადავიდა	და	18
ბმული	ავტორი	18
ბალტიის	ზღვის	18
ახალი	ამბები	18
აღმოჩნდა	და	18
აღმოსავლეთიდან	ესაზღვრება	18
აფრიკის	რესპუბლიკის	18
ასევე	დიდი	18
არავინ	არ	18
არ	ხდება	18
არ	იქნებოდა	18
არ	იქნა	18
არ	გვხვდება	18
ან	მუნიციპალიტეტად	18
ამ	ყველაფრის	18
ამ	პროცესს	18
ამ	პერიოდიდან	18
ადგილს	იკავებს	18
ადამიანს	აქვს	18
ხოლო	ამ	17
ხობის	მუნიციპალიტეტში	17
წყნარ	ოკეანეში	17
წყალტუბოს	მუნიციპალიტეტი	17
წმინდა	პეტრეს	17
წლიდან	დაიწყო	17
წლებში	კი	17
წლების	შემდეგ	17
წითელი	და	17
წელს	რუსეთის	17
წელს	თბილისში	17
წელს	დასრულდა	17
წელს	დაიბადა	17
წელს	დაბრუნდა	17
წელს	გამოიცა	17
ცხრილში	მოცემულია	17
ცხოვრების	განმავლობაში	17
ჩრდილოეთით	და	17
ჩინეთის	სახალხო	17
ჩემპიონი	გახდა	17
ჩემპიონთა	ლიგაზე	17
შუა	აზიის	17
შორის	არის	17
შთაბეჭდილება	მოახდინა	17
შვილი	და	17
შეტანილია	იუნესკოს	17
შემთხვევაში	არ	17
შემდეგ	ისინი	17
შემადგენელი	ნაწილია	17
შედგება	ორი	17
შავი	ზღვიდან	17
ყველაზე	წარმატებულ	17
ყველაზე	გავლენიანი	17
ყველა	ამ	17
ქართული	ეროვნული	17
ქართულ	და	17
ქალი	და	17
ფიფას	მსოფლიო	17
ფართობი	კი	17
უძრავი	ქონების	17
უფრო	მაღლა	17
უახლოეს	მომავალში	17
ტყიბულის	მუნიციპალიტეტი	17
ტყვედ	ჩავარდა	17
ტერიტორიაზე	არსებული	17
სხვა	მნიშვნელოვანი	17
სწორედ	მაშინ	17
სსრკ	მეცნიერებათა	17
სოფელში	დაიბადა	17
სოფელი	ლანჩხუთის	17
სენაკის	მუნიციპალიტეტი	17
სახლი	და	17
სახელი	მომდინარეობს	17
საშუალო	და	17
სამხრეთი	უელსის	17
სამედიცინო	ინსტიტუტის	17
საეკლესიო	კრება	17
საგუბერნატოროს	ადმინისტრაციული	17
საბჭოს	წევრი	17
საათის	შემდეგ	17
რომლის	სიმაღლე	17
რომლის	თანახმად	17
რომლებიც	მას	17
რომლებიც	თავის	17
რომის	რესპუბლიკა	17
რომელიც	ცნობილია	17
რომელიც	მისი	17
პრაქტიკულად	არ	17
პოპულარული	გახდა	17
პირველი	მატჩი	17
პირველი	ალბომი	17
პეტერბურგის	უნივერსიტეტის	17
ოჯახის	წევრების	17
ოქტომბრის	რევოლუციის	17
ომი	დამოუკიდებლობისათვის	17
ომი	დაიწყო	17
ნომინირებული	იყო	17
ნინო	მიქიაშვილი	17
ნიკარაგუის	პრეზიდენტი	17
ნანა	ფაჟავა	17
ნაკრების	წინააღმდეგ	17
მხარის	ხობის	17
მხარი	დაუჭირა	17
მცირე	აზია	17
მშობლიურ	ქალაქში	17
მსოფლიოს	სხვადასხვა	17
მონაწილეობას	იღებდა	17
მოკლე	შინაარსი	17
მნიშვნელობა	ენიჭება	17
მმ	აღწევს	17
მიჰყო	ხელი	17
მის	შემდეგ	17
მის	შემადგენლობაში	17
მის	გვერდით	17
მიმართ	და	17
მიზნად	ისახავს	17
მიერ	მიღებული	17
მიაღწია	და	17
მთლიანი	ფართობი	17
მთელ	რიგ	17
მთავარი	პერსონაჟი	17
მთავარი	გმირები	17
მთავარ	წყალგამყოფ	17
მეფე	და	17
მეტრის	სიმაღლეზე	17
მესამე	ადგილი	17
მარჯანიშვილის	სახელობის	17
მარცხენა	ნაპირას	17
მან	შექმნა	17
მამის	გარდაცვალების	17
ლიგის	ფინალში	17
ლეგენდის	მიხედვით	17
კახა	მიქაია	17
იყო	ქართველი	17
იქნა	და	17
ის	მხოლოდ	17
ინგლისური	ენის	17
იმ	დღეს	17
იგი	სწავლობდა	17
იგი	გამოიცა	17
თვის	მანძილზე	17
თეთრი	თეთრი	17
თბილისის	ოპერისა	17
თავს	დაესხა	17
თავისი	დროის	17
თავის	ტვინის	17
თავდაცვის	სამინისტროს	17
ზოგი	კი	17
ზედა	და	17
ვერ	მიაღწია	17
ეს	კუნძული	17
ეს	ინფორმაცია	17
ეროვნული	გვარდიის	17
ერთი	წლით	17
დროშასთან	ერთად	17
დროიდან	მოყოლებული	17
დიდი	ყურადღება	17
დიდად	არ	17
დედამიწის	ზედაპირის	17
დაბადების	თარიღი	17
დაახლოებით	ძვ	17
და	ძირითადად	17
და	შეიქმნა	17
და	სრულიად	17
და	სოციალურ	17
და	რუსეთი	17
და	ოთხი	17
და	კარგი	17
და	იძულებული	17
და	იოანე	17
და	თავს	17
და	ეწოდა	17
და	დასრულდა	17
და	აფრიკის	17
განსაკუთრებით	დიდი	17
გავრცელების	არეალი	17
გადატრიალების	შედეგად	17
გადავიდა	საცხოვრებლად	17
ბოლივიის	პრეზიდენტი	17
ბიძინა	ივანიშვილის	17
აღმოსავლეთისა	და	17
აღების	შემდეგ	17
აქვს	თავისი	17
აქ	არსებული	17
ასეთი	რამ	17
არის	თუ	17
არის	გავრცელებული	17
არის	ამ	17
არ	შეუძლიათ	17
არ	მისცა	17
ამიტომ	მან	17
ამის	შემდგომ	17
ამავე	წლის	17
ამ	წელს	17
ამ	თემაზე	17
ათონის	ივერთა	17
ადგილი	და	17
ადამიანის	უფლებების	17
ადამიანი	ცხოვრობს	17
ხშირად	გვხვდება	16
ხოლო	მოსახლეობა	16
ხოლო	დასავლეთით	16
ხელოვნების	მუზეუმი	16
ხელისუფლების	სათავეში	16
ხალხთა	შორის	16
წყალგამყოფ	ქედზე	16
წლის	საპრეზიდენტო	16
წინაშე	და	16
წინააღმდეგი	იყო	16
წვლილი	მიუძღვის	16
წვიმისა	და	16
წელს	კვლავ	16
წელს	იყო	16
წარმოადგენს	და	16
ძირითადი	და	16
ძირითად	შემადგენლობაში	16
ცხოვრების	შესახებ	16
ცხელი	თვეებია	16
ცოტა	ხნით	16
ცივი	ზამთარი	16
ცენტრალური	აფრიკის	16
ჩრდილოეთით	მდებარეობს	16
ჩრდილოეთ	ნახევარსფეროს	16
ჩვენი	ქვეყნის	16
ჩაატარა	და	16
შტატის	ქალაქ	16
შორის	არიან	16
შემთხვევაში	თუ	16
შემდეგ	ისევ	16
შემდეგ	ამ	16
შემადგენლობაში	შედიოდა	16
შედგება	სამი	16
ყოველწლიური	ნალექების	16
ყოველივე	ამის	16
ყველა	სახის	16
ღირსი	მამა	16
ქვეყნის	მასშტაბით	16
ქართული	ხუროთმოძღვრების	16
ქართული	ანბანის	16
ქალაქში	ცხოვრობს	16
ქალაქის	ფართობი	16
ფრანგი	მწერალი	16
ფართოდ	იყო	16
ფართობი	დაახლოებით	16
ფალკონის	შტატი	16
უჭერდა	მხარს	16
უფრო	მცირე	16
უფრო	გვიან	16
უმაღლესი	განათლება	16
უკმაყოფილება	გამოიწვია	16
ტურნირი	ჩატარდა	16
ტაძარი	და	16
სხვადასხვა	ქვეყნის	16
სოციალური	და	16
სოფლის	მეურნეობაში	16
სოფელში	გადის	16
სკოლა	და	16
სიყვარული	და	16
სეზონის	შემდეგ	16
სახელწოდება	მომდინარეობს	16
სახელმწიფო	მუზეუმი	16
საშუალო	სკოლაში	16
საშუალო	სიღრმე	16
საქართველოს	მთავრობა	16
სასწავლო	ოლიმპიადის	16
სამხრეთი	და	16
სამხრეთ	ნახევარსფეროში	16
სამოციქულო	ეკლესია	16
საკუთარ	თავზე	16
საკმაოდ	მაღალი	16
საერთო	ფართობი	16
საერთაშორისო	ურთიერთობების	16
რუსეთის	იმპერიაში	16
რომლის	მთავარი	16
რომელიც	საქართველოს	16
რომელიც	იყო	16
რომელიც	გამოიყენება	16
რომ	არც	16
როდესაც	მას	16
როგორც	საქართველოს	16
როგორც	თავად	16
როგორებიც	არიან	16
რიონის	მარცხენა	16
რეგიონის	ადმინისტრაციული	16
რაც	ნიშნავს	16
რადგან	მათ	16
პროტესტის	ნიშნად	16
პროვინცია	მოიცავს	16
პირველი	ქართველი	16
პირველი	დიდი	16
პირველად	საქართველოში	16
პირველ	ეტაპზე	16
პირველ	ადგილზე	16
პარლამენტის	წევრი	16
პარიზის	ღვთისმშობლის	16
ოქროს	მედალი	16
ოლიმპიური	თამაშების	16
ნიუ	იორკი	16
ნაკიანი	წელი	16
მხოლოდ	ერთხელ	16
მხოლოდ	ამის	16
მცირე	ხანში	16
მუნიციპალიტეტისგან	შედგება	16
მუნიციპალიტეტის	გერბი	16
მოღვაწეობა	დაიწყო	16
მოსკოვის	სახელმწიფო	16
მოსახლეობის	დიდი	16
მოსახლეობა	კი	16
მისი	ცხოვრების	16
მისი	ორი	16
მისი	მეგობრები	16
მისი	დედა	16
მიმართული	იყო	16
მიზნად	ისახავდა	16
მიერ	შესრულებული	16
მიედინება	მდინარე	16
მეცნიერების	დამსახურებული	16
მეუღლე	და	16
მეტრზე	მდებარეობს	16
მდინარე	რიონის	16
მაშინაც	კი	16
მაქსიმალური	სიღრმე	16
მანჩესტერ	იუნაიტედი	16
მან	არ	16
მათი	აზრით	16
მათგან	ყველაზე	16
მაგრამ	მის	16
მაგრამ	მან	16
მ	სიმაღლის	16
ლენინის	ორდენი	16
კულტურა	და	16
კომუნისტური	პარტია	16
კლუბი	ქალაქ	16
კი	იყო	16
კი	ისევ	16
კაცს	შეადგენს	16
იძულებული	იყო	16
იყო	ქართული	16
იღებს	სათავეს	16
იტალიური	ენა	16
იმის	თქმა	16
იმერეთის	სამეფოს	16
იმ	მიზნით	16
თუმცა	ისინი	16
თუმცა	არსებობს	16
თუ	რომელი	16
თითქმის	ყველგან	16
თეატრი	და	16
თანამდებობა	დაიკავა	16
თავიდან	ბოლომდე	16
თავი	მოიკლა	16
ვან	დერ	16
ეს	შეიძლება	16
ეს	ვერ	16
ეროვნული	მუზეუმი	16
ენა	არის	16
ევროპის	ქვეყნებში	16
ევროპის	ერთა	16
დღემდე	არ	16
დიდი	რაოდენობის	16
დეკორატიული	მცენარეები	16
დე	ლა	16
დარწმუნებული	იყო	16
დამყარების	შემდეგ	16
დაიბადა	და	16
და	ჯერ	16
და	ხის	16
და	ძველი	16
და	შექმნა	16
და	ყველაფერი	16
და	ქართველი	16
და	ქალთა	16
და	ქალაქ	16
და	უკანა	16
და	სუბტროპიკებში	16
და	სპორტის	16
და	სოფლის	16
და	სახელმწიფოს	16
და	საზოგადოების	16
და	რას	16
და	პოლიტიკოსი	16
და	მწერალი	16
და	მომღერალი	16
და	კუნძულ	16
და	კლასიკური	16
და	კერძო	16
და	ვიწრო	16
და	ეკლესიის	16
და	განვითარების	16
და	გადაწყვიტა	16
და	აქედან	16
გურიის	დაბლობი	16
გუმბათის	ყელი	16
გარკვეული	ნაწილი	16
განსაკუთრებული	მნიშვნელობა	16
განსაკუთრებულ	ყურადღებას	16
გამოცხადების	შემდეგ	16
გამოქვეყნებული	აქვს	16
გამო	მას	16
ბალეტის	თეატრის	16
ახალქალაქის	მუნიციპალიტეტში	16
ახალ	წელს	16
აშკარა	იყო	16
აღმოსავლეთ	სანაპიროზე	16
აქ	იყო	16
აფხაზეთისა	და	16
არის	ორი	16
არის	ერთადერთი	16
არავითარ	შემთხვევაში	16
არ	გამოიყენება	16
ანტიკურ	ხანაში	16
ანდების	მთებში	16
ან	კიდევ	16
ან	არ	16
ამ	ქვეყანაში	16
ამ	ფაქტს	16
ამ	სიტყვის	16
ამ	სიმღერის	16
ამ	ომში	16
ავსტრალიასა	და	16
ადგილი	მდებარეობს	16
აბესალომ	და	16
ჰქონდა	ადგილი	15
ხონის	მუნიციპალიტეტი	15
ხოლო	მესამე	15
ხოლო	მათ	15
ხოლო	აღმოსავლეთით	15
ხოლო	აღმოსავლეთიდან	15
ხელი	მოეწერა	15
ხაშურის	მუნიციპალიტეტი	15
წყალი	და	15
წმინდანად	შერაცხა	15
წმინდა	მოწამე	15
წლიდან	მუშაობდა	15
წლიდან	დღემდე	15
წლებში	ის	15
წლებში	დაიწყო	15
წელს	შედგა	15
წელს	დააარსა	15
ძველი	რომი	15
ცხოვრებისა	და	15
ცხოველთა	და	15
ცივი	თვეებია	15
ცენტრალური	აზია	15
ჩრდილოეთიდან	სამხრეთისაკენ	15
ჩრდილოეთ	აფრიკაში	15
ჩემპიონთა	თასის	15
შიდასახელმწიფოებრივი	მნიშვნელობის	15
შექმნა	და	15
შეტანილი	იქნა	15
შესაძლებელი	იყო	15
შევიდა	და	15
ყველაზე	ძლიერი	15
ყველაზე	მჭიდროდ	15
ყველაზე	მნიშვნელოვანია	15
ყველა	მათგანი	15
ყაზბეგის	მუნიციპალიტეტი	15
ღია	ბოქლომის	15
ღვთისმშობლის	ეკლესია	15
ქალაქში	და	15
ფორმა	და	15
ფილმის	პრემიერა	15
ფილმი	იყო	15
ფეოდალურ	ხანაში	15
უფრო	ფართო	15
უფრო	რთული	15
უფრო	ახლოს	15
უნდა	ჰქონდეს	15
უნდა	მომხდარიყო	15
უმაღლესი	წერტილი	15
უმაღლესი	განათლების	15
უდიდესი	მნიშვნელობა	15
უარი	თქვეს	15
ტიპის	მყინვარი	15
ტერიტორიაზე	და	15
სხვადასხვა	ქვეყნებში	15
სხვადასხვა	ტიპის	15
სხვა	დროს	15
სწორედ	ამის	15
სწავლა	განაგრძო	15
სსრკ	სახელმწიფო	15
სოფელში	შემორჩენილია	15
სოფელი	ქობულეთის	15
სიგრძე	დაახლოებით	15
სვანეთის	მხარეში	15
სახელმწიფო	პრემიის	15
სახელმწიფო	მდივანი	15
საქართველოს	წინააღმდეგ	15
საქართველოს	სხვა	15
საქართველოს	პოლიტიკური	15
საქართველოს	პარლამენტი	15
საქართველოს	მასშტაბით	15
საქართველოს	დემოკრატიულ	15
საფრანგეთის	სამხრეთ	15
სანამ	ის	15
სამხრეთი	ნაწილი	15
სამხრეთ	კედლის	15
სამი	დღის	15
საკრებულოს	მიერ	15
საკმაოდ	დიდ	15
საინტერესო	და	15
რუსეთისა	და	15
რომლის	მიზანი	15
რომელსაც	მისი	15
რომელიც	ყველა	15
რომელიც	მე	15
რომელიც	მათ	15
რომ	ქართული	15
რომ	როცა	15
რომ	არსებობს	15
როდესაც	მან	15
რაც	ყველაზე	15
რადგან	ის	15
რადგან	არ	15
პროვინციებს	შორის	15
პრემიის	ლაურეატები	15
პრეზიდენტების	სია	15
პოლიტიკურ	ცხოვრებაში	15
პირველი	სართული	15
პატარა	ქალაქი	15
ოქროს	საწმისი	15
ოქროს	გლობუსის	15
ორი	სიტყვით	15
ორი	სიტყვა	15
ორგანოს	ცენტრი	15
ონის	მუნიციპალიტეტი	15
ნახევარზე	მეტი	15
ნაწილში	მდებარეობს	15
ნალექების	საშუალო	15
მხრივ	იყოფიან	15
მხოლოდ	მე	15
მხარს	უჭერს	15
მხარის	დუშეთის	15
მცირე	და	15
მუშაობდა	და	15
მსოფლიოს	ყველა	15
მოხდა	და	15
მომდევნო	წლებში	15
მიღებული	იქნა	15
მისი	ცოლი	15
მისი	საერთო	15
მისი	ვაჟი	15
მისი	გამოყენება	15
მისთვის	დამახასიათებელი	15
მის	წინაშე	15
მიატოვა	და	15
მთელი	მისი	15
მთათა	სისტემა	15
მთავარი	ქედის	15
მთავარი	და	15
მთავარ	ქედზე	15
მეტრს	აღწევს	15
მეტი	სახეობა	15
მეგობარი	და	15
მდიდარი	და	15
მდებარეობს	ჩილეს	15
მდებარეობს	სამხრეთ	15
მაღალი	შენობა	15
მას	დიდი	15
მარჯნის	ზღვა	15
მარტვილის	მუნიციპალიტეტში	15
მართლმადიდებლური	ეკლესია	15
მან	შეძლო	15
მან	ეს	15
მან	დაწერა	15
მათ	წინააღმდეგ	15
მათ	ასევე	15
მაგრამ	როცა	15
მაგრამ	ახლა	15
მაგრამ	ამავე	15
ლიდერი	და	15
კმ	სიგრძის	15
კი	თავის	15
კავშირი	და	15
იყო	საჭირო	15
იყო	ერთი	15
იყო	დასახლებული	15
იღებდა	მონაწილეობას	15
იქნება	ეს	15
ისტორიულ	წყაროებში	15
ისტორია	და	15
ისტორია	აქვს	15
ის	ფაქტიც	15
ის	კი	15
ირმა	ინაშვილი	15
იმ	წელს	15
იმ	დასკვნამდე	15
ივლისი	და	15
იგი	ამ	15
თურქული	ენა	15
თუმცა	მან	15
თუმცა	იგი	15
თუმცა	არ	15
თეატრის	მსახიობი	15
თასის	მფლობელი	15
ზღვის	სანაპირო	15
ზრდასთან	ერთად	15
ვინ	იყო	15
ვიდრე	სხვა	15
ვარსკვლავთკარიბჭის	ტექნოლოგიები	15
ეს	ხალხი	15
ეს	ჩემი	15
ეს	ფრაზა	15
ეს	ფილმი	15
ეს	სამი	15
ეს	ნიშნავს	15
ეს	მეთოდი	15
ერთი	პერიოდი	15
ერთ	ერთი	15
ენგურის	მარცხენა	15
დღემდე	რჩება	15
დროშის	ორდენით	15
დინამო	თბილისი	15
დასავლეთით	და	15
დამხობის	შემდეგ	15
და	ჯანდაცვის	15
და	ფრანგული	15
და	ტექნიკური	15
და	სხვაგან	15
და	სომხეთის	15
და	სამედიცინო	15
და	საინტერესო	15
და	საბრძოლო	15
და	რომლის	15
და	მნიშვნელოვანი	15
და	მთავრობის	15
და	მეფის	15
და	მდიდარი	15
და	კულტურა	15
და	იტალიის	15
და	თეატრის	15
და	ზოგ	15
და	განაცხადა	15
და	განათლების	15
გურჯაანის	მუნიციპალიტეტი	15
გურია	მც	15
გერმანიის	იმპერიის	15
გერმანელი	სამხედრო	15
გარკვეული	დროის	15
განვითარებული	შუა	15
გამოსახული	იყო	15
გაიხსნა	და	15
გაგრძელდა	და	15
ბუნებრივი	აირის	15
ბრძოლის	ღონისძიებანი	15
ბოსნია	და	15
ბევრი	მათგანი	15
ბაღდათის	მუნიციპალიტეტი	15
ახლო	აღმოსავლეთში	15
აღმოსავლეთით	მდებარეობს	15
აღმოსავლეთით	ესაზღვრება	15
აღარ	არსებობს	15
აქვს	დიდი	15
აქ	წარმოდგენილია	15
აქ	ცხოვრობს	15
აქ	მან	15
ატლანტის	ოკეანეში	15
ასევე	შეიძლება	15
ასევე	სხვა	15
არსებობის	მანძილზე	15
არსებობა	შეწყვიტა	15
არის	შესაძლებელი	15
არის	რამდენიმე	15
არიკა	და	15
არ	გვაქვს	15
არ	აღმოჩნდა	15
ამას	არ	15
ამ	შემთხვევაშიც	15
ამ	სფეროში	15
ამ	საკითხზე	15
ამ	კუთხით	15
ამ	დღეებში	15
ალექსანდრე	მაკედონელი	15
ადამიანი	და	15
ჰყავს	მეუღლე	14
ჯგუფურ	ეტაპზე	14
ჯანაშიას	სახელობის	14
ხოსე	მარია	14
ხოლო	დედა	14
ხეობის	ტიპის	14
ხელისუფლების	წინააღმდეგ	14
ხარჯი	შესართავთან	14
ჭეშმარიტი	ღმერთი	14
წმინდა	იოანე	14
წლით	თარიღდება	14
წლიდან	იყო	14
წინააღმდეგ	საბრძოლველად	14
წინა	და	14
წევრები	არიან	14
წარდგენილი	იყო	14
ძლიერი	და	14
ძველი	საბერძნეთი	14
ძველი	თბილისის	14
ძალიან	მცირე	14
ძალიან	კარგად	14
ცხოვრობს	და	14
ცივი	ომის	14
ცენტრალურ	ამერიკაში	14
ჩრდილოეთი	ტერიტორია	14
ჩრდილოეთი	ნაწილი	14
ჩრდილოეთი	და	14
ჩრდილოეთ	ამერიკა	14
ჩვენ	კი	14
ჩემს	თავს	14
ჩემპიონთა	ლიგაში	14
შუა	აზია	14
შორის	მდებარე	14
შორის	არსებობს	14
შეძლო	და	14
შესვენების	შემდეგ	14
შემდეგ	მათ	14
შემდეგ	იყო	14
შემდეგ	დაიწყო	14
შემდეგ	გახდა	14
შემადგენლობაში	შევიდა	14
შავ	ზღვას	14
ყველაზე	პოპულარულ	14
ყველაზე	კარგად	14
ყველაზე	დიდია	14
ყველა	ის	14
ყვარლის	მუნიციპალიტეტი	14
ღია	ფერის	14
ღვთისმშობლის	ხატის	14
ღვთისმშობლის	ტაძარი	14
ქრისტე	და	14
ქვეშ	მყოფი	14
ქვეყნის	შიგნით	14
ქვემოთ	მოთავსებულია	14
ქეთო	და	14
ქართული	ეკლესიის	14
ქართულ	ხალხურ	14
ქარელის	მუნიციპალიტეტი	14
ქალაქი	გერმანიაში	14
ქალაქი	გაშენებულია	14
ფუნქციას	ასრულებს	14
უწყობს	ხელს	14
უფროსი	ძმა	14
ურთიერთობა	ჰქონდა	14
უნდა	მიეღო	14
უეფას	თასის	14
ტრადიციის	მიხედვით	14
ტერიტორიული	მთლიანობის	14
ტასმანიის	ზღვა	14
სხვებთან	ერთად	14
სხვა	რამ	14
სხვა	და	14
სრულიად	შემთხვევით	14
სოხუმის	მუნიციპალიტეტში	14
სოფელი	საგარეჯოს	14
სოფელი	ბორჯომის	14
სოფელი	ახალქალაქის	14
სკკპ	წევრი	14
სიმღერის	ავტორები	14
სიდიდით	მე	14
სახელობის	ტაძარი	14
სახელობის	თბილისის	14
სახელი	დაერქვა	14
საჭიროების	შემთხვევაში	14
საცხოვრებლად	გადავიდა	14
საქმეთა	სამინისტრო	14
საქართველოს	ყველა	14
საქართველოს	საკანონმდებლო	14
საქართველოს	პრეზიდენტი	14
საქართველოს	ეროვნულ	14
საფრანგეთსა	და	14
საფოსტო	მარკა	14
საუკუნეების	მანძილზე	14
სარეწაო	მნიშვნელობა	14
საპატიო	ნიშანი	14
სამხრეთ	კავკასიის	14
სამხედრო	სამსახურში	14
სამხედრო	ოლქის	14
სამშვიდობო	ხელშეკრულება	14
სავაჭრო	და	14
საერთაშორისო	მნიშვნელობის	14
საბჭოთა	სოციალისტური	14
საბჭოთა	კავშირმა	14
საბავშვო	ბაღი	14
რუსული	და	14
რუსეთის	მთავრობამ	14
რუსეთის	არმიის	14
რომლებიც	ძირითადად	14
რომლებიც	არ	14
რომლებიც	ამ	14
რომელსაც	ასევე	14
რომელიც	შეისწავლის	14
რომელიც	უნდა	14
რომელიც	უკვე	14
რომელიც	რამდენიმე	14
რომ	საკუთარი	14
რომ	პირველი	14
რომ	ამის	14
როგორც	ყველაზე	14
როგორც	პირველი	14
როგორც	დამოუკიდებელი	14
როგორც	ამ	14
როგორ	არ	14
რთული	და	14
რეგიონის	შემადგენლობაში	14
რაც	ხშირად	14
რაც	იწვევს	14
რამდენიმე	წუთის	14
რა	ეწოდება	14
პროვინციის	შემადგენლობაში	14
პრობლემების	გამო	14
პრეზიდენტი	იყო	14
პირველი	წიგნი	14
პირველი	ნაწილი	14
პირველ	წლებში	14
პირველ	სართულზე	14
პირველ	და	14
პიკს	მიაღწია	14
პასუხის	გაცემა	14
პარტიის	ცენტრალური	14
პარკის	ტერიტორიაზე	14
ორგანოს	არჩევნები	14
ნალექების	წლიური	14
მხოლოდ	მცირე	14
მძიმე	მეტალი	14
მშობლიური	ენა	14
მსოფლიოს	ჩემპიონი	14
მსოფლიოს	ჩემპიონატი	14
მსოფლიოს	პირველობაზე	14
მსოფლიოს	მრავალ	14
მსოფლიო	საეკლესიო	14
მნიშვნელობის	გზა	14
მკვლელობის	შემდეგ	14
მისი	შემოქმედების	14
მისი	სახელწოდებაა	14
მისი	მეუღლის	14
მისი	ლექსები	14
მისი	კარიერა	14
მისი	ადგილი	14
მის	პირველ	14
მის	მიერვე	14
მის	მაგივრად	14
მინერალური	წყლები	14
მილიონი	ადამიანი	14
მიიღო	გადაწყვეტილება	14
მთიულეთის	არაგვის	14
მთელი	დღის	14
მექსიკის	ყურე	14
მეუღლე	იყო	14
მეტრის	სიმაღლის	14
მეორე	ტაიმში	14
მეორე	მხარეს	14
მედიცინის	მეცნიერებათა	14
მე	ვიცი	14
მე	ვერ	14
მდებარეობს	პროვინციის	14
მდებარეობს	მდინარეების	14
მდებარეობს	გომბორის	14
მაღალი	დონის	14
მას	უფრო	14
მარცხენა	სანაპიროზე	14
მანჩესტერ	იუნაიტედის	14
მან	დიდი	14
მათი	საერთო	14
მათ	ვერ	14
მათ	აქვთ	14
მ	სიმაღლემდე	14
ლიტვის	დიდი	14
ლიტერატურისა	და	14
კუნძულის	ფართობი	14
კომიტეტის	წევრი	14
კლასიკური	მუსიკის	14
კინოსა	და	14
კი	მის	14
კი	მან	14
კი	კვლავ	14
კერძო	დაზღვევა	14
კახა	მიქაიას	14
კაცობრიობის	ისტორიაში	14
კასპიის	ზღვის	14
კარგად	ცნობილი	14
კალთები	შემოსილია	14
იყო	ჯგუფის	14
იყო	წარმოდგენილი	14
იყო	ყველაზე	14
იქნა	გამოყენებული	14
ისტორიული	და	14
ისტორიის	მანძილზე	14
ისტორია	იწყება	14
ის	ამ	14
ინტელექტ	ცენტრი	14
ინგლისის	ეროვნული	14
იმისთვის	რომ	14
იმ	ადგილას	14
იგი	ძალიან	14
იანვარი	და	14
იან	წლებამდე	14
თუმცა	შემდეგ	14
თუმცა	მოგვიანებით	14
თუმცა	ამის	14
თუ	კი	14
თუ	იგი	14
თუ	გავითვალისწინებთ	14
თრიალეთის	ქედის	14
თითოეული	მათგანი	14
თვით	ადრე	14
თეთრი	ქართლი	14
თბილისის	უნივერსიტეტის	14
თავს	დაესხნენ	14
თავისუფლება	და	14
თავის	თავში	14
თავი	გამოიჩინა	14
ზოგიერთი	სახეობა	14
ზოგიერთ	შემთხვევაში	14
ზაქარია	ფალიაშვილის	14
ვახუშტი	ბატონიშვილი	14
ვარსკვლავური	ომები	14
ეს	ძალიან	14
ეს	რომ	14
ეს	პირველი	14
ეს	ადამიანი	14
ერთ	თვეში	14
ერთ	დღეში	14
ენასა	და	14
ე	პრეზიდენტი	14
დიდი	ქალაქი	14
დიდი	ნაწილის	14
დიდ	დროს	14
და	ჯგუფის	14
და	ძლიერ	14
და	ჩვენს	14
და	შედგება	14
და	ყოველი	14
და	სიყვარული	14
და	სიმღერების	14
და	სიკვდილის	14
და	საფრანგეთი	14
და	სამეურნეო	14
და	საკანონმდებლო	14
და	სავაჭრო	14
და	პოეტი	14
და	მწვანე	14
და	მისთვის	14
და	მარცხენა	14
და	იქიდან	14
და	თავისუფალი	14
და	ზედა	14
და	ერთვის	14
და	ევროპული	14
და	დავით	14
და	დაახლოებით	14
და	ბუნებრივი	14
და	აზიის	14
და	აგვისტო	14
გულის	შეტევით	14
გიორგის	ძე	14
გახდა	მისი	14
გარეული	ღორი	14
გამოწვეული	იყო	14
გამოიწვია	და	14
გამავრცელებელი	საზოგადოება	14
გაერთიანებულ	სამეფოში	14
ბოლოსა	და	14
ბოლივიელი	პოლიტიკოსი	14
ბას	გიტარა	14
ახლოს	მდებარეობს	14
აშშ	დოლარის	14
აღსანიშნავია	აგრეთვე	14
აქტიურად	მონაწილეობდა	14
აქვს	საელჩო	14
აქვს	მრავალი	14
აქვე	უნდა	14
ასევე	არ	14
ასე	შემდეგ	14
ასე	თუ	14
არჩევნების	შემდეგ	14
არქიტექტურისა	და	14
არის	ქართული	14
არის	ქალაქი	14
არის	პირველი	14
არასდროს	არ	14
არა	და	14
არ	ჩავთვლით	14
არ	იციან	14
არ	გააჩნდა	14
ანასტასიო	სომოსა	14
ამავე	წლიდან	14
ამ	ჟანრის	14
ალყა	შემოარტყეს	14
ალყა	შემოარტყა	14
ათასი	ადამიანი	14
ავტონომიური	ოლქის	14
ავსტრალიის	შტატ	14
ადმინისტრაციული	დაყოფა	14
ადგილობრივი	მოსახლეობა	14
ადგილობრივი	და	14
ადამიანის	უფლებები	14
აბაშის	მუნიციპალიტეტში	14
ჯერ	ერთი	13
ჯავახიშვილის	სახელობის	13
ხულოს	მუნიციპალიტეტი	13
ხელოვნების	დამსახურებული	13
ხარაგაულის	მუნიციპალიტეტში	13
ხალხები	და	13
წლის	პირველ	13
წლის	ოქტომბერი	13
წლებს	შორის	13
წელს	მეორე	13
წელს	იქნა	13
წარმოადგენს	ურთიერთობებს	13
ძველ	საბერძნეთში	13
ძალიან	დიდ	13
ცნობები	არ	13
ციხიდან	გაქცევის	13
ცენტრალური	ხელისუფლების	13
ცენტრალური	ნაწილი	13
ცენტრალური	აზიის	13
ჩრდილოეთით	მდებარე	13
ჩრდილოეთ	კავკასიის	13
ჩილეს	პრეზიდენტი	13
ჩვენს	ერამდე	13
ჩვენამდე	არ	13
შესახებ	ინფორმაცია	13
შემდეგ	დაბრუნდა	13
შეიტანეს	იუნესკოს	13
შეიარაღებული	ძალები	13
შედარებით	უფრო	13
ყურადღებას	უთმობდა	13
ყურადღება	მიიპყრო	13
ყვითელი	ან	13
ყველაზე	ადრეული	13
ქვეყნისა	და	13
ქვეყნის	ჩრდილოეთ	13
ქვეყნის	დედაქალაქ	13
ქვემო	დინებაში	13
ქალაქში	მდებარეობს	13
ქალაქის	სიახლოვეს	13
ფიზიკური	და	13
ფედერაციული	რესპუბლიკა	13
ფალიაშვილის	სახელობის	13
უფლებათა	დაცვის	13
უნივერსიტეტის	სამედიცინო	13
უნდა	იყვნენ	13
უკრაინული	ენა	13
უზენაესი	სასამართლო	13
უახლოესი	რკინიგზის	13
ტერიტორიაზე	მიედინება	13
ტაძრის	გუნდი	13
სხვადასხვა	კუთხეში	13
სუფთა	წარმოების	13
სპორტისა	და	13
სოციალურ	და	13
სოციალისტური	რესპუბლიკა	13
სოფელი	თელავის	13
სოფელი	ზესტაფონის	13
სიმღერის	ტექსტი	13
სიმაღლე	შეადგენს	13
სიდიდით	მესამე	13
სახელს	უკავშირდება	13
სახელმწიფოს	მეთაური	13
სახელი	იყო	13
საშუალო	სკოლის	13
საშუალო	ზომის	13
საქართველოს	საბჭოთა	13
საქართველოს	საავტომობილო	13
საუკუნის	მეორე	13
სასულიერო	სემინარიაში	13
სანაპირო	ზოლის	13
სანაპირო	ზოლი	13
სამხრეთ	კორეის	13
სამხედრო	გზა	13
სამხატვრო	ხელმძღვანელი	13
სამტრედიის	მუნიციპალიტეტი	13
სამეცნიერო	ლიტერატურაში	13
საბჭოს	პრეზიდიუმის	13
ს	და	13
როჯერ	უოტერსის	13
როჯერ	უოტერსი	13
როცა	იგი	13
რომლის	სიგრძე	13
რომლის	მიზანია	13
რომის	იმპერატორი	13
რომელშიც	იგი	13
რომელსაც	შეუძლია	13
რომელიც	ჯერ	13
რომელიც	ხშირად	13
რომელიც	შეიძლება	13
რომელიც	მოიცავდა	13
რომ	ჩვენს	13
რომ	ჩვენი	13
რომ	საქართველო	13
რომ	მასზე	13
რომ	იყო	13
რომ	თქვენი	13
რომ	თავისი	13
რომ	თავად	13
რომ	არაფერი	13
როგორც	უკვე	13
როგორიც	იყო	13
როგორებიც	იყვნენ	13
როგორ	ფიქრობთ	13
რკინისა	და	13
რიგით	მეორე	13
რაც	ძალიან	13
რაც	იმ	13
რაოდენობა	და	13
რამდენიმე	სხვა	13
რამდენიმე	მცირე	13
რაიონის	ადმინისტრაციული	13
რადგან	ისინი	13
რა	იყო	13
პროდიუსერი	და	13
პოლონური	ენა	13
პოეტი	და	13
პირველივე	სეზონში	13
პირველი	ხაზი	13
პირველი	ეტაპი	13
პენალტების	სერიაში	13
პარტია	და	13
პარკი	მდებარეობს	13
ორი	ქვეყნის	13
ორი	დიდი	13
ორ	წელიწადში	13
ოპერის	თეატრის	13
ომის	დაწყების	13
ომი	და	13
ომი	გამოუცხადა	13
ნაწილი	უჭირავს	13
ნაკრების	შემადგენლობაში	13
მხოლოდ	საკუთარი	13
მხოლოდ	მას	13
მხატვრული	ფილმი	13
მხარის	თიანეთის	13
მხარის	აბაშის	13
მჭიდროდაა	დაკავშირებული	13
მწერალთა	და	13
მცენარეთა	და	13
მსოფლიოში	უდიდესი	13
მსოფლიო	სავაჭრო	13
მოღვაწე	და	13
მოსახლეობის	უმრავლესობა	13
მონაწილეობის	მისაღებად	13
მონაწილეობა	და	13
მონაცემებით	ქალაქში	13
მომდევნო	სეზონში	13
მკვეთრად	გამოხატული	13
მიუხედავად	მისი	13
მისი	საყვარელი	13
მისი	საუკეთესო	13
მისი	მოღვაწეობის	13
მის	ადგილზე	13
მილიონი	აშშ	13
მილიონი	ასლი	13
მთელ	საქართველოში	13
მეტ	სახეობას	13
მერე	რა	13
მეორე	ტურში	13
მე	ამ	13
მდინარე	ნილოსი	13
მდინარე	იორი	13
მდებარეობს	ორი	13
მდებარეობს	მარჯნის	13
მდებარეობის	გამო	13
მაღალ	დონეზე	13
მასში	შეტანილია	13
მას	სურდა	13
მარჯვენა	სანაპიროზე	13
მან	მხოლოდ	13
მან	თავის	13
მან	ვერ	13
მან	ამ	13
მამისა	და	13
მაგრამ	ბოლოს	13
ლუდვიგ	ვან	13
ლიხის	ქედის	13
კვირის	მანძილზე	13
კარგად	ხარობს	13
კარგა	ხანს	13
კავშირის	წევრი	13
იწყება	და	13
იყო	სხვადასხვა	13
იყო	საფრანგეთის	13
იყო	ეს	13
იყო	ერთადერთი	13
იყო	დიდი	13
იყო	ასევე	13
იყო	არა	13
იქნა	მიღებული	13
იქნა	არჩეული	13
ისტორიაში	პირველი	13
ისინი	ერთმანეთს	13
ის	ყველაზე	13
ის	თავის	13
ის	გარემოება	13
ირაკლი	ალასანია	13
იმერეთის	სამეფო	13
იმერეთის	მეფე	13
იმედი	მაქვს	13
იმავე	დროს	13
ილია	ჩაჩიბაია	13
ითამაშა	და	13
იგი	ჯერ	13
იგი	წარმოადგენს	13
იგი	შედგება	13
იგი	პირველი	13
იგი	პირველად	13
იგი	თავისი	13
თქვენს	წინაშეა	13
თუმცა	უფრო	13
თუმცა	მათი	13
თუმცა	ბოლო	13
თუ	რაიმე	13
თვეებია	იანვარი	13
თემის	ტერიტორიული	13
თეთრი	იმერეთი	13
თბილი	და	13
თასების	მფლობელთა	13
თამაში	და	13
თამარ	მეფე	13
თავისი	ქვეყნის	13
თავიდან	აცილების	13
ზღვისა	და	13
ზღვის	რეგიონში	13
ზოგი	მათგანი	13
ზვიად	გამსახურდია	13
ზესტაფონის	მუნიციპალიტეტში	13
ზედაპირის	ფართობი	13
ვახტანგ	გორგასალი	13
ვარსკვლავთკარიბჭის	ხალხები	13
ვართ	და	13
ვარდების	რევოლუციის	13
ეხლა	კი	13
ეწეოდა	პედაგოგიურ	13
ექვემდებარება	საქართველოს	13
ესპანეთის	ეროვნული	13
ეს	მისი	13
ეს	მატჩი	13
ეს	დღე	13
ეს	და	13
ეს	ბრძოლა	13
ეს	ადამიანები	13
ერთწლოვანი	მცენარეები	13
ერთი	მნიშვნელოვანი	13
ერთ	წელიწადში	13
ევროპის	ჩემპიონატზე	13
ევრაზიის	ინსტიტუტის	13
ე	მუხლის	13
დღეს	უკვე	13
დღემდე	გრძელდება	13
დროს	ეს	13
დედა	და	13
დაცვისა	და	13
დაცვის	მიზნით	13
დაპყრობის	შემდეგ	13
დამფუძნებელი	და	13
დამახასიათებელი	იყო	13
დაკარგა	და	13
დაიწყო	ახალი	13
დაასახელეთ	ამ	13
და	ჩინეთი	13
და	შიდა	13
და	შენი	13
და	შენ	13
და	ყოველთვის	13
და	ყველას	13
და	ღია	13
და	ღამის	13
და	ქართველთა	13
და	ქალაქი	13
და	უკრაინის	13
და	უკანასკნელი	13
და	ტყის	13
და	სკოლის	13
და	სისხლის	13
და	საქართველო	13
და	სამოქალაქო	13
და	საზოგადოებას	13
და	რომელსაც	13
და	რასები	13
და	პირველ	13
და	ნახევრად	13
და	მრავალ	13
და	მისგან	13
და	მზის	13
და	ლათინური	13
და	ისტორიული	13
და	ინგლისის	13
და	ზომიერ	13
და	ზოგიერთ	13
და	ვინჩის	13
და	ეთერი	13
და	დედა	13
და	დამატებითი	13
და	გრძელი	13
და	გიორგი	13
და	გერმანული	13
და	გერმანიაში	13
და	ახლო	13
და	აღმოსავლეთის	13
და	აღარ	13
და	ამერიკის	13
და	ამდენად	13
და	აზერბაიჯანის	13
გულრიფშის	მუნიციპალიტეტი	13
გვიანდელი	ბრინჯაოს	13
გვარი	და	13
გერბთან	ერთად	13
გახდა	ამ	13
გატაცებული	იყო	13
გასული	წლის	13
განსაკუთრებით	ცნობილია	13
განსაკუთრებით	მნიშვნელოვანია	13
გამოც	იგი	13
გამო	მან	13
გამო	არ	13
გავრცელებულია	ევროპაში	13
ბოტანიკური	ბაღი	13
ბოლო	ორი	13
ბოლნისის	მუნიციპალიტეტი	13
ბოლივიის	დემოგრაფია	13
ახლოს	მდებარე	13
ახლოს	იყო	13
ახლოს	არის	13
ახალქალაქის	პლატოზე	13
ახალი	კონსტიტუცია	13
ახალი	თაობა	13
აჭარა	მც	13
აღმოჩენილ	იქნა	13
აღმოსავლეთი	ნაწილი	13
აღიარება	მოუტანა	13
აღდგენილ	იქნა	13
აქ	ის	13
ასევე	მის	13
ასევე	არსებობს	13
არსებობს	მოსაზრება	13
არსებობს	აგრეთვე	13
არის	ჯგუფის	13
არის	ძალიან	13
არგენტინელი	პოლიტიკოსი	13
არაგვის	მარცხენა	13
არა	როგორც	13
არ	უნდოდა	13
არ	მოსწონს	13
არ	მახსოვს	13
არ	გეკითხებით	13
ანჩისხატის	ტაძრის	13
ან	საერთოდ	13
ან	მის	13
ამის	საპასუხოდ	13
ამბროლაურის	მუნიციპალიტეტი	13
ამ	წიგნის	13
ამ	ყველაფერს	13
ამ	ორგანიზაციის	13
ამ	ადგილებში	13
ალპური	მდელოებით	13
ალბომი	და	13
ათასი	კმ	13
ავტონომიური	ოლქი	13
ჯგუფის	პირველი	12
ხოლო	ჩრდილოეთიდან	12
ხოლო	შემდგომ	12
ხოლმე	და	12
ხელში	გადავიდა	12
ხელს	არ	12
ხელოვნების	სახელმწიფო	12
ხალხი	და	12
ხაზში	იწერება	12
წყალშემკრები	აუზის	12
წყალგამყოფი	ქედის	12
წლიდან	საქართველოს	12
წლიდან	მოყოლებული	12
წლიდან	არის	12
წლების	სეზონის	12
წლების	სეზონი	12
წლამდე	იყო	12
წინააღმდეგ	მიმართული	12
წინ	უსწრებს	12
წვლილი	შეიტანეს	12
წელს	ქალაქი	12
წელს	მის	12
წელს	მათ	12
წელს	ისევ	12
წელს	თბილისის	12
წელს	დაიცვა	12
წელს	გამოქვეყნდა	12
წელს	გამოსცა	12
წარმატებული	იყო	12
წარმატებული	აღმოჩნდა	12
წარმატების	შემდეგ	12
წამების	შემდეგ	12
წავიდა	და	12
ძირითადად	გავრცელებულია	12
ძველი	აღთქმის	12
ძალიან	პოპულარული	12
ცხოვრების	მანძილზე	12
ცოტა	რამ	12
ჩაუდგა	სათავეში	12
შორის	მოსახლეობის	12
შესახებ	ცნობები	12
შენი	ჭირიმე	12
შენ	კი	12
შემდეგ	სეზონში	12
შემდეგ	რუსეთის	12
შემდგომ	პერიოდში	12
შედეგი	არ	12
შეაფარა	თავი	12
ყურადღების	ცენტრში	12
ყურადღებას	იპყრობს	12
ყოველივე	ამან	12
ყოველ	წელს	12
ყველაფერი	კარგად	12
ყველაზე	მთავარი	12
ყველა	ადამიანს	12
ღირსების	ორდენით	12
ქრისტეფორე	კოლუმბი	12
ქვით	ნაგები	12
ქვეყნის	დედაქალაქი	12
ქვემო	ქართლი	12
ქვედა	სამ	12
ქვედა	ნაწილში	12
ქართული	ლიტერატურის	12
ქართული	თეატრის	12
ქართულ	პოეზიაში	12
ქართველი	რეჟისორი	12
ქართველი	პოლიტიკოსი	12
ქალაქში	არის	12
ქალაქის	აგლომერაციაში	12
ფუნქციას	ასრულებდა	12
ფოქს	რივერ	12
ფორმისაა	და	12
ფოთლები	და	12
ფილმი	გამოვიდა	12
ფილმი	გადაღებულია	12
ფიზიკური	გეოგრაფია	12
ფერწერული	ტილო	12
ფარს	ქვემოთ	12
ფალკონის	შტატში	12
უნივერსიტეტი	და	12
უნდა	ჰქონოდა	12
უკვე	დიდი	12
უდიდესი	ქალაქებია	12
უდიდესი	სიღრმე	12
უარი	უთხრა	12
ტყისა	და	12
ტყიბულის	მუნიციპალიტეტში	12
ტყეებსა	და	12
ტურის	წინ	12
ტროპიკული	ტყეები	12
ტერიტორიაზე	არის	12
სხვა	შემთხვევაში	12
სწავლის	პერიოდში	12
სუბალპური	მდელოებით	12
სრულიად	ახალი	12
სოზარ	სუბარი	12
სიცოცხლის	ბოლო	12
სისხლის	მიმოქცევის	12
სიმღერების	სია	12
სიმაღლეზე	მდებარეობს	12
სახელობის	საქართველოს	12
სახელმწიფო	გადატრიალების	12
სახელის	მიხედვით	12
საჭმლის	მომნელებელი	12
საჩხერის	მუნიციპალიტეტში	12
საშუალებას	არ	12
საქართველოში	კი	12
საქართველოს	შორის	12
საქართველოს	შეიარაღებული	12
საქართველოს	მიმართ	12
საქართველოს	მეცნიერების	12
საქართველოს	ადგილობრივი	12
საფრანგეთის	მარშალი	12
საუდის	არაბეთი	12
სასტიკად	დაამარცხა	12
საპარლამენტო	არჩევნებში	12
სამხრეთიდან	ესაზღვრება	12
სამხრეთი	უელსი	12
სამხრეთ	ოსეთში	12
სამხედრო	სამსახური	12
სამი	ძირითადი	12
სამეფო	ოჯახის	12
საკანონმდებლო	ორგანო	12
საზღვარი	გადის	12
საზოგადოების	მიერ	12
საერთო	სიგრძეა	12
საერთაშორისო	და	12
საეკლესიო	კრების	12
სადოქტორო	დისერტაცია	12
საგარეო	პოლიტიკა	12
საბჭოთა	არმიის	12
საბოლოოდ	კი	12
რუსულ	და	12
რუსთაველის	თეატრი	12
როცა	მისი	12
რომლებიც	ხშირად	12
რომის	სენატი	12
რომელსაც	უნდა	12
რომელსაც	გააჩნია	12
რომელმაც	ეს	12
რომელმაც	დიდი	12
რომელიც	ძალიან	12
რომელიც	შემდგომში	12
რომელიც	თითქმის	12
რომელიც	დღეს	12
რომელიც	დიდი	12
რომელიც	დაკავშირებულია	12
რომ	ქალაქი	12
რომ	რუსეთის	12
რომ	ორივე	12
რომ	იყოს	12
რომ	არის	12
როლს	თამაშობდა	12
როლანდ	ახალაიას	12
როგორც	მის	12
როგორც	დიდი	12
როგორიც	არის	12
რიცხვს	მიეკუთვნება	12
რივერ	შტეიტის	12
რეგიონის	დედაქალაქია	12
რაჭის	ქედის	12
რაც	საშუალებას	12
რაც	თავის	12
რატომ	უნდა	12
რასაც	მოჰყვა	12
რამდენიმე	წუთში	12
რამდენიმე	სახეობა	12
რამდენიმე	კილომეტრში	12
რამაც	გამოიწვია	12
რაიონები	თავის	12
რაიმე	სახის	12
რადგან	მას	12
რა	ვიცი	12
პროვინცია	შედგება	12
პრემიერ	ლიგის	12
პირველი	მდივანი	12
პირველი	კრებული	12
პირველ	გუნდში	12
პერიოდში	ის	12
პარტიის	ლიდერი	12
პარკის	ფართობი	12
ოსეთის	ავტონომიური	12
ორივე	შემთხვევაში	12
ორი	გუნდი	12
ომის	დასრულების	12
ოთხი	ძირითადი	12
ოთხ	წელიწადში	12
ნოტიო	სუბტროპიკული	12
ნიშნავს	რომ	12
ნიშნავს	იმას	12
ნებისმიერი	სახის	12
ნატეხი	ქვით	12
მხრივ	კი	12
მხატვარი	და	12
მხარის	ხარაგაულის	12
მწვანე	და	12
მცხეთის	მუნიციპალიტეტი	12
მფლობელთა	თასი	12
მუნიციპალიტეტის	საკრებულოს	12
მსხვერპლი	გახდა	12
მსოფლიოს	უდიდესი	12
მსოფლიო	ბანკის	12
მრავლდება	თესლით	12
მრავალი	ძეგლი	12
მრავალი	ქვეყნის	12
მრავალ	სხვა	12
მოსკოვის	დიდი	12
მოიხსენიება	როგორც	12
მოვლენების	შემდეგ	12
მოვლენა	იყო	12
მოგვიანებით	იგი	12
მოგვიანებით	ამ	12
მოგებული	აქვს	12
მოაწერა	ხელი	12
მმართველი	იყო	12
მიხედვით	თუ	12
მიუხედავად	ამ	12
მისცა	და	12
მისი	ძმის	12
მისი	ცხოვრება	12
მისი	შემოქმედება	12
მისი	რამდენიმე	12
მისი	მოსაზღვრე	12
მისი	თაოსნობით	12
მინიჭებული	აქვს	12
მიზეზი	გახდა	12
მიენიჭა	საქართველოს	12
მიდის	და	12
მთის	შუა	12
მთის	ქვედა	12
მთის	მდელოს	12
მთელი	ცხოვრება	12
მთავრობის	წინააღმდეგ	12
მთავარი	რედაქტორი	12
მთავარი	მდინარეა	12
მზის	სისტემის	12
მეტრი	სიმაღლის	12
მეტ	ხანს	12
მესამე	და	12
მემკვიდრეობის	ძეგლი	12
მე	ძალიან	12
მე	რომ	12
მდებარეობს	ქალაქი	12
მდებარეობს	კუნძულის	12
მდე	გაიზარდა	12
მდგომარეობის	გამო	12
მატერიალური	კულტურის	12
მანამ	სანამ	12
მაინც	კიდევ	12
მათ	უნდა	12
მადრიდის	რეალი	12
მაგრამ	სხვა	12
მაგრამ	მხოლოდ	12
მაგრამ	მოგვიანებით	12
ლეიბორისტული	პარტია	12
ლედ	ზეპელინის	12
კულტურული	ცენტრი	12
კონსტიტუციის	მიხედვით	12
კლუბი	და	12
კიევის	რუსეთის	12
კი	შეიძლება	12
კვანტური	მექანიკა	12
კარგად	იცოდა	12
კარგად	იცის	12
კავშირის	გმირი	12
იჩენს	თავს	12
იყოს	და	12
იყო	ჯერ	12
იყო	საბჭოთა	12
იყო	რუსეთის	12
იყო	რამდენიმე	12
იყო	განპირობებული	12
იქნა	აღიარებული	12
იუგოსლავიის	სახალხო	12
ისტორიასა	და	12
ის	ხშირად	12
ის	ძალიან	12
ის	დიდი	12
ის	ამბობს	12
ინსტიტუტის	მიერ	12
ინკების	ცივილიზაცია	12
იმპერიის	მიერ	12
იზრდება	და	12
იგი	ხშირად	12
იგი	ყველაზე	12
იგი	აგრეთვე	12
იან	და	12
თუშეთის	ალაზანი	12
თუ	ვის	12
თუ	ვინმე	12
თვის	წინ	12
თვითმმართველობის	ორგანოების	12
თემის	შემადგენლობაში	12
თბილისის	საქალაქო	12
თბილისის	მეტროპოლიტენის	12
თაყვანს	სცემდნენ	12
თაღოვანი	სარკმელია	12
თასი	მოიგო	12
თავისუფლების	აღკვეთა	12
თავისუფალი	და	12
თავისი	არსით	12
თავი	მოჰკვეთეს	12
თავდაცვის	მინისტრი	12
ზღვის	რეგიონი	12
ზღვის	პირას	12
ზუგდიდისა	და	12
ზომიერად	ცივი	12
ზაფხულის	ოლიმპიურ	12
ვლადიმერ	ვახანია	12
ვინაიდან	ამ	12
ვერცხლის	ველზე	12
ვერც	კი	12
ვერც	ერთი	12
ვერ	შესძლო	12
ვეკუა	დრო	12
ვახტანგ	გორგასლის	12
ესპანეთის	სამოქალაქო	12
ეს	უნდა	12
ეს	სისტემა	12
ეს	მოვლენა	12
ეს	ასევე	12
ეროვნული	ცენტრის	12
ეროვნულ	პარკს	12
ერთ	მხარეს	12
ელექტრონული	მუსიკის	12
ეკონომიკისა	და	12
ეკლესიისა	და	12
ე	მუხლით	12
დღე	იყო	12
დუშეთიდან	დაშორებულია	12
დროს	იყო	12
დროს	დაიწყო	12
დისერტაცია	თემაზე	12
დიდი	შთაბეჭდილება	12
დიდი	ლიახვის	12
დიდ	ინტერესს	12
დედის	მხრიდან	12
დედაქალაქი	გახდა	12
დედაქალაქ	ჰავანა	12
დაცული	ტერიტორია	12
დაცილებული	შტატის	12
დასარტყმელი	საკრავები	12
დასავლეთ	რომის	12
დამოუკიდებლობა	გამოაცხადა	12
და	ხელახლა	12
და	ხალხის	12
და	წინ	12
და	წვრილი	12
და	ცოტა	12
და	ცნობილი	12
და	ცდილობს	12
და	ჩრდილოეთის	12
და	შიგ	12
და	შემოდგომაზე	12
და	ღრმა	12
და	ქართულ	12
და	ქართლის	12
და	ფიზიკური	12
და	ფართო	12
და	სუფთა	12
და	სულიერი	12
და	სომხეთი	12
და	სიტყვები	12
და	სიკვდილით	12
და	საჰაერო	12
და	საჭირო	12
და	სასულიერო	12
და	სანამ	12
და	სად	12
და	სააკაშვილის	12
და	რკინის	12
და	პასუხებს	12
და	ომის	12
და	მუსიკის	12
და	მომდევნო	12
და	მიუხედავად	12
და	მთის	12
და	მეც	12
და	მაშინ	12
და	მაღალ	12
და	კანადაში	12
და	კავკასიაში	12
და	თბილი	12
და	ევროპა	12
და	გრძელდება	12
და	აღმოსავლეთით	12
და	აქვს	12
და	ადვილად	12
გურიის	დაბლობზე	12
გრიგოლ	ხანძთელის	12
გიორგი	სააკაძე	12
გერმანიის	ეროვნული	12
გელათის	მონასტერი	12
გახდა	ცნობილი	12
გახდა	პირველი	12
გაცილებით	მეტი	12
გარკვეული	პერიოდის	12
გარდა	სხვა	12
განსაკუთრებული	ყურადღება	12
განათლების	სამინისტროს	12
გამოყენებული	იქნა	12
გაიყიდა	მისი	12
გაზაფხულსა	და	12
გადამწყვეტი	ბრძოლა	12
გადაიღო	ფილმი	12
ბუდეს	იკეთებს	12
ბრძოლაში	დაიღუპა	12
ბევრი	ცნობილი	12
ბევრ	ქვეყანაში	12
ბარაკ	ობამას	12
ახალციხის	მუნიციპალიტეტში	12
ახალი	აღთქმის	12
აჭარის	ავტონომიურ	12
აცილების	მიზნით	12
აღსანიშნავია	რომ	12
აღსანიშნავია	ის	12
აღმოჩენილი	იქნა	12
აღმასრულებელი	კომიტეტის	12
აღდგენის	შემდეგ	12
აქვთ	უფლება	12
აფხაზეთის	კავკასიონის	12
აუცილებელი	იყო	12
ატმოსფერული	ნალექების	12
ასევე	მოიცავს	12
არსებობდა	და	12
არის	რიგით	12
არის	დიდი	12
არის	დამოკიდებული	12
არის	ასევე	12
არავის	არ	12
არ	შემიძლია	12
არ	შეესაბამება	12
არ	იცვლება	12
ანტიკური	ხანა	12
ანატოლიის	რეგიონი	12
ამჟამად	კი	12
ამჟამად	იგი	12
ამის	მერე	12
ამერიკის	კინოაკადემიის	12
ამბროსი	ხელაიას	12
ამას	დაემატა	12
ამ	ჯგუფის	12
ამ	წლებში	12
ამ	ფილმის	12
ამ	სახელით	12
ამ	საკითხთან	12
ამ	პრობლემის	12
ამ	თვალსაზრისით	12
ამ	თანამდებობაზე	12
ამ	ბოლო	12
ამ	ალბომზე	12
ამ	ადგილს	12
ალაზნის	მარჯვენა	12
ალაზნის	მარცხენა	12
ათონის	მთაზე	12
ადმინისტრაციულად	იყოფა	12
ადგილობრივი	მნიშვნელობის	12
ადამიანს	კმ	12
აგვისტოს	ომის	12
აგებულ	იქნა	12
ჰყავს	ორი	11
ჯილდოს	მფლობელი	11
ჯვაროსნული	ლაშქრობა	11
ჯგუფთან	ერთად	11
ხშირად	იყენებენ	11
ხელში	ჩაგდება	11
ხელშეკრულების	ორგანიზაცია	11
ხელისუფლების	დამყარების	11
ხელი	და	11
ჭიათურის	მუნიციპალიტეტში	11
წყნარ	ოკეანეს	11
წყლის	ზედაპირზე	11
წყაროებში	პირველად	11
წყაროების	მიხედვით	11
წყალტუბოს	მუნიციპალიტეტში	11
წუთის	წინ	11
წმინდა	პეტრე	11
წმინდა	მამა	11
წმინდა	გიორგი	11
წლიური	რაოდენობა	11
წლისა	იყო	11
წლის	სეზონში	11
წლის	მიხედვით	11
წლის	მეორე	11
წლის	მარტიდან	11
წლის	ივნისიდან	11
წლიდან	იგი	11
წლიდან	და	11
წლებში	ხელმძღვანელობდა	11
წლებში	საქართველოს	11
წინააღმდეგ	ბრძოლის	11
წინ	უძღოდა	11
წიგნი	და	11
წელს	ჩამოყალიბდა	11
წელს	შექმნა	11
წელს	უკვე	11
წელს	საქართველოში	11
წელს	დიდი	11
წელს	დაწერა	11
წელს	აიგო	11
წარმომადგენელთა	პალატა	11
წარმოადგენდა	და	11
ძირითადად	გამოიყენება	11
ძველ	საქართველოში	11
ცხოვრებასა	და	11
ცეცხლოვანი	მიწის	11
ცენტრი	ბრიზბენი	11
ცენტრალური	ევროპა	11
ჩრდილოეთიდან	სამხრეთისკენ	11
ჩვენამდე	მოღწეული	11
ჩვენამდე	მოაღწია	11
ჩვენ	უნდა	11
ჩემპიონის	ტიტული	11
ჩაწერილი	იქნა	11
შუა	ნაწილი	11
შორის	მანძილი	11
შორის	კი	11
შორეულ	აღმოსავლეთში	11
შიდა	ქართლში	11
შენობა	და	11
შემოღებულ	იქნა	11
შემორჩენილია	მხოლოდ	11
შემდეგ	მის	11
შეიძლება	გამოიწვიოს	11
შეიძლება	აღნიშნავდეს	11
შეიძლება	არ	11
შეიარაღებული	კონფლიქტი	11
შედარებით	დაბალი	11
შავ	ზღვაზე	11
ყურადღება	უნდა	11
ყოფილა	და	11
ყვითელი	და	11
ყველაზე	კარგი	11
ყველა	დანარჩენი	11
ღია	და	11
ღვთისმშობლის	მიძინების	11
ქვიშაქვებითა	და	11
ქვეყნის	მოსახლეობის	11
ქვეყნებში	და	11
ქედის	მუნიციპალიტეტი	11
ქართული	პარტიის	11
ქართულ	სათვალავში	11
ქართლის	ცხოვრება	11
ქალაქის	მერია	11
ქალაქ	დუშეთიდან	11
ფილოსოფიის	დოქტორის	11
ფილმის	გადაღება	11
ფიზიკისა	და	11
ფართოდ	იყენებენ	11
ფართოდ	გავრცელდა	11
უხსოვარი	დროიდან	11
უფროსი	და	11
უფრო	მოგვიანებით	11
უფრო	დიდ	11
უფლება	მოიპოვა	11
უნივერსიტეტის	დამთავრების	11
უნდა	იქნეს	11
უმაღლესი	წერტილია	11
უკმაყოფილო	იყო	11
უკვე	რამდენიმე	11
უერთდება	მდინარე	11
ტყის	პირებზე	11
ტერიტორია	და	11
სხვა	ქვეყნების	11
სხვა	გზა	11
სწორედ	მან	11
სწორად	ამ	11
სული	უფალს	11
სულ	არ	11
სუბტროპიკულ	და	11
სტატიის	ბმული	11
სსრ	უმაღლესი	11
სოციალისტური	შრომის	11
სოფელი	ჭიათურის	11
სომხური	ენა	11
სმ	სიმაღლის	11
სიცოცხლის	განმავლობაში	11
სიუჟეტის	მიხედვით	11
სინამდვილეში	კი	11
სიმღერისა	და	11
სიკვდილით	დასჯის	11
სიგრძე	შეადგენს	11
სია	დისკი	11
სერია	ა	11
სენაკის	მუნიციპალიტეტში	11
სეზონის	დასაწყისში	11
საჯარო	სკოლის	11
სახეობა	იზრდება	11
სახეობა	გვხვდება	11
სახელობის	პრემია	11
სახელობის	ოპერისა	11
სახელმწიფო	უშიშროების	11
სახელმწიფო	იყო	11
სახელმწიფო	თეატრის	11
სახალხო	რესპუბლიკა	11
სახალხო	კრების	11
საშუალებას	აძლევდა	11
საყოველთაოდ	აღიარებული	11
საქართველოს	ტექნიკური	11
საქართველოს	კულტურის	11
საქართველოს	კანონმდებლობით	11
საქართველოს	დამფუძნებელი	11
საქართველოს	დამსახურებული	11
საქართველოს	ბანკის	11
საფეხბურთო	ჩემპიონატის	11
საუკუნის	პირველ	11
საუკუნის	ბოლოს	11
საუკეთესო	ფეხბურთელი	11
სასტიკად	აწამეს	11
სასამართლო	პროცესი	11
სასამართლო	პროცესზე	11
საოპერო	თეატრის	11
სანაპიროზე	და	11
სამხრეთით	ესაზღვრება	11
სამხრეთ	საქართველოში	11
სამხრეთ	აფრიკა	11
სამეცნიერო	ფანტასტიკის	11
საკმაოდ	ბევრი	11
საკათედრო	ტაძრის	11
საზოგადოების	წევრი	11
საერთაშორისო	დონეზე	11
სადაც	მდებარეობს	11
საგარეო	პოლიტიკის	11
საბჭოთა	და	11
საათით	ადრე	11
ს	მიაღწია	11
რუსეთი	და	11
როცა	მათ	11
რომლის	შესახებაც	11
რომლის	შედეგადაც	11
რომლის	ვერცხლის	11
რომის	რესპუბლიკის	11
რომელსაც	შემდეგ	11
რომელსაც	არ	11
რომელმაც	მას	11
რომელიც	უზრუნველყოფს	11
რომელიც	სათავეს	11
რომელიც	მოგვიანებით	11
რომელიც	მანამდე	11
რომელიც	გამოვიდა	11
რომელიც	აგებულია	11
რომელიმე	სხვა	11
რომ	ჯერ	11
რომ	ჯგუფი	11
რომ	ყოფილიყო	11
რომ	უფრო	11
რომ	რაღაც	11
რომ	მასში	11
რომ	ერთხელ	11
როლინგ	სტოუნი	11
როდესაც	მისი	11
როდესაც	ისინი	11
რიონის	მარჯვენა	11
რვა	წლის	11
რესპუბლიკური	პარტიის	11
რესპუბლიკის	მთავრობის	11
რაც	ხელს	11
რაც	მისი	11
რატომ	არის	11
რაოდენობა	უდრის	11
რამდენიმე	ხნის	11
რაიონის	ტერიტორიაზე	11
რადგან	მან	11
რადგან	მათი	11
რადგან	აქ	11
რა	ვქნა	11
პროფესორი	და	11
პროვინციის	ტერიტორიაზე	11
პრეზიდენტის	მოვალეობის	11
პოლიტიკური	გაერთიანება	11
პოლიტექნიკური	ინსტიტუტის	11
პირველობაზე	ჭადრაკში	11
პირველი	ქალი	11
პირველი	სამი	11
პირველად	ეს	11
პინკ	ფლოიდი	11
პერუს	რეგიონები	11
პარლამენტის	მიერ	11
ოჯახის	წევრებს	11
ოცი	წლის	11
ოსკარი	საუკეთესო	11
ორი	ძირითადი	11
ორი	კვირის	11
ორი	ვაჟი	11
ორი	ან	11
ორი	ადამიანი	11
ორდენით	და	11
ორგანოების	არჩევნები	11
ოლქის	ადმინისტრაციული	11
ოლიმპიადის	მესამე	11
ოკეანის	სანაპირო	11
ნიშნავს	და	11
ნიუ	იორკის	11
ნერვული	სისტემის	11
ნებისმიერ	დროს	11
ნაწილს	და	11
ნაპოლეონ	ბონაპარტი	11
მხოლოდ	მეორე	11
მხოლოდ	მათი	11
მხარის	ტყიბულის	11
მძიმე	მდგომარეობაში	11
მუშათა	პარტია	11
მუსიკოსი	და	11
მუსიკის	ისტორიაში	11
მუნიციპალიტეტში	არის	11
მუზეუმში	დაცულია	11
მტრის	წინააღმდეგ	11
მტკნარი	წყლის	11
მსოფლიო	თასის	11
მრავალწლოვანი	ბალახებია	11
მრავალი	ადამიანი	11
მოძრაობა	და	11
მოღვაწეობას	ეწეოდა	11
მოქმედება	მიმდინარეობს	11
მოსახლეობა	დაახლოებით	11
მოპოვების	შემდეგ	11
მოპირდაპირე	მხარეს	11
მონაწილეობა	არ	11
მონაცემებით	სოფელ	11
მონაცემებით	მოსახლეობის	11
მოიხსენიებენ	როგორც	11
მოახერხა	და	11
მმართველობის	ქვეშ	11
მიხეილ	სააკაშვილს	11
მიხეილ	სააკაშვილმა	11
მიხედვით	სოფელში	11
მიწისქვეშა	წყლებით	11
მიღებული	და	11
მისი	უფროსი	11
მისი	ნაწარმოებები	11
მისი	მშენებლობა	11
მისი	მონაწილეობით	11
მისი	მეორე	11
მისი	მასწავლებელი	11
მისი	ერთადერთი	11
მის	წინ	11
მინერალური	წყალი	11
მიმდებარე	ტერიტორიაზე	11
მიმართულებით	და	11
მიზნის	მისაღწევად	11
მივიდა	და	11
მიერ	ჩატარებული	11
მიერ	შემოთავაზებული	11
მიერ	დაარსებული	11
მთელი	ღამე	11
მთელი	ქვეყნის	11
მთელი	ეს	11
მთელი	ამ	11
მთელ	ტერიტორიაზე	11
მთელ	სიგრძეზე	11
მთავარი	იყო	11
მთავარ	როლებს	11
მზად	იყო	11
მეცხრამეტე	საუკუნის	11
მეტი	სახეობაა	11
მეტი	არაფერი	11
მეორე	ნახევარი	11
მეგობრებთან	ერთად	11
მე	მგონი	11
მდინარე	თერგის	11
მაშ	ასე	11
მაღლა	მდებარე	11
მას	ჰყავდა	11
მას	შემდგომ	11
მას	თავისი	11
მას	ამ	11
მარჯვნიდან	მარცხნივ	11
მარჯვენა	სანაპირო	11
მარველის	კომიქსების	11
მან	უნდა	11
მან	უარი	11
მან	პირველმა	11
მან	პირველი	11
მან	მონაწილეობა	11
მან	თავი	11
მაიას	ცივილიზაცია	11
მაია	ჩიბურდანიძე	11
მათი	უმეტესობა	11
მათი	მთავარი	11
მათ	მხოლოდ	11
მათ	და	11
მაგრამ	ფაქტია	11
მაგრამ	მიუხედავად	11
მაგრამ	ისინი	11
მაგრამ	იმ	11
მაგრამ	არც	11
ლორწოვანი	გარსის	11
ლეონის	სამეფო	11
ლაშქრობის	დროს	11
კუნძული	მდებარეობს	11
კრიზისის	დროს	11
კოტე	მარჯანიშვილის	11
კონცერტის	თარიღი	11
კონფლიქტის	ზონაში	11
კოლხეთის	დაბლობი	11
კოლუმბიის	უნივერსიტეტი	11
კილომეტრითაა	დაშორებული	11
კიდევ	ძვ	11
კი	უკვე	11
კი	საერთოდ	11
კი	არის	11
კვირით	ადრე	11
კერძო	სადაზღვევო	11
კახეთის	სამეფოს	11
კაცი	იყო	11
კანის	კინოფესტივალი	11
კავკასიასა	და	11
იცის	გაზაფხულზე	11
იყო	ქვეყნის	11
იყო	რომის	11
იყო	მის	11
იყო	თავისი	11
იყო	განლაგებული	11
იქნება	და	11
იქნა	აღმოჩენილი	11
იქ	არ	11
იურიდიული	ფაკულტეტი	11
იტალიის	საფეხბურთო	11
ისტორიის	მუზეუმი	11
ისინი	და	11
ისე	როგორც	11
იოანე	ნათლისმცემლის	11
ინფორმაცია	არ	11
ინტერესებიდან	გამომდინარე	11
ინდოევროპული	ენები	11
ინგლისურ	ენაზე	11
იმპერიის	შემადგენლობაში	11
იმის	გათვალისწინებით	11
იმერეთის	დაბლობი	11
იმ	პერიოდის	11
ითვლებოდა	და	11
იზრდებოდა	და	11
იდგა	და	11
იგი	ძირითადად	11
იგი	ცნობილი	11
იგი	შეიძლება	11
იგი	მუშაობდა	11
იგი	დაიბადა	11
ია	და	11
თუმცა	ყველა	11
თუმცა	საბოლოოდ	11
თუმცა	ასევე	11
თუმცა	არა	11
თუ	რომელ	11
თვეებია	ივლისი	11
თეთრი	ან	11
თბილისსა	და	11
თბილისის	საპატიო	11
თბილისის	ოპერის	11
თანამედროვე	ხელოვნების	11
თამაშის	დროს	11
თამაში	ჩაატარა	11
თავისუფლების	მოედანი	11
თავისუფალი	ევროპა	11
თავის	წიგნში	11
ზუგდიდის	მუნიციპალიტეტის	11
ზემო	და	11
ზამთარი	და	11
ვიწრო	და	11
ვინაიდან	იგი	11
ვერ	ხერხდება	11
ვენესუელის	მუნიციპალიტეტები	11
ვაჟი	და	11
ეწოდება	ამ	11
ექვსი	წლის	11
ესენი	იყვნენ	11
ესაზღვრება	წყნარი	11
ეს	უკვე	11
ეს	სიტყვები	11
ეს	ნაბიჯი	11
ეს	მაჩვენებელი	11
ეს	იმ	11
ეს	თანამდებობა	11
ეს	გეგმა	11
ეროვნული	საბჭოს	11
ეროვნულ	ცენტრში	11
ერთხელ	და	11
ერთი	ასეთი	11
ერთად	იგი	11
ერთა	თასის	11
ერთ	ადგილას	11
ეპარქიის	მიტროპოლიტი	11
ელექტრონული	მუსიკა	11
ეგვიპტიური	საგუბერნატორო	11
ე	წუთზე	11
ე	საუკუნის	11
ე	ნომერში	11
დღის	წესრიგში	11
დღეს	იგი	11
დროსა	და	11
დროის	საუკეთესო	11
დრო	არ	11
დიდმა	ნაწილმა	11
დიდი	სამამულო	11
დემოკრატიულ	რესპუბლიკაში	11
დედოფლისწყაროს	მუნიციპალიტეტი	11
დე	ნირო	11
დასავლეთიდან	აღმოსავლეთისაკენ	11
დასავლეთი	ევროპა	11
დასავლეთი	ავსტრალიის	11
დასაბამი	მისცა	11
დანარჩენი	კი	11
დამფუძნებელი	კრების	11
დაინტერესებული	იყო	11
დაიბადა	ცნობილი	11
დაზღვევის	სისტემის	11
დავითის	ძე	11
დავით	აღმაშენებელმა	11
დაბადების	შემდეგ	11
დაახლოებით	ერთი	11
დაამთავრა	მოსკოვის	11
დაამარცხა	რა	11
და	ჯონ	11
და	ხელს	11
და	წმ	11
და	წავიდა	11
და	ცივი	11
და	ჩრდილოეთით	11
და	ჩინეთის	11
და	შესაძლოა	11
და	შემდგომში	11
და	შედეგად	11
და	ქართველ	11
და	უბრალო	11
და	სუბალპური	11
და	სახელი	11
და	სამხრეთის	11
და	საზოგადოებრივ	11
და	საეკლესიო	11
და	საგარეო	11
და	რთული	11
და	პარლამენტის	11
და	პარიზის	11
და	ნანა	11
და	ნაკლებად	11
და	მიხეილ	11
და	მისთ	11
და	მთელს	11
და	მთავრდება	11
და	მეფე	11
და	მეტად	11
და	მეოთხე	11
და	მამის	11
და	მალევე	11
და	მათზე	11
და	ლურჯი	11
და	ლეონის	11
და	ლამაზი	11
და	თქვა	11
და	თბილისში	11
და	თანაც	11
და	თავიანთ	11
და	ვინ	11
და	ესპანეთი	11
და	ესაზღვრება	11
და	ერთად	11
და	ეკონომიკურ	11
და	ეთნოგრაფიის	11
და	დღესაც	11
და	დროის	11
და	დეკორატიული	11
და	დევიდ	11
და	დედამიწის	11
და	დამხმარე	11
და	გადაწყვიტეს	11
და	ბრინჯაოს	11
და	ახალგაზრდა	11
და	აღმოსავლეთი	11
და	ამიერკავკასიაში	11
და	ამასთანავე	11
და	ალექსანდრე	11
და	ადგილობრივ	11
და	ადამიანების	11
გურიის	ქედის	11
გუნდთან	ერთად	11
გრძელი	და	11
გრაფიკული	სიმბოლო	11
გორის	მუნიციპალიტეტი	11
გვიან	ღამით	11
გერმანულ	და	11
გერმანიის	იმპერია	11
გეოგრაფიული	საზოგადოების	11
გენერალური	შტაბის	11
გეგმის	მიხედვით	11
გარს	აკრავს	11
გარდა	იმ	11
განვითარებასა	და	11
განახლებადი	ენერგიის	11
გამოხმაურება	სტატიის	11
გამოც	მას	11
გამოჩენილი	ქართველი	11
გამოიყენებოდა	როგორც	11
გამოიყენა	და	11
გამოეცხადა	და	11
გამო	რომ	11
გამო	ვერ	11
გამარჯვებული	გახდა	11
გამავრცელებელი	საზოგადოების	11
გავრცელებულია	სამხრეთ	11
გაერთიანების	შემდეგ	11
გადასვლის	შემდეგ	11
ბრძოლა	და	11
ბრიტანეთის	იმპერიის	11
ბოლომდე	არ	11
ბოლო	წლების	11
ბოლო	ტურის	11
ბნელი	რაინდი	11
ბილბორდის	ცხელი	11
ბიზანტიის	იმპერატორი	11
ბერძნული	მითოლოგია	11
ახალი	წელი	11
აღსანიშნავია	ისიც	11
აღმოსავლეთ	ფასადზე	11
აღმოსავლეთ	ევროპაში	11
აღიარება	მოიპოვა	11
აღდგომის	კუნძული	11
აღარ	ჰქონდა	11
აქტიური	წევრი	11
აქტიური	მონაწილეობა	11
აქვს	რამდენიმე	11
აქვს	გატანილი	11
აქ	იგი	11
აქ	არ	11
აფრიკისა	და	11
აფეთქების	შედეგად	11
ატლანტის	ოკეანეს	11
ასევე	ხშირად	11
ასევე	იმ	11
ასევე	აღსანიშნავია	11
ასე	იყო	11
ასაკში	დაიწყო	11
არსებობს	ორი	11
არის	შეტანილი	11
არის	სხვადასხვა	11
არის	საჭირო	11
არის	რკინიგზის	11
არის	პატარა	11
არის	მხოლოდ	11
არის	მსოფლიოში	11
არის	გამოხატული	11
არის	აუცილებელი	11
არგენტინის	არგენტინის	11
არასამთავრობო	ორგანიზაცია	11
არა	უმეტეს	11
არა	მისი	11
არა	თუ	11
არ	შეიცავს	11
არ	სურდათ	11
არ	მოხდა	11
არ	მოუღწევია	11
არ	აპირებდა	11
ან	რაიმე	11
ან	მეტი	11
ან	თუნდაც	11
ამიტომ	მას	11
ამიტომ	მათ	11
ამერიკაში	და	11
ამ	ჯგუფში	11
ამ	ხნის	11
ამ	ფილმში	11
ამ	ტერმინის	11
ამ	საქმის	11
ამ	საკითხს	11
ამ	პროექტის	11
ამ	პერიოდს	11
ამ	ომის	11
ამ	დრომდე	11
ალპური	და	11
ალესანდრო	დელ	11
აკრძალული	იყო	11
ათონის	მთა	11
აზერბაიჯანსა	და	11
ავსტრალიის	ქალაქებს	11
ადმინისტრაციული	ერთეული	11
ადმინისტრაციულ	ცენტრს	11
ადგილობრივი	ხელისუფლების	11
ადგილი	ადგილი	11
ადამიანის	მიერ	11
ადამიანი	დაიღუპა	11
აგრეთვე	იყო	11
ჰარი	პოტერის	10
ჯორჯ	ვაშინგტონი	10
ჯგუფის	წევრების	10
ხშირი	იყო	10
ხულოს	მუნიციპალიტეტში	10
ხონის	მუნიციპალიტეტში	10
ხოლო	მეორეს	10
ხელში	იყო	10
ხელში	და	10
ხელფეხშეკრული	კოლხურით	10
ხელს	უშლის	10
ხელი	შეუშალა	10
ხასიათი	და	10
ხანგრძლივი	და	10
ხან	კი	10
ხალხის	მიერ	10
ჭადრაკში	ქალთა	10
წყლის	მოცულობა	10
წყლის	დონე	10
წუთით	ადრე	10
წმინდა	ნაწილები	10
წლის	ოქტომბრიდან	10
წლის	ივლისიდან	10
წლის	თებერვლის	10
წლის	თავზე	10
წლის	ზაფხულის	10
წლის	არჩევნებში	10
წლებში	თბილისის	10
წინააღმდეგობის	მოძრაობა	10
წინა	კიდურები	10
წელს	ჩაირიცხა	10
წელს	ჩააბარა	10
წელს	როგორც	10
წელს	მიღებული	10
წელს	დაასრულა	10
წელს	ამ	10
წელს	ალექსანდრე	10
წევრები	იყვნენ	10
წარმომადგენელი	იყო	10
წარმატება	მოუტანა	10
ძირითადად	ცხოვრობენ	10
ძილის	წინ	10
ძველი	ეგვიპტელები	10
ძეგლთა	დაცვის	10
ძალიან	მიყვარს	10
ძალიან	მალე	10
ძალიან	ბევრ	10
ძალაუფლების	ხელში	10
ძალა	და	10
ცხოვრებას	და	10
ცხენისწყლის	მარჯვენა	10
ცხადი	იყო	10
ცოლად	გაჰყვა	10
ციხე	და	10
ცეცხლის	შეწყვეტის	10
ცენტრში	და	10
ცენტრი	გახდა	10
ჩრდილოეთის	ყინულოვანი	10
ჩრდილოეთ	ატლანტიკის	10
ჩრდილო	და	10
ჩილელი	პოლიტიკური	10
ჩვენს	ქვეყანაში	10
ჩვენი	ქვეყანა	10
ჩვენთან	ერთად	10
ჩვენ	თვითონ	10
ჩემი	ცხოვრების	10
ჩაუყარა	საფუძველი	10
ჩამოედინება	მდინარე	10
შტეიტის	გამოსასწორებელი	10
შტატის	დასახლებული	10
შრომის	გმირი	10
შრომები	ეხება	10
შორეულ	წარსულში	10
შვეიცარიული	სისტემით	10
შექმნილი	აქვს	10
შეუძლებელი	გახდა	10
შერლოკ	ჰოლმსი	10
შენ	ხარ	10
შემდეგ	მათი	10
შემადგენლობაში	იყო	10
შეიძლება	მხოლოდ	10
შეიძლება	მოხდეს	10
შეიქმნა	და	10
შეერთების	შემდეგ	10
შედეგად	მიღებული	10
შედგა	და	10
შეგროვება	და	10
შეადგენს	დაახლოებით	10
შავი	იმერეთი	10
ყოფილი	სსრკ	10
ყოველწლიური	რაოდენობა	10
ყინულოვანი	ოკეანე	10
ყვირილის	მარჯვენა	10
ყვირილის	მარცხენა	10
ყველაფერი	ეს	10
ყველაზე	ხანგრძლივი	10
ყველაზე	ცნობილია	10
ყველაზე	რთული	10
ყველაზე	მსხვილი	10
ყველაზე	მაღლა	10
ყველაზე	გავრცელებულია	10
ყველა	სიმღერა	10
ღვთისმშობლის	სახელობის	10
ღამის	კლუბში	10
ქრისტიანობის	გავრცელების	10
ქრისტეფორე	კოლუმბმა	10
ქიმიის	დარგში	10
ქვეშ	და	10
ქვეყნის	ცენტრალურ	10
ქვეყნის	აღმოსავლეთ	10
ქვეყანაში	და	10
ქვედა	ნაწილი	10
ქართული	ფოლკლორი	10
ქართული	ეკლესია	10
ქართული	ანბანი	10
ქართლის	მეფე	10
ქალთა	გუნდებს	10
ქალაქის	კოორდინატები	10
ქალაქი	არის	10
ფრანგული	და	10
ფორმისა	და	10
ფილოსოფიისა	და	10
ფილმში	მონაწილეობენ	10
ფილმის	სიუჟეტი	10
ფიდელ	კასტრო	10
ფართოდ	გავრცელებული	10
ფართოდ	არიან	10
უძველეს	დროში	10
უფროსი	ვაჟი	10
უფრო	ძლიერი	10
უფრო	ღრმად	10
უფრო	პოპულარული	10
უფრო	მაღალ	10
უფრო	იშვიათად	10
უფრო	გაიზარდა	10
უნდა	იქნას	10
უნდა	გახდეს	10
უკრაინასა	და	10
უკან	დახევა	10
უკან	დაიხია	10
უკან	დაბრუნება	10
უზენაესი	სასამართლოს	10
უეფას	ევროპის	10
უდიდესი	იყო	10
უდიდესი	გავლენა	10
უარი	განაცხადეს	10
ტრავმა	მიიღო	10
ტექნიკური	უნივერსიტეტის	10
ტექნიკა	და	10
ტევტონთა	ორდენი	10
ტახტზე	ავიდა	10
სხვადასხვა	ქვეყანაში	10
სხვადასხვა	ზომის	10
სხვა	ხალხების	10
სხვა	ტიპის	10
სწორედ	მის	10
სწორედ	მათ	10
სულ	ესაზღვრება	10
სტატუსი	და	10
სსრ	მეცნიერებათა	10
სოფლის	ძველი	10
სოფლის	ცენტრში	10
სოფლის	მეურნეობას	10
სოფელი	ხონის	10
სოფელი	საჩხერის	10
სოფელი	ახალციხის	10
სომხეთსა	და	10
სიტყვაა	შეცვლილი	10
სისტემისა	და	10
სისტემა	და	10
სიკვდილით	დასაჯა	10
სიაში	შეიყვანა	10
სახით	და	10
სახელმწიფოს	შორის	10
სახელმწიფო	მუზეუმში	10
სახელმწიფო	გერბის	10
სახე	და	10
სახალხო	არმია	10
საქმე	იმაშია	10
საქმე	არ	10
საქართველოში	მხოლოდ	10
საქართველოს	ხელისუფლებას	10
საქართველოს	სამეფო	10
საქართველოს	რესპუბლიკური	10
საქართველოს	მოქალაქეთა	10
საქართველოს	კონსტიტუცია	10
საქართველოს	არ	10
საფრანგეთის	ცენტრალურ	10
საფრანგეთის	დიდი	10
საფეხბურთო	ნაკრების	10
საუკუნეების	ქართული	10
საუკეთესო	ბომბარდირი	10
სასარგებლო	წიაღისეული	10
საპატიო	მოქალაქე	10
საპარლამენტო	არჩევნების	10
სამხრეთისა	და	10
სამხრეთიდან	და	10
სამხრეთი	ავსტრალია	10
სამხრეთ	სანაპიროზე	10
სამხრეთ	აზიაში	10
სამშობლოში	დაბრუნდა	10
სამურზაყანოს	დაბლობზე	10
სამი	დიდი	10
სამეფოს	შემადგენლობაში	10
სამეფო	და	10
სამაუწყებლო	კომპანია	10
სალიტერატურო	ენის	10
საკუთარ	თავში	10
საკმარისი	არ	10
საინფორმაციო	სააგენტო	10
სათვალავში	აღნიშნავდა	10
საზოგადოებისა	და	10
სავაჭრო	ცენტრი	10
სავალდებულო	დაზღვევის	10
საერთო	სამაგისტრო	10
სადგურებს	შორის	10
საგარეო	პოლიტიკაში	10
საგანგებო	და	10
საბჭოთა	საქართველოს	10
საბჭოთა	კავშირს	10
საავტორო	უფლებების	10
საავტორო	უფლება	10
საავტომობილო	მაგისტრალი	10
რჩება	და	10
რუსთაველის	გამზირი	10
რუსეთში	და	10
რუსეთის	წინააღმდეგ	10
რუსეთის	სამხედრო	10
რომლის	ძირითადი	10
რომლებიც	გავრცელებულია	10
რომეო	და	10
რომელსაც	ისინი	10
რომელიც	რუსეთის	10
რომელიც	მიზნად	10
რომელიც	მთლიანად	10
რომელიც	მთელ	10
რომელთა	შორისაც	10
რომელთა	უმრავლესობა	10
რომ	წმინდა	10
რომ	ძალიან	10
რომ	შენ	10
რომ	უკვე	10
რომ	როდესაც	10
რომ	რამდენიმე	10
რომ	მისთვის	10
რომ	ზოგიერთი	10
რომ	დიდი	10
რომ	ამას	10
როლებს	ასრულებენ	10
როგორც	ქართული	10
როგორც	ის	10
როგორც	ზემოთ	10
როგორც	ერთი	10
როგორც	ამბობენ	10
როგორც	ამას	10
რიყის	ქვით	10
რესპუბლიკის	შემადგენლობაში	10
რესპუბლიკის	სახელმწიფო	10
რეჟისორი	და	10
რეჟიმის	წინააღმდეგ	10
რამდენიმე	წლით	10
რამდენიმე	კვირის	10
რამდენიმე	დღით	10
რამაც	ხელი	10
რათა	მათ	10
რათა	არ	10
რადიო	თავისუფალი	10
ჟან	ბატისტ	10
პუბლიუს	დეციუს	10
პროვინციის	სტატუსი	10
პროვინცია	ადმინისტრაციულად	10
პროექტი	ეკუთვნის	10
პრემიერ	ლიგაში	10
პრეზიდენტობის	დროს	10
პოტერი	და	10
პორტუგალიური	ენა	10
პოლიტიკური	პარტიების	10
პლატონ	იოსელიანი	10
პირიქითი	ალაზანი	10
პირის	ღრუს	10
პირველი	შემთხვევა	10
პირველი	რომანი	10
პირველი	ეროვნული	10
პირველი	ასვლა	10
პირველად	მოხსენიებულია	10
პერიოდული	სისტემის	10
პედაგოგიური	ინსტიტუტის	10
პაოლო	მალდინი	10
ოჯახი	და	10
ოჯახთან	ერთად	10
ოფიციალური	საზღვარი	10
ორივე	მხარე	10
ორი	ნაწილისაგან	10
ორი	თვის	10
ორგანიზატორი	და	10
ნიკოლოზის	ძე	10
ნერვული	სისტემა	10
ნახევარი	საუკუნის	10
ნალექების	ყოველწლიური	10
ნაკლებად	ცნობილი	10
მხრივ	იყოფა	10
მხოლოდ	სამი	10
მხარის	წყალტუბოს	10
მძიმე	იყო	10
მცირე	რაოდენობის	10
მცირე	იყო	10
მცირე	ანტილის	10
მცენარეული	საკვებით	10
მშრალი	და	10
მყარი	სხეულის	10
მუშაობდა	თბილისის	10
მუსიკალური	ვიდეო	10
მუნიციპალიტეტის	სოფლების	10
მუნიციპალიტეტის	ადმინისტრაციული	10
მტკვრისა	და	10
მრავალი	სახეობა	10
მოღვაწეთა	დიდუბის	10
მოსახლეობის	უმრავლესობას	10
მოსახლეობა	არის	10
მოსაზღვრე	ქვეყნებია	10
მონაწილეობას	იღებდნენ	10
მონაცემების	მიხედვით	10
მოვალეობის	შემსრულებელი	10
მოგვიანებით	მისი	10
მნიშვნელოვანი	და	10
მნიშვნელოვანი	გავლენა	10
მკვეთრად	განსხვავდება	10
მიღება	და	10
მისი	წინაპრები	10
მისი	უმაღლესი	10
მისი	უდიდესი	10
მისი	როლი	10
მისი	პოლიტიკური	10
მისი	ნამდვილი	10
მისი	ინიციატივით	10
მისი	ბოლო	10
მის	ძმას	10
მის	ცხოვრებაში	10
მის	შემოქმედებაში	10
მის	შემოქმედებას	10
მის	ფარგლებს	10
მის	გარეშე	10
მირანდას	შტატი	10
მიერ	დაწერილი	10
მიედინება	მდინარეები	10
მთელი	სიცოცხლის	10
მთელი	საქართველოს	10
მთელი	დღე	10
მთავარი	შენაკადებია	10
მთავარი	მწვრთნელი	10
მთავარი	მიზანი	10
მთავარი	თემა	10
მზის	სისტემა	10
მზად	არის	10
მექსიკის	პრეზიდენტი	10
მეფისა	და	10
მეტრს	შეადგენს	10
მეტრია	და	10
მეტი	იყო	10
მეტი	არ	10
მესამე	ტურის	10
მესამე	რაიხი	10
მეორე	დილით	10
მე	ერთი	10
მდინარის	სიგრძე	10
მდინარე	ცხენისწყალი	10
მდინარე	ჩრდილოეთ	10
მდებარეობს	ტასმანიის	10
მდებარეობს	კარიბის	10
მდებარეობს	ინდოეთის	10
მაშინ	იგი	10
მაშინ	ეს	10
მაღალი	დონე	10
მაქვს	და	10
მასწავლებელთა	სასერტიფიკაციო	10
მასში	შეტანილი	10
მას	ჰყავს	10
მას	კიდევ	10
მას	ეს	10
მარცხის	შემდეგ	10
მარტივი	და	10
მან	შეცვალა	10
მან	ითამაშა	10
მან	და	10
მამა	და	10
მალავის	რაიონები	10
მათ	უკან	10
მათ	მიმართ	10
მაგრამ	ჩვენ	10
მაგრამ	უშედეგოდ	10
მაგრამ	რა	10
მაგრამ	ერთი	10
მაგრამ	ერთ	10
მაგრამ	აქ	10
მაგალიანესი	და	10
ლიტერატურული	მოღვაწეობა	10
ლიდერი	იყო	10
ლევან	ჩხეიძე	10
ლათინურ	ამერიკაში	10
კრწანისის	ბრძოლა	10
კონტროლის	ქვეშ	10
კონსტანტინე	დიდის	10
კომუნები	მოსახლეობის	10
კომიტეტის	თავმჯდომარე	10
კლუბის	ისტორიაში	10
კიდევ	სხვა	10
კვერცხს	დებს	10
კვანტური	მექანიკის	10
კვალი	დატოვა	10
კეთილი	და	10
კალთის	ძირას	10
კალენდრის	მე	10
კავშირის	საფეხბურთო	10
კავკასიისა	და	10
იწყებს	მუშაობას	10
იძულებული	გახდნენ	10
იჩინა	თავი	10
იყო	მოთავსებული	10
იყო	მე	10
იყო	ისეთი	10
იყო	დამოკიდებული	10
იყო	გერმანიის	10
იყო	აგრეთვე	10
ისტორიკოსი	და	10
ისტორიის	მეცნიერებათა	10
ისიც	უნდა	10
ისინი	ხშირად	10
ის	პირველი	10
ინტერესს	იწვევს	10
ინდოეთის	ოკეანის	10
ინდოეთის	ოკეანეში	10
ინგლისურ	და	10
ინგლისელი	მწერალი	10
იმის	მიხედვით	10
იმას	რომ	10
იმ	შემთხვევაშიც	10
იმ	სეზონში	10
იმ	სახით	10
იმ	მიზეზით	10
იკვებებიან	მწერებით	10
ითვლება	და	10
ითარგმნება	როგორც	10
ივრის	ზეგანი	10
ივერიის	ღვთისმშობლის	10
ივერთა	მონასტერი	10
იერიში	მიიტანეს	10
იგი	ცნობილია	10
იგი	ცდილობს	10
იგი	საკმაოდ	10
იგი	მაინც	10
იგი	იძულებული	10
იგი	ითვლება	10
იაპონური	ენა	10
იან	წლების	10
თუმცა	თავად	10
თუ	შეიძლება	10
თუ	როგორი	10
თლილი	ქვით	10
თიხაფიქლებითა	და	10
თითოეულ	მათგანს	10
თეთრი	ფერის	10
თეთრი	სამეგრელო	10
თეთრი	კახეთი	10
თებერვალი	არის	10
თარიღი	უცნობია	10
თავს	ესხმიან	10
თავმჯდომარის	მოადგილე	10
თავისუფალი	ლექსის	10
ზურაბ	ჟვანიას	10
ზომიერ	და	10
ზედსართავი	სახელი	10
ზედა	ნაწილი	10
ზე	მეტს	10
ვიწრო	ხეობაში	10
ვესტ	ჰემ	10
ვერ	მოასწრო	10
ვერ	ვიტყვი	10
ვერ	ახერხებდა	10
ველური	ბუნების	10
ველურად	იზრდება	10
ვანის	მუნიციპალიტეტში	10
ესპანეთის	შემდეგი	10
ესპანეთის	პროვინცია	10
ეს	ტიტული	10
ეს	ტერიტორიები	10
ეს	საქმე	10
ეს	კაცი	10
ეს	თვისება	10
ეს	ერთი	10
ეროვნული	პარკების	10
ეროვნული	მოძრაობის	10
ეროვნული	კონგრესის	10
ეროვნული	ასამბლეა	10
ერთმანეთს	და	10
ერთმანეთის	მიმართ	10
ერთიანი	საქართველოს	10
ერთიან	ეროვნულ	10
ერთი	დიდი	10
ერთად	იყო	10
ერთად	ის	10
ენა	ეშვება	10
ეკლესიის	ავტოკეფალიის	10
ევროპის	ჩემპიონატის	10
ედუარდ	შევარდნაძე	10
ეგეოსის	ზღვა	10
ე	საშუალო	10
დღის	მანძილზე	10
დღემდე	უცნობია	10
დღე	და	10
დროს	მას	10
დროს	ამ	10
დროის	ყველაზე	10
დიდი	დრო	10
დიდ	ხანს	10
დიდ	მნიშვნელობას	10
დემოკრატიული	მოძრაობის	10
დელე	ალპიზე	10
დელ	პიეროს	10
დე	ფაქტო	10
დაჯილდოებულია	შრომის	10
დაჯილდოებული	იყო	10
დაწყების	წინ	10
დაცემის	შემდეგ	10
დაუბრუნდა	და	10
დატოვების	შემდეგ	10
დასრულდა	და	10
დასარტყამი	ინსტრუმენტები	10
დანალექი	ქანები	10
დამფუძნებელი	კრება	10
დამოუკიდებლობისათვის	ომის	10
დამოუკიდებლობის	აღდგენის	10
დაიკავა	და	10
დაიბადა	თბილისში	10
დაბრუნდა	სამშობლოში	10
დაამთავრა	საქართველოს	10
დაამთავრა	პეტერბურგის	10
და	ჰერცეგოვინა	10
და	ხდება	10
და	წარმოადგენდა	10
და	ძვ	10
და	ცეკვის	10
და	ცაიშის	10
და	შრომის	10
და	ფილოსოფია	10
და	ფაუნა	10
და	უცხო	10
და	ტურიზმი	10
და	ტრადიციული	10
და	ტბა	10
და	სხვანი	10
და	სიყვარულის	10
და	საცხოვრებელი	10
და	სასტიკად	10
და	სასამართლო	10
და	სარკინიგზო	10
და	სავარაუდოდ	10
და	საერო	10
და	საბანკო	10
და	რაიმე	10
და	რადგან	10
და	პოპულარული	10
და	პოლიციის	10
და	პირველად	10
და	პირადი	10
და	ოჯახის	10
და	მშრალი	10
და	მუშაობა	10
და	მსხვილი	10
და	მსუბუქი	10
და	მოქცევა	10
და	მოსახლეობის	10
და	მომავალი	10
და	მოკლე	10
და	მიმდებარე	10
და	მიემართება	10
და	მათგან	10
და	კომუნა	10
და	კვების	10
და	ითვლება	10
და	ივანე	10
და	თითქოს	10
და	თავდაპირველად	10
და	ზომიერად	10
და	ვინჩი	10
და	ვაჭრობის	10
და	ერთხელ	10
და	ეკონომიკის	10
და	დემოკრატიული	10
და	დასავლეთიდან	10
და	დაიწყეს	10
და	გარემოს	10
და	გარდაიცვალა	10
და	გამოსცა	10
და	ბუნების	10
და	აშშ	10
და	ადგილი	10
გმირები	არიან	10
გიტარისტი	და	10
გიორგი	ფოჩხუას	10
გზა	არ	10
გვხვდება	როგორც	10
გერმანულ	ენაზე	10
გერმანიის	ფედერაციული	10
გერმანიასა	და	10
გენერალური	დირექტორი	10
გაცილებით	დიდი	10
გაშენებულია	მდინარე	10
გაუქმების	შემდეგ	10
გასულ	წელს	10
გარეშე	არ	10
გარემოს	დაცვის	10
განყოფილების	გამგე	10
განსაკუთრებით	მნიშვნელოვანი	10
განმავლობაში	არ	10
განვითარებისა	და	10
განათლების	მიღების	10
გამოვიდა	მისი	10
გამოვიდა	დიდი	10
გამოვიდა	და	10
გამარჯვება	მოიპოვა	10
გაიტანა	და	10
გაითქვა	სახელი	10
გათხრების	დროს	10
გავლის	შემდეგ	10
ბუნებრივი	და	10
ბრძოლისა	და	10
ბრიტანეთსა	და	10
ბრაზილიის	ეროვნული	10
ბოლო	მოეღო	10
ბოლო	დრომდე	10
ბევრ	სხვა	10
ბებერ	ქალბატონს	10
ბაროკოს	სტილის	10
ბალტიის	ზღვაში	10
ბაკალავრის	ხარისხი	10
ბავშვი	იყო	10
ახალი	მემარჯვენეები	10
ახალ	სამხრეთ	10
აღმოსავლეთით	მდებარე	10
აღმოსავლეთიდან	და	10
აღმოსავლეთ	რომის	10
აქციის	მონაწილეებს	10
აქვს	მნიშვნელობა	10
აქვს	ამ	10
აქვე	აღსანიშნავია	10
ასვლა	განხორციელდა	10
ასეთ	ვითარებაში	10
ასეთ	დროს	10
ასევე	შესაძლებელია	10
ასევე	სხვადასხვა	10
არქეოლოგიური	მასალა	10
არქეოლოგიური	გათხრები	10
არსებობს	სხვა	10
არსებობის	შესახებ	10
არსებობა	და	10
არსებითი	სახელი	10
არის	ესპანეთის	10
არის	ეს	10
არის	განვითარებული	10
არის	აგებული	10
არგენტინის	პროვინციები	10
არა	ის	10
არ	შეცვლილა	10
არ	უყვარდა	10
არ	სჭირდება	10
არ	სურს	10
არ	მოსწონდა	10
არ	მიყვარს	10
არ	მისცეს	10
არ	ექვემდებარება	10
არ	დარჩენილა	10
არ	გულისხმობს	10
არ	გამოირჩევა	10
არ	აძლევს	10
არ	აძლევდა	10
ან	ძალიან	10
ამჟამად	ის	10
ამიტომ	მისი	10
ამიტომ	არ	10
ამიტომ	ამ	10
ამის	გაკეთება	10
ამერიკელი	პოლიტიკოსი	10
ამერიკელი	მწერალი	10
ამავე	ქალაქის	10
ამ	ყველაფერმა	10
ამ	ქალაქს	10
ამ	ფონზე	10
ამ	ფაქტის	10
ამ	ტერიტორიის	10
ამ	სტილის	10
ამ	სოფლის	10
ამ	სასწაულის	10
ამ	სამი	10
ამ	საკითხის	10
ამ	მხარეში	10
ამ	მოვლენების	10
ამ	მიმდინარეობის	10
ამ	მიზეზით	10
ამ	ალბომის	10
ალპური	მდელოები	10
ალექსანდრეს	ძე	10
ალექსანდრე	მაკედონელის	10
ალევის	ქედის	10
ავტორი	ნანა	10
ავტოკეფალიის	აღდგენის	10
ავსტრალიის	შტატის	10
ადრე	თუ	10
ადოლფ	ჰიტლერი	10
ადგილი	იყო	10
ადამიანიას	შეადგენს	10
აგრეთვე	სხვა	10
აგებულია	პალეოზოური	10
ჰყავდა	და	9
ჰქონდათ	და	9
ჰავის	პირობებში	9
ჰა	ფართობი	9
ჯონ	ლენონი	9
ჯგუფის	მიერ	9
ჯანმრთელობის	სავალდებულო	9
ჯანმრთელობის	მდგომარეობის	9
ჯანმრთელობის	მდგომარეობა	9
ჯანდაცვის	სისტემის	9
ხშირად	მოიხსენიებენ	9
ხშირად	არ	9
ხშირად	ამ	9
ხოლო	სიგანე	9
ხოლო	როცა	9
ხოლო	მე	9
ხოლო	მას	9
ხოლო	მათი	9
ხოლო	დასავლეთიდან	9
ხმის	მიცემის	9
ხმელთაშუა	ზღვაში	9
ხმელთაშუა	ზღვაზე	9
ხელს	შეუწყობს	9
ხელს	და	9
ხელმძღვანელობდა	საქართველოს	9
ხელისუფლებაში	მოსვლის	9
ხასიათს	ატარებს	9
ხასიათი	მიიღო	9
ხალხური	შემოქმედების	9
ხალხურ	მედიცინაში	9
წყლისა	და	9
წყლის	ხარჯი	9
წუთის	შემდეგ	9
წოდება	მიენიჭა	9
წმიდა	გიორგის	9
წლის	ყველაზე	9
წლის	სექტემბრიდან	9
წლის	სექტემბერი	9
წლის	პირველი	9
წლის	მდგომარეობით	9
წლით	თავისუფლების	9
წლიდან	ეს	9
წლიდან	გარდაცვალებამდე	9
წლებში	აქ	9
წლების	შუა	9
წილად	ხვდა	9
წითელ	არმიაში	9
წვიმის	წყლით	9
წელს	შეუერთდა	9
წელს	შეიტანეს	9
წელს	პირველად	9
წელს	დაწყებული	9
წელს	გიორგი	9
წელს	ახალი	9
წელს	აშენდა	9
წელი	დაჰყო	9
წევრები	და	9
წასვლა	და	9
წარმომადგენლები	იყვნენ	9
წარმომადგენელთა	პალატის	9
წამყვანი	როლი	9
წამყვანი	დარგია	9
წალენჯიხის	მუნიციპალიტეტი	9
ძმასთან	ერთად	9
ძლიერ	დაზიანებულია	9
ძილის	დროს	9
ძველი	ქალაქი	9
ძველ	რომში	9
ძალიან	ჰგავს	9
ძალიან	მნიშვნელოვანია	9
ძალიან	ადვილი	9
ცხოვრების	წესი	9
ცხოვრებაში	და	9
ცხინვალის	რეგიონის	9
ცოტა	ხანს	9
ცოლი	და	9
ცოლად	შეირთო	9
ცოლად	მოიყვანა	9
ცნობილია	რომ	9
ცნობილია	აგრეთვე	9
ცეცხლსასროლი	იარაღი	9
ცენტრალურ	ევროპაში	9
ჩრდილოეთის	ზღვა	9
ჩრდილოეთი	ტერიტორიის	9
ჩრდილოეთი	კავკასია	9
ჩრდილოეთ	იტალიაში	9
ჩვენს	შორის	9
ჩვენი	ერის	9
ჩვენ	ყველანი	9
ჩვენ	გვაქვს	9
ჩემი	თავი	9
ჩაწერილია	გერბის	9
ჩატარდა	შვეიცარიული	9
შუმერული	ენა	9
შტატი	მექსიკაში	9
შრომისა	და	9
შორის	დაიდო	9
შვიდი	წლის	9
შეცვლილი	შეკითხვაში	9
შექმნილი	იყო	9
შესწავლა	და	9
შესახებ	ინფორმაციის	9
შესახებ	ინფორმაციას	9
შესახებ	არსებობს	9
შესაძლოა	იყოს	9
შესაძლებელი	გახადა	9
შესასვლელის	თავზე	9
შემთხვევაში	შესაძლებელია	9
შემდეგი	პროვინციები	9
შემდეგ	ყველა	9
შემდეგ	სწავლა	9
შემდეგ	მეორე	9
შემდგომში	ეს	9
შეიძლება	ჰქონდეს	9
შეიძლება	გამოყენებული	9
შეიცვალა	და	9
შეერთების	შედეგად	9
შედეგად	აქ	9
შედგება	და	9
შედარებით	მაღალი	9
შედარებით	დიდი	9
შავით	ჩაწერილია	9
შავი	ჭირის	9
ყურის	სანაპიროზე	9
ყოვლადწმიდა	ღვთისმშობლის	9
ყველაზე	ცნობილ	9
ყველაზე	ღრმა	9
ყველაზე	მცირე	9
ყველაზე	ახლოს	9
ყველა	წევრი	9
ყველა	ქვეყანაში	9
ყველა	უფლება	9
ყველა	სახეობა	9
ყველა	მნიშვნელოვანი	9
ყველა	დანარჩენ	9
ყველა	ადამიანი	9
ყაზბეგის	მუნიციპალიტეტში	9
ღია	პირველობა	9
ქსნისა	და	9
ქსნის	საერისთავო	9
ქრისტე	აღსდგა	9
ქონება	და	9
ქვეჯგუფის	ქიმიური	9
ქვეყნის	სათავეში	9
ქვეყნის	ნაკრები	9
ქვეყნის	დასავლეთ	9
ქვეყნებს	შორის	9
ქვეყანის	ნაკრები	9
ქვეყანა	მდებარეობს	9
ქვემოთ	მოცემულია	9
ქვემო	საქსონიის	9
ქვემო	საქსონია	9
ქერქი	შეიცავს	9
ქედის	მთისწინეთში	9
ქართული	ფილმი	9
ქართული	პოლიტიკური	9
ქართული	მუსიკალური	9
ქართული	მითოლოგია	9
ქართლის	სამეფოს	9
ქართველი	ფეხბურთელი	9
ქართველ	ხალხს	9
ქარელის	მუნიციპალიტეტში	9
ქალი	პრეზიდენტების	9
ქალაქის	ყველაზე	9
ქალაქი	ცნობილია	9
ქალაქი	შვედეთი	9
ქალაქი	აღმოსავლეთ	9
ქალაქ	თბილისის	9
ფრთების	შლილი	9
ფრაზები	და	9
ფოთლოვან	ტყეებში	9
ფოთლები	აქვს	9
ფილმი	მოგვითხრობს	9
ფაქტთან	დაკავშირებით	9
ფართობის	მხრივ	9
ფართობი	უჭირავს	9
ფაკულტეტის	დეკანი	9
უცხო	იყო	9
უფროსის	მოადგილე	9
უფრო	ცნობილი	9
უფრო	მნიშვნელოვანი	9
უფრო	მეტია	9
უფლებები	და	9
უფლება	და	9
უნდა	მიიღოს	9
უნდა	იცოდეს	9
უმაღლესი	სასწავლებლების	9
უმაღლეს	სასწავლებლებში	9
უკეთ	ცნობილი	9
უკან	დაიხიეს	9
უზენაესი	საბჭო	9
უელსის	შტატში	9
უდიდესი	როლი	9
უდიდესი	კუნძული	9
უარს	ამბობს	9
უარი	ეთქვა	9
უამრავი	ადამიანი	9
ტურით	ადრე	9
ტრაპიზონის	იმპერია	9
ტექსტების	ავტორი	9
ტექნიკური	უნივერსიტეტი	9
ტერიტორიული	ერთეული	9
ტერიტორიის	უდიდესი	9
ტერიტორიის	დიდი	9
ტერიტორიას	და	9
ტბებსა	და	9
ტბა	მდებარეობს	9
ტბა	და	9
ტახტის	მემკვიდრის	9
სხვა	წევრები	9
სხვა	ქვეყანაში	9
სხვა	დანარჩენი	9
სხეული	დაფარულია	9
სწავლის	დროს	9
სწავლა	დაიწყო	9
სცენარის	ავტორი	9
სტავროპოლის	მხარე	9
სსრ	მინისტრთა	9
სოფელი	მესტიის	9
სოფელი	ვანის	9
სმ	სიგრძის	9
სლავური	ენები	9
სკოლის	დირექტორი	9
სიყვარულის	გამო	9
სიღნაღის	მუნიციპალიტეტი	9
სიტყვის	თავისუფლების	9
სიტყვები	რიცხვები	9
სიმჭიდროვე	შეადგენს	9
სიმღერის	ავტორია	9
სვანეთის	კავკასიონი	9
სერიალის	მთავარი	9
საჰაერო	ძალების	9
სახელწოდება	მიიღო	9
სახელმწიფო	ხელისუფლების	9
სახელმწიფო	საზღვრის	9
სახელმწიფო	კონსერვატორია	9
სახელი	მიიღო	9
სახე	მიიღო	9
სახალხო	რესპუბლიკაში	9
საჭირო	იქნება	9
საცხოვრებელი	სახლი	9
საცხოვრებელი	სახლები	9
საშუალებით	ხდება	9
საქმე	ეხება	9
საქმე	და	9
საქვეყნოდ	ცნობილი	9
საქართველოში	მცხოვრები	9
საქართველოში	იზრდება	9
საქართველოში	გავრცელებული	9
საქართველოს	ხელისუფლებამ	9
საქართველოს	შინაგან	9
საქართველოს	ტერიტორიული	9
საქართველოს	ნაკრების	9
საქართველოს	კონსტიტუციის	9
საქართველოს	გასაბჭოების	9
საფრთხის	წინაშე	9
საფრთხე	არ	9
სასულიერო	სემინარია	9
სასულიერო	პირები	9
სასერტიფიკაციო	გამოცდების	9
სასახლე	და	9
სარწმუნოება	და	9
სარკინიგზო	და	9
საპატრულო	პოლიციის	9
საპატიო	წევრი	9
საომარი	მოქმედებების	9
სან	სიროზე	9
სამხრეთით	კი	9
სამხრეთი	კორეა	9
სამხრეთი	აფრიკა	9
სამხრეთ	უელსში	9
სამხედრო	ოლქი	9
სამურზაყანოს	დაბლობი	9
სამოქალაქო	ავიაციის	9
სამინისტროს	მიერ	9
სამი	წელი	9
სამი	მთავარი	9
სამი	დღე	9
სამეცნიერო	ფანტასტიკა	9
სამეცნიერო	საბჭოს	9
სამეცნიერო	და	9
სამეურნეო	დანიშნულების	9
სამედიცინო	დახმარება	9
სამეგრელოსა	და	9
სამართლის	კოდექსის	9
სამაგისტრო	გამოცდის	9
სამ	ხაზში	9
სამ	ძირითად	9
საკუთარი	ქვეყნის	9
საკუთარ	სახლში	9
საკმაოდ	საინტერესო	9
საკმაოდ	რთული	9
სათამაშო	პოზიცია	9
საზღვრებს	გარეთ	9
საზოგადოება	და	9
საეკლესიო	და	9
სადაც	შეიძლება	9
სადაც	მის	9
სადაც	გარდაიცვალა	9
სადაც	არ	9
სად	იყო	9
სად	არის	9
საგუბერნატოროს	ფართობი	9
საბჭოთა	მოჭადრაკეებმა	9
საბრძოლო	ხელოვნების	9
საბრძოლო	მოქმედებები	9
საათსა	და	9
რუსულ	ენებზე	9
რუსეთის	ჯარმა	9
რუსეთთან	შეერთების	9
როცა	ამ	9
რომელსაც	უკვე	9
რომელსაც	სათავეში	9
რომელსაც	ის	9
რომელსაც	იგი	9
რომელსაც	ეს	9
რომელიც	ჩვენ	9
რომელიც	ჩამოყალიბდა	9
რომელიც	შემდგომ	9
რომელიც	პირველად	9
რომელიც	მდინარე	9
რომელიც	დაიწყო	9
რომელიც	ახლა	9
რომ	შეიძლება	9
რომ	მიუხედავად	9
რომ	თქვენ	9
რომ	ბევრი	9
რომ	ადამიანი	9
როლანდ	ახალაია	9
როდესაც	მათ	9
როგორც	წინა	9
როგორც	ქვეყნის	9
როგორც	სოციალური	9
როგორც	საზოგადოების	9
როგორ	არის	9
რკინის	ხანა	9
რთული	იყო	9
რესპუბლიკის	უმაღლესი	9
რესპუბლიკის	პრეზიდენტი	9
რესპუბლიკის	დროს	9
რელიეფის	ფორმები	9
რეზიდენცია	იყო	9
რევოლუციური	მოძრაობის	9
რეგიონი	პერუში	9
რაც	უნდა	9
რაც	საქართველოს	9
რაც	კი	9
რაც	განაპირობებს	9
რაც	გამოწვეულია	9
რაღა	თქმა	9
რასაც	თან	9
რაოდენობით	შეიცავს	9
რაოდენობა	კი	9
რამდენიმე	წელიწადში	9
რამდენიმე	თვეში	9
რამაც	მას	9
რა	მოხდა	9
რა	მნიშვნელობა	9
პუნქტი	იყო	9
პუნიკური	ომის	9
პროგრამის	ფარგლებში	9
პრობლემა	არ	9
პრეზიდენტის	პოსტი	9
პრეზიდენტად	აირჩიეს	9
პლატინის	სტატუსი	9
პირის	აპარატი	9
პირველი	შეხვედრა	9
პირველი	ფილმი	9
პირველი	საერთაშორისო	9
პირველი	პრეზიდენტის	9
პირველი	მეუღლე	9
პირველი	ლექსი	9
პირველ	ტურში	9
პირველ	ლიგაში	9
პეტერბურგის	მეცნიერებათა	9
პერუსა	და	9
პერიოდში	იგი	9
პერიოდში	დაიწყო	9
პერიოდული	სისტემა	9
პატარა	და	9
პასუხი	არ	9
პარკი	ჩილეში	9
პარიზის	ზავი	9
პალმის	რტო	9
ოქტომბრის	რევოლუცია	9
ოქტომბერს	და	9
ოქსფორდის	უნივერსიტეტის	9
ოქროს	საწმისის	9
ოქროს	პალმის	9
ოქრო	და	9
ორივე	მათგანი	9
ორი	ქალიშვილი	9
ომში	და	9
ომის	შესახებ	9
ომის	დამთავრების	9
ომების	დროს	9
ოლიმპიურ	თამაშებში	9
ოდიშის	ვაკეზე	9
ოდენობით	გაიყიდა	9
ნუსხურსა	და	9
ნოემბერს	გაიმართა	9
ნინო	ანანიაშვილი	9
ნიკარაგუელი	პოლიტიკოსი	9
ნიკ	მეისონი	9
ნახევარსფეროს	ზომიერ	9
ნაწილს	წარმოადგენს	9
ნაწილისაგან	შედგება	9
ნაწილი	გახდა	9
ნაპოლეონ	ბონაპარტის	9
ნაკიან	წლებში	9
მხოლოდ	იმის	9
მხარის	სენაკის	9
მძიმე	მეტალის	9
მცირე	ხნის	9
მცირე	რაოდენობა	9
მცენარეული	საფარი	9
მშვიდობისა	და	9
მფლობელი	გახდა	9
მუშაობას	იწყებს	9
მუქი	მწვანე	9
მუსიკალური	განათლება	9
მურა	დათვი	9
მუნიციპალიტეტის	დროშა	9
მსუბუქი	და	9
მსოფლიოში	პირველი	9
მსოფლიო	მემკვიდრეობად	9
მსოფლიო	აღიარება	9
მრგვალი	მაგიდა	9
მრავალი	საუკუნის	9
მრავალ	ენაზე	9
მოქცეულია	ამავე	9
მოქმედება	ვითარდება	9
მოსკოვის	უნივერსიტეტის	9
მოსახლეობის	საშუალო	9
მოსახლეობის	რაოდენობით	9
მონაწილეობის	მიღება	9
მონაწილეობის	გამო	9
მონაწილეობა	მიიღეს	9
მონაწილეობა	აქვს	9
მომდევნო	დღეს	9
მოკლულ	იქნა	9
მოთავსებული	იყო	9
მობილური	ტელეფონი	9
მნიშვნელოვნად	გაიზარდა	9
მმართველი	გახდა	9
მიხედვით	შეიძლება	9
მიხედვით	მას	9
მიხედვით	განარჩევენ	9
მიხედვით	ამ	9
მიღებული	იყო	9
მისი	წარმოშობის	9
მისი	ყველა	9
მისი	სიგრძეა	9
მისი	პოპულარობა	9
მისი	მეფობის	9
მისი	ეს	9
მისი	ბრძანებით	9
მის	ნაწარმოებებში	9
მის	მშობლიურ	9
მის	ირგვლივ	9
მის	ვან	9
მის	ადგილას	9
მინერალური	წყლების	9
მილიონი	ევრო	9
მილიარდი	დოლარი	9
მიზეზი	იყო	9
მიერ	მიღებულ	9
მიერ	მისი	9
მიერ	აღმოჩენილი	9
მიერ	არ	9
მთრიმლავ	ნივთიერებებს	9
მთლიანად	განადგურდა	9
მთის	სამხრეთ	9
მთელი	ქვეყანა	9
მთელი	სისტემა	9
მთელი	მსოფლიო	9
მთელი	ევროპა	9
მთავრობასა	და	9
მთავარი	მოქმედი	9
მთავარი	გმირის	9
მზის	ირგვლივ	9
მზად	იყვნენ	9
მეცნიერი	და	9
მეფის	დროს	9
მეტი	ხნის	9
მეტი	წილი	9
მეტი	ქულა	9
მეტი	სამეცნიერო	9
მეტი	ალბომი	9
მეტად	მნიშვნელოვანი	9
მესხეთის	ქედი	9
მეორე	ტურის	9
მეორე	სეზონის	9
მეორე	სეზონი	9
მეორე	ვადით	9
მეორე	დივიზიონში	9
მემკვიდრეობის	ძეგლები	9
მე	მინდა	9
მდინარეებს	შორის	9
მდინარე	ყვირილა	9
მდინარე	სათავეს	9
მდინარე	ორინოკოს	9
მდინარე	დასავლეთ	9
მდებარეობს	ჭიათურის	9
მდებარეობს	სოფელი	9
მდებარეობს	გურიის	9
მდებარეობს	ატლანტის	9
მდებარე	მსოფლიოს	9
მდგომარეობაში	მყოფი	9
მაღალი	შეფასება	9
მატჩის	შემდეგ	9
მატებასთან	ერთად	9
მას	უნდა	9
მას	სხვა	9
მარცხენა	სანაპირო	9
მარტი	არის	9
მან	საკუთარი	9
მან	კარგად	9
მამის	სიკვდილის	9
მალავის	მალავის	9
მაინც	უნდა	9
მაიას	ცივილიზაციის	9
მათი	ძირითადი	9
მათი	ცხოვრების	9
მათი	პირველი	9
მათი	დიდი	9
მათგან	აღსანიშნავია	9
მათ	დიდი	9
მაგრამ	საბოლოოდ	9
მაგრამ	როდესაც	9
მაგრამ	მერე	9
მაგრამ	მეორე	9
მაგრამ	მალე	9
მაგრამ	იქ	9
მაგრამ	ამაოდ	9
ლურჯი	და	9
ლუდვიგ	ფონ	9
ლოს	ანჯელესში	9
ლონდონის	რაიონი	9
ლიტვური	ენა	9
ლიბერალური	პარტია	9
ლექსების	კრებული	9
ლექსები	და	9
ლეონტი	მროველის	9
ლათინურ	ენაზე	9
ლადო	სულაბერიძე	9
ლაგუნა	ვერე	9
კუნძულებს	შორის	9
კუნძულების	სია	9
კუბის	დედაქალაქ	9
კოსმოსური	ხომალდი	9
კონცერტი	გამართა	9
კომერციული	წარმატება	9
კლასიკური	მუსიკა	9
კი	წმინდა	9
კი	საქართველოს	9
კი	იმ	9
კი	თავისი	9
კი	ერთი	9
კი	აღარ	9
კვლავ	დაბრუნდა	9
კარლ	ფონ	9
კარგი	იქნება	9
კარგად	მახსოვს	9
კარგად	გათლილი	9
კანონის	თანახმად	9
კანონი	არ	9
კალენდრის	მიხედვით	9
კათოლიკურმა	ეკლესიამ	9
იცის	და	9
იყოფა	სამ	9
იყო	შესაძლებელი	9
იყო	მსოფლიოში	9
იყო	გამოსახული	9
იყო	აგებული	9
იღებს	მონაწილეობას	9
იქნება	თუ	9
იუნესკოს	მიერ	9
იტალიელი	ფეხბურთელი	9
იტალიასა	და	9
ისინი	ძირითადად	9
ისინი	უფრო	9
ისინი	უკვე	9
ისინი	მხოლოდ	9
ისინი	არიან	9
ისე	იყო	9
ისე	არ	9
ის	წარმოადგენს	9
ის	კვლავ	9
ის	ვერ	9
ირმის	ნახტომი	9
იოსებ	სტალინის	9
იოანე	ნათლისმცემელი	9
ინსტიტუტის	სამსახიობო	9
ინსტიტუტის	დირექტორი	9
ინგლისისა	და	9
ინგლისის	ნაკრების	9
იმერეთის	სამეფოში	9
იმაში	მდგომარეობს	9
იეჰოვას	მოწმეები	9
იგი	უნდა	9
იგი	კარგად	9
იგი	ისევ	9
იგი	თავად	9
იგი	დიდი	9
იგი	დაბრუნდა	9
იგი	გარდაიცვალა	9
იგი	აირჩიეს	9
იაპონიასა	და	9
თქვენს	ფურცლებზე	9
თურქეთის	ტერიტორიაზე	9
თუმცა	უშედეგოდ	9
თუმცა	კი	9
თუ	ჩვენ	9
თუ	სად	9
თუ	როდის	9
თუ	მისი	9
თუ	მე	9
თუ	ისინი	9
თოვლისა	და	9
თიხის	ჭურჭლის	9
თიხის	ჭურჭელი	9
თვალები	და	9
თეთრი	და	9
თასის	გათამაშების	9
თანამოაზრეებთან	ერთად	9
თამაშის	უფლება	9
თავს	ესხმის	9
თავს	არ	9
თავმჯდომარე	იყო	9
თავდაპირველად	ის	9
თავად	იყო	9
ზღვასა	და	9
ზღვა	და	9
ზუსტად	არ	9
ზოგიერთი	სახეობის	9
ზოგ	სხვა	9
ზიანი	მიაყენა	9
ზემო	ნაწილში	9
ზამთრის	ოლიმპიური	9
ვოლფგანგ	ამადეუს	9
ვიყავი	და	9
ვისაც	არ	9
ვინაიდან	ეს	9
ვიეტნამის	ომის	9
ვიდრე	ეს	9
ვერც	ერთმა	9
ვერ	გაუძლო	9
ვერ	გავიგე	9
ვერ	ახერხებს	9
ვაჭრობისა	და	9
ვარსკვლავთკარიბჭის	პერსონაჟები	9
ვაჟთა	შორის	9
ვანო	მერაბიშვილის	9
ვაიმარის	რესპუბლიკა	9
ესპანური	და	9
ესაზღვრება	შემდეგი	9
ეს	ხდება	9
ეს	წელი	9
ეს	ყველაზე	9
ეს	ქვეყანა	9
ეს	ფორმა	9
ეს	სახეობა	9
ეს	სახელწოდება	9
ეს	საშუალებას	9
ეს	რიცხვი	9
ეს	პოსტი	9
ეს	ნაწარმოები	9
ეს	მხარე	9
ეს	ეხება	9
ეს	ასე	9
ეროვნული	საბჭო	9
ეროვნული	პარკში	9
ეროვნული	მოქმედების	9
ეროვნული	გამოცდების	9
ეროვნული	ბანკის	9
ეროვნული	ასამბლეის	9
ერთი	საუკეთესო	9
ერთი	პატარა	9
ერთი	მთავარი	9
ერთი	ვერსიით	9
ერთად	ასევე	9
ერთ	პატარა	9
ენა	იყო	9
ელექტრული	ველის	9
ეკონომიკურ	და	9
ეკლესიის	სამხრეთ	9
ეკვატორული	გვინეის	9
დღემდეა	შემორჩენილი	9
დუშეთის	რაიონი	9
დროს	მუშაობდა	9
დროს	მან	9
დროებითი	მთავრობა	9
დრამატული	თეატრის	9
დრამატულ	თეატრში	9
დოკუმენტური	ფილმი	9
დიდუბის	პანთეონში	9
დიდია	და	9
დიდი	ტბების	9
დიდი	პატივით	9
დიდი	მთავრის	9
დიდი	ზიანი	9
დიდი	ანგარიშით	9
დიდ	ნაწილში	9
დევიდ	გილმორის	9
დედოფლისწყაროს	მუნიციპალიტეტში	9
დედამიწის	ქერქი	9
დედა	კი	9
დგას	და	9
დახმარება	და	9
დაწყების	შემდეგ	9
დაწერილი	აქვს	9
დაცულია	საქართველოს	9
დაცული	იყო	9
დატოვა	ჯგუფი	9
დასარიგებელი	მასალა	9
დასავლეთით	მდებარე	9
დარბაზული	ტიპის	9
დამარცხდა	და	9
დაიჭრა	და	9
დავით	ჯავრიშვილი	9
დაეცა	და	9
დაესხნენ	თავს	9
დაედო	საფუძვლად	9
დადებითი	შეფასებები	9
დაბაში	არის	9
დაარსებულ	იქნა	9
და	ხელი	9
და	წინა	9
და	წარმოქმნის	9
და	ცხელი	9
და	ცალკეული	9
და	ჩაედინება	9
და	შემოდგომა	9
და	შემდეგი	9
და	შედის	9
და	ყვითელი	9
და	ღამით	9
და	ქუთაისის	9
და	ქვის	9
და	ფრანგულ	9
და	უწოდა	9
და	უცებ	9
და	უნდა	9
და	უმაღლესი	9
და	უკრაინა	9
და	უბრძანა	9
და	სხვებს	9
და	სხვებთან	9
და	სწრაფი	9
და	სწრაფად	9
და	სცენარისტი	9
და	სპეციალური	9
და	სომხური	9
და	სილვა	9
და	სითბოს	9
და	სახლში	9
და	საღამოს	9
და	საქალაქო	9
და	სატელევიზიო	9
და	საპატიო	9
და	სამხრეთიდან	9
და	სამშობლოში	9
და	სამუდამოდ	9
და	საბოლოო	9
და	რუსულ	9
და	რელიგიურ	9
და	პედაგოგი	9
და	პარინაკოტა	9
და	ნიშნავს	9
და	ნიკარაგუის	9
და	მხედრულში	9
და	მცენარეთა	9
და	მსგავსი	9
და	მრავალფეროვანი	9
და	მოქცეულია	9
და	მოდელი	9
და	მითხრა	9
და	მათში	9
და	კუბის	9
და	კოტე	9
და	კარლ	9
და	კანონის	9
და	იქცა	9
და	იტალია	9
და	ისტორიულ	9
და	ისინიც	9
და	იმას	9
და	თურქეთის	9
და	თოვლის	9
და	თვითონ	9
და	თებერვალი	9
და	ზღვაში	9
და	ზუსტად	9
და	ზოგი	9
და	ზამთარში	9
და	ელექტრონული	9
და	ეკლესია	9
და	ეთნიკური	9
და	დამთავრდა	9
და	დაამარცხა	9
და	გუნდის	9
და	გორის	9
და	გაიზარდა	9
და	ბიბლიოთეკა	9
და	ბერძნული	9
და	ბერად	9
და	აქტიურად	9
და	ატლანტის	9
და	ასეთი	9
და	არავინ	9
და	არაგვის	9
და	ანა	9
და	ამერიკაში	9
და	აზიაში	9
და	აზერბაიჯანი	9
გუმბათის	ყელის	9
გოლი	აქვს	9
გიტარა	და	9
გიორგი	მთაწმიდელი	9
გვხვდება	აგრეთვე	9
გერბის	დევიზი	9
გედების	ტბა	9
გეგმა	არ	9
გახდა	ყველაზე	9
გახდა	რომ	9
გახდა	დაეტოვებინა	9
გაქცევა	მოახერხა	9
გაუქმდა	და	9
გასაბჭოების	შემდეგ	9
გარკვეული	პერიოდი	9
გარეშე	და	9
გარდა	კიდევ	9
განლაგებული	იყო	9
განვითარებასთან	ერთად	9
განვითარება	და	9
განაცხადა	რომ	9
განათლების	მისაღებად	9
გამოყენებულ	იქნას	9
გამოსასწორებელი	ციხე	9
გამოაცხადა	და	9
გამო	იგი	9
გამართა	და	9
გავრცელებულია	უმთავრესად	9
გავლენა	იქონიეს	9
გავიდა	და	9
გადმოცემის	მიხედვით	9
გადაწყვიტა	და	9
გადაღებული	იქნა	9
გადატრიალების	შემდეგ	9
გადამწყვეტი	როლი	9
გადამწყვეტი	მნიშვნელობა	9
გააჩნია	საკუთარი	9
ბუნებრივი	რესურსების	9
ბრძოლა	გაიმართა	9
ბრუნდება	და	9
ბრიტანულ	ჩარტში	9
ბრინჯაოს	მედალი	9
ბოლო	ხანებში	9
ბერძნული	მითოლოგიის	9
ბევრი	სახეობა	9
აჯანყების	დამარცხების	9
ახლო	აღმოსავლეთი	9
ახალი	შენობის	9
ახალი	შენობა	9
ახალი	და	9
ახალგაზრდა	და	9
აშშ	და	9
აღმოსავლეთის	ქვეყნებში	9
აღმოსავლეთ	მხარეს	9
აღმოსავლეთ	აფრიკის	9
აღმოსავლეთ	ანატოლიის	9
აღმასრულებელ	ხელისუფლებას	9
აღიარა	და	9
აღარ	შეეძლო	9
აქვს	სამი	9
აქვს	გრძელი	9
აქვთ	და	9
აქ	უკვე	9
აქ	მხოლოდ	9
აფხაზეთის	სამთავრო	9
ასეთი	ტიპის	9
ასევე	რამდენიმე	9
ასევე	გამოიყენება	9
ასევე	ახალი	9
არც	მის	9
არც	ის	9
არსებობს	რამდენიმე	9
არსებობს	მხოლოდ	9
არის	საკმარისი	9
არის	მრავალი	9
არის	მთავარი	9
არის	დაყოფილი	9
არიან	გავრცელებული	9
არგენტინის	პრეზიდენტი	9
არამედ	სხვა	9
არაგვის	მარჯვენა	9
არაა	ცნობილი	9
არ	შეასრულა	9
არ	უყვარს	9
არ	მქონდა	9
არ	მოჰყოლია	9
არ	მოეწონა	9
არ	მინდოდა	9
არ	მინახავს	9
არ	მიიღო	9
არ	მიიღეს	9
არ	მესმის	9
არ	იცოდნენ	9
არ	ითვლება	9
არ	ითვალისწინებს	9
არ	დაუკარგავს	9
ანსოატეგის	შტატში	9
ანატოლიის	რეგიონში	9
ან	სულაც	9
ან	მათი	9
ან	ერთი	9
ამის	საშუალება	9
ამან	განაპირობა	9
ამ	სისტემის	9
ამ	სიაში	9
ამ	საქმეს	9
ამ	პროცესის	9
ამ	პოსტზე	9
ამ	პერიოდისთვის	9
ამ	ორმა	9
ამ	მხარეს	9
ამ	თამაშში	9
ამ	ენის	9
ამ	დარგში	9
ამ	დარგის	9
ამ	ახალ	9
ამ	ამბის	9
ამ	ამბავს	9
ამ	ადგილზე	9
ალბომის	ჩაწერა	9
ალბომის	ყდაზე	9
ათეული	წლის	9
ავტონომიური	რეგიონი	9
ავსტრალიის	ღია	9
ავადმყოფობის	გამო	9
ადრინდელი	ბრინჯაოს	9
ადგილობრივი	მოსახლეობის	9
ადგილი	პროვინციებს	9
ადგილი	ეკავა	9
აგრეთვე	როგორც	9
აგრეთვე	დიდი	9
ჰოლივუდის	დიდების	8
ჰენრი	კუპრაშვილი	8
ჰაერის	ტემპერატურა	8
ჰაერის	მასების	8
ჰაერის	მასები	8
ჯონსი	და	8
ჯილდო	მიიღო	8
ჯერ	იყო	8
ჯერ	დღეში	8
ჯეკ	ო	8
ჯეიმზ	ბონდის	8
ჯგუფის	წევრებმა	8
ჯგუფის	ყველა	8
ჯგუფის	სხვა	8
ჯარი	და	8
ჯანმრთელობისა	და	8
ხშირად	ხდება	8
ხორცსა	და	8
ხორცისა	და	8
ხოლო	უკანასკნელი	8
ხოლო	სამხრეთით	8
ხოლო	როდესაც	8
ხოლო	რაც	8
ხნის	წინათ	8
ხმა	და	8
ხის	ქვეშ	8
ხელშეკრულების	საფუძველზე	8
ხელშეკრულების	დადების	8
ხელოვნების	ისტორიის	8
ხელნაწერთა	ეროვნული	8
ხელისუფლება	და	8
ხელთ	იგდო	8
ხელთ	არსებული	8
ხალხური	სიმღერების	8
ხალხის	წინაშე	8
ხაზი	გაუსვა	8
ჭიათურის	პლატოზე	8
წყაროს	წარმოადგენს	8
წმინდა	ნინო	8
წლიური	ტემპერატურაა	8
წლისთავთან	დაკავშირებით	8
წლის	ქართული	8
წლის	საქართველოს	8
წლის	საპარლამენტო	8
წლის	ოქტომბრის	8
წლის	ნობელის	8
წლის	მსოფლიოს	8
წლის	მასწავლებელთა	8
წლის	მაისის	8
წლის	ზამთრის	8
წლის	ზამთარში	8
წლიდან	მას	8
წლიდან	იწყება	8
წლიდან	თბილისის	8
წლებში	მან	8
წლამდე	და	8
წლამდე	ასაკის	8
წინააღმდეგობას	წააწყდა	8
წინა	პლანზე	8
წინა	აზიის	8
წინ	კი	8
წინ	აღუდგა	8
წითელი	ფერის	8
წითელ	წიგნში	8
წერეთელი	და	8
წელს	ჯგუფი	8
წელს	ჩამოაყალიბა	8
წელს	შექმნილი	8
წელს	ქვეყნის	8
წელს	რომის	8
წელს	რომაელებმა	8
წელს	მონაწილეობდა	8
წელს	მომხდარი	8
წელს	ისინი	8
წელს	გუნდი	8
წელს	გამოჩნდა	8
წელს	გადაღებული	8
წელს	აღმოაჩინა	8
წელიწადში	ორჯერ	8
წელი	გრძელდებოდა	8
წელი	გავიდა	8
წევრებთან	ერთად	8
წარჩინებით	დაამთავრა	8
წარმოშობისა	და	8
წარმომადგენლები	არიან	8
წარმოებისა	და	8
წარმატებებს	მიაღწია	8
ძირითადი	კომუნები	8
ძირითად	გუნდში	8
ძველი	მსოფლიოს	8
ძველი	აღთქმა	8
ძალიან	ხშირად	8
ძალიან	ძლიერი	8
ძალიან	უყვარდა	8
ძალიან	საინტერესო	8
ძალიან	მძიმე	8
ძალიან	მაღალი	8
ძალიან	მაგარი	8
ცხოვრობს	დაახლოებით	8
ცხოვრობდნენ	და	8
ცხოვრების	ამსახველი	8
ცხოველთა	სამყაროს	8
ცოცხალი	და	8
ცოტნე	დადიანის	8
ცნობილი	ხდება	8
ცივი	ომი	8
ცენტრია	და	8
ცენტრალური	ნერვული	8
ცენტრალური	ნაწილის	8
ცენტრალურ	აზიაში	8
ცენტრად	იქცა	8
ჩრდილოეთი	ოსეთი	8
ჩრდილოეთ	ოსეთის	8
ჩილეს	ჩრდილოეთ	8
ჩვენს	მიერ	8
ჩვენს	დროში	8
ჩვენი	წელთაღრიცხვის	8
ჩვენი	აზრით	8
ჩემპიონის	შემადგენლობა	8
ჩემი	ცხოვრება	8
ჩახშობის	შემდეგ	8
ჩანჩქერის	კოორდინატები	8
ჩანჩქერი	სამხრეთ	8
შუა	სარტყლამდე	8
შუა	რიცხვებში	8
შტატ	ახალი	8
შორის	სიგრძით	8
შორის	ერთი	8
შორის	დადებული	8
შორის	განსაკუთრებით	8
შორეული	აღმოსავლეთის	8
შოთა	რუსთაველზე	8
შიგნით	და	8
შვილი	შეეძინა	8
შვილი	არ	8
შეჰვედრა	სული	8
შეხვედრის	შემდეგ	8
შეხვდა	და	8
შეწყვეტის	შესახებ	8
შექმნის	შემდეგ	8
შექმნის	იდეა	8
შექმნილი	ვითარება	8
შექმნილი	და	8
შესახებ	არსებული	8
შესაძლოა	ეს	8
შესასვლელი	აქვს	8
შენობის	პროექტი	8
შემოსილია	ალპური	8
შემთხვევა	იყო	8
შემდეგაც	კი	8
შემდეგ	უკვე	8
შემდეგ	პირველი	8
შემდეგ	მუშაობდა	8
შემდეგ	დიდი	8
შემდგომ	წლებში	8
შემადგენლობაში	მოექცა	8
შემადგენლობაში	და	8
შემადგენელი	ნაწილი	8
შეიძლება	მივიღოთ	8
შეიძლება	გახდეს	8
შეიქმნა	საქართველოს	8
შეიპყრო	და	8
შედეგები	და	8
შედარებით	ნაკლებ	8
შაქრის	ლერწმის	8
შარლ	დე	8
შალვა	დადიანის	8
შავი	შავი	8
შავი	სამეგრელო	8
შავი	კახეთი	8
ყურადღებას	იქცევს	8
ყოფილი	პრეზიდენტი	8
ყოფილ	სსრკ	8
ყოველივე	ამას	8
ყველაფრის	მიუხედავად	8
ყველაზე	სწრაფად	8
ყველაზე	სამხრეთით	8
ყველაზე	გაყიდვადი	8
ყველაზე	გამორჩეული	8
ყველაზე	აქტიური	8
ყველა	შესაძლო	8
ყვარლის	მუნიციპალიტეტში	8
ღირსმა	მამამ	8
ღია	საზოგადოების	8
ღია	საზოგადოება	8
ქუთაისის	გუბერნია	8
ქსნის	ხეობაში	8
ქვეშ	მოექცა	8
ქვეყნის	პოლიტიკური	8
ქვეყნის	ეკონომიკური	8
ქედის	სამხრეთით	8
ქართულმა	მხარემ	8
ქართული	ოცნება	8
ქართული	მხატვრული	8
ქართული	ასომთავრული	8
ქართულ	წყაროებში	8
ქართულ	მითოლოგიაში	8
ქართლისა	და	8
ქართლის	ვაკეზე	8
ქართველი	ხალხი	8
ქართველი	სახელმწიფო	8
ქართველი	მეცნიერი	8
ქართველი	ისტორიკოსი	8
ქალისა	და	8
ქალაქს	სახელი	8
ქალაქის	მოსახლეობის	8
ქალაქის	მთავარი	8
ქალაქი	ბოლივიაში	8
ქალაქები	და	8
ფულხენსიო	ბატისტას	8
ფულის	ერთეული	8
ფრენკ	ლოიდ	8
ფრანსისკო	დე	8
ფოტო	და	8
ფინანსთა	მინისტრი	8
ფილოსოფოსი	და	8
ფილმში	მოქმედება	8
ფილმის	რეჟისორია	8
ფილმის	მთავარი	8
ფეხბურთის	ფედერაციის	8
ფეხბურთის	ისტორიაში	8
ფაკულტეტი	და	8
უწინარეს	ყოვლისა	8
უძრავი	ქონება	8
უძველესი	და	8
უშიშროების	საბჭოს	8
უქონლობის	გამო	8
უფროსი	იყო	8
უფრო	დიდხანს	8
უფრო	დიდია	8
უფრო	ადვილად	8
უფლებების	შესახებ	8
უფლებების	დაცვის	8
უფლება	დაცულია	8
უსაფრთხოებისა	და	8
უნივერსიტეტის	იურიდიული	8
უნდა	მივიჩნიოთ	8
უმაღლესი	ხარისხის	8
უმაღლესი	ლიგის	8
უკრაინის	ეროვნული	8
უკმაყოფილებას	იწვევდა	8
უკლებლივ	ყველა	8
უკვე	ჰქონდა	8
უკვე	ცნობილი	8
უკანასკნელი	ბრძოლა	8
უდიდესი	და	8
უდაბნოებსა	და	8
უარს	ამბობდა	8
ტყეები	და	8
ტურნირი	მსოფლიოს	8
ტურისტი	სტუმრობს	8
ტურის	მსვლელობისას	8
ტურის	დროს	8
ტურიზმისა	და	8
ტროპიკულ	ტყეებში	8
ტრადიციის	თანახმად	8
ტიტული	მოიპოვა	8
ტექნიკური	და	8
ტერიტორიის	ფართობი	8
ტერიტორიაზე	გადის	8
ტახტის	მემკვიდრე	8
ტაძრის	მშენებლობა	8
ტაძრები	და	8
სხვათა	ნაწარმოებები	8
სხვადასხვა	წლებში	8
სხვადასხვა	ქვეყნების	8
სხვადასხვა	ფორმის	8
სხვადასხვა	ფერის	8
სხვადასხვა	ადგილას	8
სხვა	ცნობილი	8
სხვა	ქალაქებში	8
სხვა	ვერსიით	8
სხვა	ადგილებში	8
სხეული	დაფარული	8
სხეული	და	8
სწორედ	ასეთი	8
სწორედ	ასე	8
სუფსის	ხეობაში	8
სუფთა	და	8
სულ	მოსახლეზე	8
სტილი	და	8
სტატუსი	აქვს	8
სსრ	სახალხო	8
სრულმეტრაჟიანი	ფილმი	8
სრულმეტრაჟიანი	ანიმაციური	8
სრულიად	მოულოდნელად	8
სპორტის	დამსახურებული	8
სოხუმის	სამხედრო	8
სოციალისტური	პარტია	8
სოფელში	მოიპოვება	8
სოფელი	დუშეთის	8
სოფელი	და	8
სომხეთის	ტერიტორიაზე	8
სკოლაში	და	8
სიცოცხლის	ხანგრძლივობა	8
სიცოცხლის	უკანასკნელ	8
სისხლისა	და	8
სისხლის	სამართალი	8
სისტემის	ნალექები	8
სინგლის	სახით	8
სიმცირის	გამო	8
სიმღერების	ნაწილი	8
სიმონ	ჯანაშიას	8
სიმონ	ბოლივარის	8
სიმბოლო	გახდა	8
სიმაღლე	მერყეობს	8
სერ	რობერტ	8
სახლში	და	8
სახლის	წინ	8
სახვითი	ხელოვნების	8
სახელობის	თეატრში	8
სახელმწიფოებრივი	დამოუკიდებლობის	8
სახელმწიფო	სამხატვრო	8
სახელმწიფო	საბჭოს	8
სახელით	ცნობილი	8
სახელით	არის	8
სახალხო	რესპუბლიკის	8
სახალხო	დამცველი	8
საჭირო	გახდა	8
საწყის	ეტაპზე	8
საქმის	განხილვა	8
საქმიანობას	და	8
საქმე	ისაა	8
საქართველოში	დაბრუნდა	8
საქართველოში	არსებული	8
საქართველოს	უზენაესი	8
საქართველოს	სამხრეთ	8
საქართველოს	პოლიტექნიკური	8
საქართველოს	მოსახლეობის	8
საფუძველი	გახდა	8
საფრანგეთისა	და	8
საფრანგეთის	მეფე	8
საუკუნის	შემდეგ	8
საუკუნეების	ეკლესია	8
სასტიკად	დაამარცხეს	8
სასტარტო	შემადგენლობაში	8
სასოფლო	სამეურნეო	8
სასარგებლო	წიაღისეულით	8
საპროტესტო	აქციის	8
საპრეზიდენტო	არჩევნების	8
საპორტო	ქალაქი	8
საპატრიარქოს	ბოდბის	8
სანდრო	ახმეტელი	8
სანაპიროზე	მდებარეობს	8
სამხრეთით	მდებარეობს	8
სამხრეთიდან	კი	8
სამხრეთ	რაიონებში	8
სამხრეთ	კორეა	8
სამხრეთ	ანატოლიის	8
სამხედრო	გადატრიალების	8
სამშობლოში	დაბრუნების	8
სამშობლოს	და	8
სამტრედიის	მუნიციპალიტეტში	8
სამსახური	და	8
სამმართველოს	უფროსი	8
სამეფოსა	და	8
სამეფო	საზოგადოების	8
სამედიცინო	დაზღვევის	8
სამედიცინო	აკადემიის	8
სამართლის	საქმე	8
სამართლის	საპროცესო	8
საკუთარი	ხელით	8
საკუთარი	სახელი	8
საკუთარ	თავთან	8
საკონცერტო	ტურის	8
საკონცერტო	ტური	8
საკმაოდ	სწრაფად	8
საკმაოდ	რთულია	8
საკმაოდ	მაღალია	8
საკვები	პროდუქტების	8
საკვალიფიკაციო	ეტაპზე	8
საინტერესოა	ისიც	8
საზრდოობს	წვიმის	8
საზრდოობს	თოვლის	8
საზოგადოებასთან	ურთიერთობის	8
საზოგადოებას	შორის	8
საზოგადო	და	8
საზავო	ხელშეკრულება	8
სავალდებულო	ჯანმრთელობის	8
საერთაშორისო	ფედერაციის	8
საერთაშორისო	სავალუტო	8
საერთაშორისო	ორგანიზაციების	8
სადაც	ასევე	8
საგრაფოს	ადმინისტრაციული	8
საგარეო	პოლიტიკური	8
საგამოძიებო	კომისიის	8
საბჭოს	მიერ	8
საბჭოს	თავმჯდომარის	8
საბჭოთა	ენციკლოპედიის	8
საავტომობილო	გზების	8
ს	აღწევს	8
რუსული	ენის	8
რუსეთის	ჯარის	8
რუსეთის	საგარეო	8
რუსეთის	საბჭოთა	8
რუსეთის	იმპერატორი	8
რომლის	საშუალებითაც	8
რომლის	პირველი	8
რომლის	დამთავრების	8
რომლებიც	ჯერ	8
რომის	იმპერიაში	8
რომის	იმპერიას	8
რომელსაც	ჯერ	8
რომელსაც	თან	8
რომელსაც	დღეს	8
რომელსაც	დიდი	8
რომელმაც	ჩვენამდე	8
რომელმაც	შექმნა	8
რომელმაც	თავის	8
რომელიც	ძველი	8
რომელიც	შემდეგში	8
რომელიც	ქალაქის	8
რომელიც	საქართველოში	8
რომელიც	სავარაუდოდ	8
რომელიც	პირველი	8
რომელიც	ორ	8
რომელიც	მთელი	8
რომელიც	გახდა	8
რომელიც	გავრცელებულია	8
რომელთაგან	ყველაზე	8
რომანის	მიხედვით	8
რომ	ხალხს	8
რომ	ქართულ	8
რომ	სხვა	8
რომ	სულ	8
რომ	საჭირო	8
რომ	როგორც	8
რომ	პირველ	8
რომ	მამა	8
რომ	თანამედროვე	8
რომ	თავდაპირველად	8
რომ	ერთ	8
რომ	დღეს	8
რომ	აღნიშნული	8
რომ	ადამიანს	8
როლი	ფილმში	8
როკ	მუსიკა	8
როდესაც	ამ	8
როგორც	თვითონ	8
როგორც	ეროვნული	8
როგორც	ასეთი	8
რიჩარდ	რაიტი	8
რისი	მიზეზიც	8
რის	გამო	8
რიო	სან	8
რიგით	მესამე	8
რიგით	მე	8
რესპუბლიკის	ტერიტორიაზე	8
რესპუბლიკის	დედაქალაქი	8
რელიგიის	საქმეთა	8
რევოლუციის	პერიოდში	8
რეგიონის	და	8
რეგიონი	მდებარეობს	8
რეალ	მადრიდი	8
რაც	ჩვენ	8
რაც	საკმაოდ	8
რაც	მან	8
რაც	თავისთავად	8
რაც	განპირობებულია	8
რაც	ასევე	8
რასაც	ხელს	8
რას	უნდა	8
რაოდენობა	არ	8
რამდენიმე	წელია	8
რამდენიმე	სიმღერა	8
რამდენიმე	საათით	8
რამაც	განაპირობა	8
რაიონში	და	8
რათა	მას	8
რადგანაც	იგი	8
რა	ხდებოდა	8
რა	შუაშია	8
რა	დროსაც	8
ჟურნალისტი	და	8
პროტექტორატის	ქვეშ	8
პროვინცია	ჩილეში	8
პროექტის	ფარგლებში	8
პრემიერა	გაიმართა	8
პრემიების	ლაურეატი	8
პრემია	ლიტერატურის	8
პრეზიდენტის	პოსტზე	8
პრეზიდენტ	მიხეილ	8
პრაქტიკულად	ყველა	8
პოპულარობა	მოუტანა	8
პოლონეთისა	და	8
პოლიტიკური	ცენტრი	8
პოლიტიკური	კრიზისი	8
პოლიტიკური	კარიერა	8
პოლიტიკა	და	8
პიროვნება	იყო	8
პირობები	და	8
პირველი	ცნობილი	8
პირველი	ქალბატონი	8
პირველი	სრულმეტრაჟიანი	8
პირველი	რესპუბლიკა	8
პირველი	ოფიციალური	8
პირველი	მნიშვნელოვანი	8
პირველი	ლიგა	8
პირველი	ევროპელი	8
პირველი	დისკი	8
პირველად	გამოიყენა	8
პირველად	გამოვიდა	8
პირველ	წელს	8
პირველ	პრეზიდენტად	8
პირველ	ორ	8
პირველ	ადგილზეა	8
პირადად	მე	8
პირად	ცხოვრებაში	8
პიანისტი	და	8
პეტრე	მოციქული	8
პერუს	პრეზიდენტის	8
პერუს	პრეზიდენტი	8
პერიოდში	მან	8
პედაგოგი	და	8
პარკი	შეიქმნა	8
პარკი	მოიცავს	8
პარკი	არგენტინაში	8
პარიზის	უნივერსიტეტის	8
პა	დე	8
ოქსფორდის	უნივერსიტეტი	8
ოქროს	კვეთა	8
ოსური	ენა	8
ოსმალეთის	იმპერიაში	8
ორჯერ	იყო	8
ორივე	მხარის	8
ორივე	მშობელი	8
ორი	ტიპი	8
ორი	მთავარი	8
ორი	ენის	8
ორი	ეკლესია	8
ორი	დღის	8
ორგანო	იყო	8
ორგანიზაციის	მიერ	8
ომისა	და	8
ომის	განმავლობაში	8
ოლიმპიური	ჩემპიონი	8
ოლიმპიური	კომიტეტი	8
ნულოვანი	წერტილის	8
ნონა	გაფრინდაშვილი	8
ნიჭი	და	8
ნიმუშს	წარმოადგენს	8
ნებაყოფლობითი	ჯანმრთელობის	8
ნაწილისგან	შედგება	8
ნაწილად	იყოფა	8
ნარნიის	ქრონიკები	8
ნანა	იოსელიანი	8
ნათლად	ჩანს	8
ნავთობისა	და	8
მხოლოდ	იმას	8
მხოლოდ	ბოლო	8
მხარის	მესტიის	8
მხარის	მარტვილის	8
მხარის	ადმინისტრაციული	8
მხარეს	და	8
მძიმედ	დაიჭრა	8
მცირე	ზონდის	8
მშვიდობის	განმტკიცების	8
მშვიდობიანი	გზით	8
მშენებლობისა	და	8
მყინვარი	სვანეთის	8
მფლობელი	და	8
მუსიკალური	პროდიუსერი	8
მუნიციპალიტეტის	ფარგლებში	8
მტკიცე	და	8
მსხვილი	და	8
მსოფლიო	ომამდე	8
მსოფლიო	ოკეანის	8
მსოფლიო	ისტორიის	8
მრავალი	სახეობის	8
მოხვდა	და	8
მოღვაწეთა	პანთეონში	8
მოქმედი	პრეზიდენტი	8
მოსახლეობის	რიცხოვნობა	8
მოსახლეობის	დაახლოებით	8
მოსახლეობა	ძირითადად	8
მოსალოდნელი	იყო	8
მონაწილეობდა	და	8
მონაცემთა	ბაზა	8
მონა	ლიზა	8
მომხრე	იყო	8
მომავალ	წელს	8
მოკლეს	და	8
მოკლე	კუდი	8
მოთხრობის	მიხედვით	8
მოთავსებულია	გერბის	8
მოვალეობის	შესრულებას	8
მოდელი	და	8
მოგვიანებით	მან	8
მოგების	შემდეგ	8
მნიშვნელოვანი	ქალაქებია	8
მნიშვნელობა	აქვთ	8
მლნ	კმ	8
მკვლევართა	აზრით	8
მიხეილ	ჯავახიშვილის	8
მიწისქვეშა	წყლით	8
მიწა	და	8
მიქცევა	და	8
მიუხედავათ	იმისა	8
მიუხედავად	ყველაფრისა	8
მიუხედავად	მათი	8
მისმა	მეუღლემ	8
მისი	წევრები	8
მისი	ცოლის	8
მისი	შრომები	8
მისი	შემადგენელი	8
მისი	უმცროსი	8
მისი	ტერიტორია	8
მისი	სრული	8
მისი	სახელია	8
მისი	მტკიცებით	8
მისი	მნიშვნელოვანი	8
მისი	მიზანია	8
მისი	მიზანი	8
მისი	მეშვეობით	8
მისი	ერთი	8
მისი	ავტორია	8
მისი	ავტორები	8
მის	სიახლოვეს	8
მის	პატივსაცემად	8
მის	კარიერაში	8
მიმდებარე	ტერიტორია	8
მიმართა	და	8
მილიონი	ფუნტი	8
მილიონი	დოლარის	8
მილიონ	დოლარს	8
მიიღო	ოქროს	8
მიეღო	მონაწილეობა	8
მიერ	დადგენილი	8
მიერ	არის	8
მთლიანად	ან	8
მთისა	და	8
მთავრობა	და	8
მთავარი	ქალაქი	8
მთავარი	მიზეზი	8
მთავარი	გმირია	8
მთავარ	როლებში	8
მთა	და	8
მზად	ვარ	8
მეცხრამეტე	საუკუნეში	8
მეცნიერებასა	და	8
მეცნიერებათა	კანდიდატი	8
მეცნიერებათა	დოქტორის	8
მეშვეობით	ხდება	8
მექსიკის	ეროვნული	8
მეფის	ხელისუფლების	8
მეფის	მიერ	8
მეუღლესთან	ერთად	8
მეურნეობა	და	8
მეტრს	აღემატება	8
მეტი	სახეობის	8
მერვე	ტურში	8
მეორე	სართული	8
მეორე	ეტაპი	8
მეორე	დღესვე	8
მენდელეევის	პერიოდული	8
მეგრული	ენა	8
მეგობრები	და	8
მე	შენ	8
მე	უფრო	8
მე	პირადად	8
მე	მიყვარს	8
მე	კიდევ	8
მდინარეზე	მდებარეობს	8
მდინარე	ჯუმი	8
მდინარე	წყალწითელა	8
მდინარე	ყუბანის	8
მდინარე	ტეხურის	8
მდინარე	სამხრეთი	8
მდინარე	ნილოსის	8
მდინარე	ბახვისწყალი	8
მდებარეობს	ჩრდილოეთ	8
მდებარეობს	რაჭის	8
მდებარეობს	ბუნების	8
მდებარეობს	ახალციხის	8
მდებარეობს	აღმოსავლეთ	8
მდებარე	პატარა	8
მდებარე	კუნძულ	8
მდგომარეობის	შესახებ	8
მახლობლად	მდებარე	8
მაშინ	ჯერ	8
მაშინ	ის	8
მაღალი	იყო	8
მაღალ	დონეს	8
მაქსიმალური	სიმაღლე	8
მასწავლებელი	იყო	8
მასშტაბით	და	8
მასში	ასევე	8
მასში	არ	8
მასსა	და	8
მასალა	დაცულია	8
მას	სურს	8
მას	სახელი	8
მას	საკუთარი	8
მას	მიენიჭა	8
მას	თან	8
მას	გააჩნია	8
მარჯნის	რიფი	8
მარჯვენა	და	8
მარტივი	ნივთიერება	8
მანძილზე	იყო	8
მანძილზე	და	8
მანამდე	არსებული	8
მან	კვლავ	8
მან	დაამთავრა	8
მან	დააარსა	8
მან	განაცხადა	8
მამრობითი	სქესის	8
მამამისი	იყო	8
მალავის	რაიონი	8
მაინც	მოახერხა	8
მათი	დახმარებით	8
მათ	უფრო	8
მათ	სურდათ	8
მათ	ნაცვლად	8
მათ	ეს	8
მათ	ამ	8
მაგრამ	ძალიან	8
მაგრამ	ყველაზე	8
მაგრამ	ასეთი	8
მაგრამ	არის	8
ლაშქრობის	შემდეგ	8
ლაურეატები	ლიტერატურის	8
კუსკოს	რეგიონის	8
კუნძულის	აღმოსავლეთ	8
კუნძულთა	ჯგუფი	8
კულტურის	მრავალი	8
კუთხოვანი	ფორმისაა	8
კუთხეებსა	და	8
კუდიანი	და	8
კუბის	პრეზიდენტი	8
კრისტალური	ფიქლებით	8
კრება	და	8
კონსტიტუცია	და	8
კონკრეტულად	კი	8
კონგრესის	მიერ	8
კოლხეთის	დაბლობზე	8
კლდეში	ნაკვეთი	8
კლასიკური	გიმნაზია	8
კინოს	ისტორიაში	8
კი	სწორედ	8
კი	ოდესმე	8
კი	დიდი	8
კვირაში	ერთხელ	8
კვების	მრეწველობა	8
კეთილშობილი	ირემი	8
კედლის	მხატვრობის	8
კედლის	აღმოსავლეთ	8
კახეთის	სამეფო	8
კახა	კალაძე	8
კაცი	კვ	8
კარლო	ანჩელოტი	8
კარიერის	მანძილზე	8
კარი	და	8
კარგი	ურთიერთობა	8
კარგადაა	განვითარებული	8
კაპიტანი	იყო	8
კანონი	და	8
კანადის	არქტიკული	8
კალიფორნიის	შტატის	8
კათედრის	პროფესორი	8
კავშირის	გამგეობის	8
იხალისე	ჩვენთან	8
იძულებული	შეიქმნა	8
იშვიათად	გვხვდება	8
იყოფა	შემდეგ	8
იყო	ჩემთვის	8
იყო	ყველა	8
იყო	სხვა	8
იყო	საერთაშორისო	8
იყო	პოლიტიკური	8
იყო	ორი	8
იყო	მიმართული	8
იყო	მთავარი	8
იყო	ერთ	8
იყო	დაცული	8
იყო	გატაცებული	8
იყო	განთავსებული	8
იყო	არჩეული	8
იყო	ამერიკის	8
იყენებენ	ნედლად	8
იქნას	როგორც	8
იქიდან	გამომდინარე	8
იურიდიულ	ფაკულტეტზე	8
იტალიის	თასის	8
ისტორიული	ძეგლები	8
ისტორიის	განმავლობაში	8
ისტორიაში	პირველად	8
ისიც	მხოლოდ	8
ისინი	იყვნენ	8
ისეთი	ცნობილი	8
ისეთი	რამ	8
ისახავდა	მიზნად	8
ისააკ	ნიუტონი	8
ის	ხომ	8
ის	ცნობილი	8
ის	შემდეგ	8
ის	შეიძლება	8
ის	რაც	8
ის	ნაწილი	8
ის	მას	8
ის	დაიბადა	8
ის	ადამიანი	8
ირანსა	და	8
ირანის	წინააღმდეგ	8
ირაკლი	ოქრუაშვილი	8
ირაკლი	ალასანიამ	8
ინფორმაცია	საქართველოს	8
ინტერესი	გამოიწვია	8
იმპერიის	დროს	8
იმპერიაში	შემავალი	8
იმიტომ	არ	8
იმისდა	მიუხედავად	8
იმით	რომ	8
იმერეთის	მეფეს	8
იმედი	ჰქონდა	8
იმას	ნიშნავდა	8
იმ	ხანებში	8
იმ	იმედით	8
იმ	დღიდან	8
იმ	დროინდელი	8
ითამაშა	ფილმში	8
ივრის	ზეგანზე	8
ივერთა	მონასტრის	8
ივანე	ჯავახიშვილმა	8
იემენური	მუჰაფაზა	8
იგი	წერდა	8
იგი	წარმოადგენდა	8
იგი	ცდილობდა	8
იგი	ყოველთვის	8
იგი	საქართველოს	8
იგი	მოხვდა	8
იგი	იმ	8
იგი	დიდ	8
იგი	დაინიშნა	8
იგი	დაახლოებით	8
თქვენს	მიერ	8
თქვენმა	მზემ	8
თუმცა	სინამდვილეში	8
თუმცა	როდესაც	8
თუმცა	მის	8
თუმცა	იმ	8
თუმცა	ერთი	8
თუმცა	არის	8
თუ	რომელიმე	8
თუ	მის	8
თუ	ადამიანი	8
თრიალეთის	ქედი	8
თითქმის	ყოველთვის	8
თითქმის	ნახევარი	8
თვისებების	მქონე	8
თერჯოლის	მუნიციპალიტეტში	8
თეორიისა	და	8
თბილისის	საოპერო	8
თბილისის	დრო	8
თაფლოვანი	მცენარეები	8
თანხმობის	გარეშე	8
თანამედროვე	გაგებით	8
თანამდებობიდან	გადადგა	8
თან	სდევს	8
თან	სდევდა	8
თამაში	იყო	8
თავს	იჩენს	8
თავს	ვერ	8
თავმჯდომარე	და	8
თავისუფალ	დროს	8
თავისა	და	8
თავის	შვილს	8
თავის	დასაცავად	8
თავი	იჩინა	8
თავი	დაანება	8
თავზე	აიღო	8
თავად	ამ	8
ზღვის	აღმოსავლეთ	8
ზღვის	აუზში	8
ზღვის	აუზის	8
ზუსტი	თარიღი	8
ზუგდიდის	პოლიციის	8
ზონდის	კუნძულები	8
ზომიერად	თბილი	8
ზოგიერთი	სხვა	8
ზოგიერთი	კი	8
ზოგიერთ	ქვეყანაში	8
ზოგიერთ	სახეობას	8
ზიანს	აყენებს	8
ზიანი	მოაქვს	8
ზედა	ნაწილში	8
ზაფხულში	და	8
ვლადიმერ	ვახანიას	8
ვინც	ეს	8
ვინაიდან	ის	8
ვერცხლისა	და	8
ვერსიის	თანახმად	8
ვერაფრით	ვერ	8
ვერ	ხედავს	8
ვერ	მოესწრო	8
ვერ	იქნება	8
ვერ	განხორციელდა	8
ველზე	შავით	8
ველებსა	და	8
ვახუშტი	ბაგრატიონი	8
ვარდების	რევოლუცია	8
ვაჟი	იყო	8
ვანო	მერაბიშვილი	8
ვან	ბასტენი	8
ვალდებული	იყო	8
ეწოდება	და	8
ეს	წიგნი	8
ეს	წერილი	8
ეს	ჩვენი	8
ეს	ყოველივე	8
ეს	უფრო	8
ეს	ტაძარი	8
ეს	სიტუაცია	8
ეს	პროექტი	8
ეს	იმას	8
ეს	თამაში	8
ეს	ვერსია	8
ეს	ენა	8
ეს	დიდი	8
ეს	გახდა	8
ეს	არა	8
ეროვნული	ინტერესების	8
ეროვნული	გმირის	8
ეროვნული	გმირი	8
ერთხელ	მაინც	8
ერთმანეთთან	აკავშირებს	8
ერთი	ქალიშვილი	8
ერთი	სიტყვა	8
ერთი	კვირით	8
ერთი	დღით	8
ერთად	ქმნის	8
ერთად	არის	8
ერთ	სულ	8
ერთ	კვირაში	8
ეპიზოდების	სია	8
ენერგიული	და	8
ელექტრომაგნიტური	გამოსხივება	8
ეკუთვნის	აგრეთვე	8
ეკონომიკური	სკოლა	8
ეკლესიის	მიერ	8
ეკვატორული	გვინეა	8
ეთნიკური	ჯგუფის	8
ეთნიკური	ჯგუფი	8
ევროპის	ჩემპიონი	8
ევროპის	კავშირის	8
ებრაული	ენა	8
ებრაელი	იყო	8
ე	ქვეითთა	8
დღემდე	ვერ	8
დროშის	ორდენითა	8
დროს	მოხდა	8
დროის	შემდეგ	8
დროის	მანძილზე	8
დინასტიის	წარმომადგენელი	8
დიდი	ღვაწლი	8
დიდი	ინტერესი	8
დიდი	გამოხმაურება	8
დიდი	ბრძოლა	8
დიდად	შეუწყო	8
დიდ	ქალაქში	8
დიდ	პატივს	8
დეპარტამენტის	ადმინისტრაციული	8
დემოკრატიული	პარტიის	8
დეკემბერი	და	8
დევნა	და	8
დედასთან	ერთად	8
დედამიწის	ზედაპირზე	8
დედათა	მონასტერი	8
დაწყებითი	სკოლა	8
დაწერეთ	ეს	8
დაწერა	და	8
დაცული	ტერიტორიების	8
დაცვის	კომიტეტის	8
დაუჭირა	მხარი	8
დასტინ	ჰოფმანი	8
დასარტყამ	ინსტრუმენტებზე	8
დასავლეთით	კი	8
დასავლეთიდან	და	8
დასავლეთი	აფრიკა	8
დასავლეთ	საქართველო	8
დასავლეთ	მთისწინეთში	8
დანარჩენი	წევრები	8
დანარჩენი	ნაწილი	8
დამოუკიდებლობა	და	8
დამოუკიდებელ	სახელმწიფოთა	8
დამახასიათებელი	ნიშანია	8
დამატებითი	მატჩი	8
დამაარსებელი	და	8
დაკავების	შემდეგ	8
დაიწყო	ბრძოლა	8
დაიცვა	სადოქტორო	8
დაიპყრო	და	8
დაინიშნა	საქართველოს	8
დაიბადა	სოფელ	8
დაზღვევის	სისტემაში	8
დავით	გამყრელიძე	8
დადიანის	სახელობის	8
დადებითი	და	8
დაბადების	დღეს	8
დაბადების	ადგილი	8
დაბა	და	8
და	ჯანმრთელობის	8
და	ხელისუფლების	8
და	ხან	8
და	წითელ	8
და	ძვირფასი	8
და	ცხოვრება	8
და	ცდილობდა	8
და	ჩემპიონთა	8
და	შვა	8
და	შეუძლია	8
და	შეუდგა	8
და	შემდგომი	8
და	ღრმად	8
და	ღვთისმშობლის	8
და	ქართლში	8
და	ქალიშვილი	8
და	ფინანსური	8
და	უფლის	8
და	უილიამ	8
და	ტურიზმის	8
და	ტრანსპორტის	8
და	ტექნიკის	8
და	ტერიტორიული	8
და	სხვების	8
და	სხეულის	8
და	სტრუქტურა	8
და	სსრკ	8
და	სიყვარულით	8
და	სადოქტორო	8
და	საგანმანათლებლო	8
და	რუსეთს	8
და	რამდენად	8
და	პრეზიდენტი	8
და	ოსმალეთის	8
და	ნინო	8
და	მუშაობდა	8
და	მრავალწლოვანი	8
და	მოუწოდა	8
და	მოკლეს	8
და	მიწის	8
და	მექანიკური	8
და	მასიური	8
და	მარჯვენა	8
და	კონკრეტულად	8
და	კახეთის	8
და	კარიბის	8
და	იურიდიული	8
და	იტალიაში	8
და	ისტორია	8
და	ირანი	8
და	ინგლისურ	8
და	იმერეთის	8
და	თქვენ	8
და	თბილისი	8
და	თავდაცვის	8
და	ზუგდიდის	8
და	ზაფხულში	8
და	ერის	8
და	ერთიანი	8
და	დენის	8
და	დამოუკიდებელი	8
და	განსაკუთრებული	8
და	გაიტანა	8
და	გავიდა	8
და	გაერთიანებული	8
და	გადავიდა	8
და	ბრძოლა	8
და	ბიზნეს	8
და	ბერძნულ	8
და	ახალგაზრდობის	8
და	აღარც	8
და	აფრიკაში	8
და	არაბული	8
და	ამჯერად	8
და	ამბობს	8
და	ავსტრალიის	8
და	ადმინისტრაციული	8
და	ადამიანთა	8
გუნდი	იყო	8
გუმბათის	ყელში	8
გულრიფშის	მუნიციპალიტეტში	8
გიტარაზე	დაკვრის	8
გიტარაზე	დაკვრა	8
გი	დე	8
გვიანდელი	ფეოდალური	8
გვაქვს	საქმე	8
გერმანიაში	და	8
გერბის	დევიზის	8
გახსნის	შემდეგ	8
გაცილებით	მეტ	8
გაქცევის	ეპიზოდების	8
გასწვრივ	და	8
გასასვლელი	აქვს	8
გარშემო	არსებული	8
გარკვეული	რაოდენობა	8
გარე	სამყაროს	8
გარდაბნის	მუნიციპალიტეტი	8
გარდა	მითითებულისა	8
გარდა	ამ	8
განსხვავდება	ერთმანეთისაგან	8
განსაკუთრებით	მაშინ	8
განმტკიცების	დარგში	8
განმავლობაში	მან	8
განმავლობაში	ის	8
განიცადა	და	8
განაპირობა	მისი	8
განათლების	მიღება	8
განადგურების	შემდეგ	8
გამოყენება	და	8
გამოყენება	არ	8
გამოქვეყნების	შემდეგ	8
გამონაკლისს	წარმოადგენს	8
გამო	მისი	8
გამო	ამ	8
გამარჯვებით	დამთავრდა	8
გალავანი	და	8
გაიუს	იულიუს	8
გაიმარჯვა	და	8
გაზაფხულზე	და	8
გავრცელებულია	ცენტრალურ	8
გავრცელების	შემდეგ	8
გაეროს	ასოციაციათა	8
გადადგომის	შემდეგ	8
გააჩნია	თავისი	8
ბრძოლის	ველიდან	8
ბრძოლების	შემდეგ	8
ბრინჯაოს	ხანაში	8
ბრალი	დასდეს	8
ბომბარდირი	გახდა	8
ბოლო	მოუღო	8
ბოდბის	ეპარქიას	8
ბევრს	მოგზაურობდა	8
ბევრი	ადამიანი	8
ბას	გიტარაზე	8
ბარინასის	შტატი	8
აჯანყება	დაიწყო	8
ახლო	წარსულში	8
ახალი	ქართული	8
ახალი	ათონის	8
ახალ	ზელანდიას	8
აღორძინების	ხანის	8
აღნიშნავდა	რიცხვ	8
აღმოსავლეთ	საქართველო	8
აღმოსავლეთ	ნახევარსფეროს	8
აღმოსავლეთ	აზიაში	8
აღდგომის	კუნძულის	8
აღდგა	და	8
აქტიურ	მონაწილეობას	8
აქვს	საკუთარი	8
აქვე	მდებარეობს	8
აქ	მრავალი	8
აქ	კი	8
აქ	აგრეთვე	8
აფხაზეთის	და	8
ატლანტიკის	ხელშეკრულების	8
ასოციაციის	თასის	8
ასოციაციათა	მსოფლიო	8
ასეთი	სახის	8
ასევე	შედის	8
ასევე	ყველაზე	8
ასევე	უწოდებენ	8
ასევე	როგორც	8
ასევე	მრავალი	8
ასევე	მნიშვნელოვანია	8
ასაკში	გარდაიცვალა	8
არც	ახლა	8
არც	ამ	8
არჩევნებში	მონაწილეობის	8
არჩევნებში	მონაწილეობა	8
არჩევნებში	გაიმარჯვა	8
არქიტექტორი	იყო	8
არქეოლოგიური	ძეგლები	8
არქეოლოგიისა	და	8
არსებობს	მრავალი	8
არსებობს	ასევე	8
არის	შექმნილი	8
არის	მიჩნეული	8
არის	იგივე	8
არის	ერთი	8
არის	დამახასიათებელი	8
არის	განპირობებული	8
არის	ასეთი	8
არის	აგრეთვე	8
არგენტინის	კონფედერაცია	8
არგენტინის	ეროვნული	8
არამედ	მთელი	8
არამედ	მათი	8
არაგუის	შტატი	8
არაგვისა	და	8
არაგვის	ხეობაში	8
არა	მგონია	8
არა	იმდენად	8
არ	ჰყავს	8
არ	ძალუძს	8
არ	შეიძლებოდა	8
არ	უნახავს	8
არ	მოქმედებს	8
არ	მოიპოვება	8
არ	მოგვეპოვება	8
არ	მოაქვს	8
არ	იძლევა	8
არ	იცი	8
არ	ვრცელდება	8
არ	ვაპირებ	8
არ	დაუმთავრებია	8
არ	გვინდა	8
არ	გამოსულა	8
არ	გამოირჩეოდა	8
არ	გააჩნდათ	8
ანუ	იმ	8
ან	უფრო	8
ან	როგორც	8
ან	თუ	8
ან	დიდი	8
ამხანაგურ	მატჩში	8
ამოწურვის	შემდეგ	8
ამიტომაც	არ	8
ამიტომ	მის	8
ამიტომ	ის	8
ამერიკული	დოლარი	8
ამერიკულ	კოლონიებში	8
ამერიკისა	და	8
ამერიკის	ყველაზე	8
ამერიკის	ქვეყნებში	8
ამერიკელი	მომღერალი	8
ამბობდა	რომ	8
ამან	გამოიწვია	8
ამ	ხალხს	8
ამ	წუთებში	8
ამ	შენობაში	8
ამ	ქვეყნების	8
ამ	ფორმით	8
ამ	სეზონში	8
ამ	რეგიონის	8
ამ	პროცესში	8
ამ	პიროვნების	8
ამ	ნაწილში	8
ამ	მომენტში	8
ამ	მოვლენის	8
ამ	მოვლენას	8
ამ	კუნძულზე	8
ამ	ინფორმაციას	8
ამ	ენაზე	8
ამ	გეგმის	8
აიღო	ქალაქი	8
ათასი	კვ	8
აზრით	ეს	8
აზრი	აქვს	8
აზრი	არ	8
აზიზიეს	მეჩეთის	8
ავტორის	მიერ	8
ავსტრიასა	და	8
ავსტრალიის	შტატში	8
ადრეული	ასაკიდან	8
ადრეულ	წლებში	8
ადმინისტრაციული	და	8
ადვოკატი	და	8
ადგილობრივ	მოსახლეობას	8
ადგილას	და	8
ადამიანის	სიცოცხლე	8
ადამიანის	ორგანიზმში	8
ადამიანებს	შორის	8
ადამიანებს	და	8
ადამიანები	არიან	8
აგრეთვე	არის	8
აგებულია	შუაეოცენური	8
აგებულია	იურული	8
აგებული	და	8
ჰქონდა	მიღებული	7
ჰავაის	კუნძულებზე	7
ჰაერის	საშუალო	7
ჯონ	პოლ	7
ჯილდო	და	7
ჯვაროსნული	ლაშქრობები	7
ჯერ	აღემატება	7
ჯგუფის	წევრებს	7
ჯგუფის	მთავარი	7
ჯგუფი	ჩამოყალიბდა	7
ჯგუფი	და	7
ჯანმრთელობის	დაცვის	7
ჯანლუიჯი	ბუფონი	7
ჯადოსნური	ქვეყნის	7
ხშირად	უფრო	7
ხუროთმოძღვრების	ძეგლი	7
ხუთ	წელიწადში	7
ხუან	დე	7
ხოლო	სამხრეთიდან	7
ხოლო	მისმა	7
ხმელეთისა	და	7
ხელოვნების	ნიმუში	7
ხელოვნების	ნიმუშები	7
ხელოვნებასა	და	7
ხელმძღვანელი	იყო	7
ხელისუფლების	წარმომადგენლები	7
ხელისუფლება	არ	7
ხელთ	იგდეს	7
ხელვაჩაურის	მუნიციპალიტეტი	7
ხევსურეთის	არაგვის	7
ხდება	მათი	7
ხასიათი	ჰქონდა	7
ხარისხისა	და	7
ხარ	და	7
ხალხებს	შორის	7
ხაზის	მშენებლობა	7
წოდება	და	7
წმინდა	სამების	7
წმინდა	საბას	7
წმინდა	ნიკოლოზის	7
წმინდა	ეპარქია	7
წმიდა	სინოდის	7
წლიური	შემოსავალი	7
წლისაა	და	7
წლის	წინანდელი	7
წლის	მონაცემების	7
წლის	კონსტიტუციის	7
წლის	ივლისი	7
წლის	თებერვალი	7
წლის	ასაკამდე	7
წლის	აპრილიდან	7
წლით	გვიან	7
წლიანი	პაუზის	7
წლების	მიწურულს	7
წლებიდან	დაიწყო	7
წინააღმდეგობის	გაწევა	7
წინააღმდეგ	შეთქმულება	7
წინააღმდეგ	ომში	7
წინააღმდეგ	მოწყობილი	7
წინა	ნაწილში	7
წინ	უსწრებდა	7
წვრილი	და	7
წესების	შესაბამისად	7
წესების	თანახმად	7
წერტილის	მოდული	7
წერტილი	კი	7
წელს	ქალაქში	7
წელს	ქალაქის	7
წელს	ფილმში	7
წელს	პირველი	7
წელს	თბილისი	7
წელს	დაინიშნა	7
წელს	დაარსებული	7
წელს	გამოცემული	7
წელს	გამოაქვეყნა	7
წელს	აღმოაჩინეს	7
წელი	მუსიკაში	7
წევრად	აირჩიეს	7
წარუმატებელი	აღმოჩნდა	7
წარმოშობისაა	და	7
წარმოშობის	შესახებ	7
წარმოუდგენელი	იყო	7
წარმოება	და	7
წარმოდგენილია	როგორც	7
წარმატებებს	გისურვებთ	7
წამყვანი	ადგილი	7
წალენჯიხის	მუნიციპალიტეტში	7
წაკითხვის	შემდეგ	7
ძირითადი	შრომები	7
ძირითადად	ეს	7
ძირითად	წყაროს	7
ძველი	სახელწოდებაა	7
ძველი	სახელი	7
ძველი	სამეფოს	7
ძველი	ეგვიპტის	7
ძველი	ბერძნები	7
ძველ	ქართულში	7
ძველ	ბერძნულ	7
ძალიან	ძნელია	7
ძალიან	ცუდად	7
ძალიან	სწრაფად	7
ძალიან	მცირეა	7
ძალიან	მნიშვნელოვანი	7
ძალიან	დაბალი	7
ძალებს	შორის	7
ძალაუფლება	და	7
ძალა	არ	7
ცხრა	წლის	7
ცხოვრობს	მის	7
ცხოველთა	სამყარო	7
ცხოველებისა	და	7
ცხოველები	და	7
ცხინვალის	რეგიონში	7
ცხელი	ზაფხულით	7
ცხელი	ასეული	7
ცხადი	გახდა	7
ცოტა	მოგვიანებით	7
ცნობილია	მხოლოდ	7
ცნობილია	თავის	7
ცნობილი	მისი	7
ციხის	ნანგრევები	7
ცენტრსა	და	7
ცენტრალური	რეგიონი	7
ცენტრალური	ბანკი	7
ცენტრალური	ანატოლიის	7
ჩრდილოეთი	კორეა	7
ჩრდილოეთ	სანაპიროზე	7
ჩრდილოეთ	აფრიკის	7
ჩრდილო	ამერიკული	7
ჩნდება	და	7
ჩილეს	ცენტრალურ	7
ჩვენს	შესახებ	7
ჩვენ	შესახებ	7
ჩვენ	ვართ	7
ჩემს	ცხოვრებაში	7
ჩემპიონთა	თასი	7
ჩემი	საქმე	7
ჩე	გევარას	7
ჩაწერილი	აქვს	7
ჩატარებული	აღწერის	7
ჩატარებული	აქვს	7
ჩარტში	მან	7
ჩართული	იყო	7
ჩამოყალიბდა	და	7
ჩავარდა	და	7
შუა	ხანებში	7
შუა	ნაწილში	7
შუა	ნავი	7
შტატი	მოიცავს	7
შტაბის	უფროსი	7
შორის	უმნიშვნელოვანესია	7
შორის	კონკურენცია	7
შორის	დიდი	7
შორის	არ	7
შორენა	ბეგაშვილი	7
შოთა	რუსთაველი	7
შიდა	ქართლი	7
შთაგონების	წყარო	7
შთაბეჭდილება	დატოვა	7
შვილთან	ერთად	7
შეხვედრა	ჩაატარა	7
შეწყვიტა	არსებობა	7
შექმნასა	და	7
შეუერთდა	და	7
შეტანილია	ჯგუფის	7
შესწავლასა	და	7
შესრულების	დროს	7
შესახებ	შეიტყო	7
შესახებ	მხოლოდ	7
შესახებ	არ	7
შესაძლებლობას	იძლევა	7
შესაძლებლობა	და	7
შესაძლებელი	ხდება	7
შერწყმის	შედეგად	7
შენ	ხომ	7
შენ	იცი	7
შემოსევის	დროს	7
შემთხვევითი	არ	7
შემთხვევაშიც	კი	7
შემთხვევაში	იგი	7
შემდეგ	უნდა	7
შემდეგ	სწავლობდა	7
შემდეგ	მოხდა	7
შემდეგ	თავის	7
შემდგომ	განვითარებას	7
შეიჭრა	და	7
შეიძლება	ეს	7
შეიძლება	დაიყოს	7
შეიძლება	გამოყენებულ	7
შეიცავს	და	7
შეიქმნა	პირველი	7
შედის	საქართველოს	7
შედეგი	გამოიღო	7
შედეგად	წარმოქმნილი	7
შედეგად	წარმოიშვა	7
შედეგად	კი	7
შედეგად	და	7
შედგება	ოთხი	7
შედგა	მისი	7
შედარებით	სუსტი	7
შედარებით	ნაკლებად	7
შეადგინა	და	7
შავი	და	7
შავი	აჭარა	7
შავ	ზღვაში	7
ყურადღებას	არ	7
ყურადღება	მიიქცია	7
ყურადღება	არ	7
ყოფილიყო	და	7
ყოველ	ოთხ	7
ყოველ	დღე	7
ყინულითაა	დაფარული	7
ყველგან	და	7
ყველაფერი	კი	7
ყველაფერთან	ერთად	7
ყველაზე	საინტერესო	7
ყველაზე	მძიმე	7
ყველაზე	მოკლე	7
ყველაზე	ბრწყინვალე	7
ღმერთი	და	7
ღვაწლი	მიუძღვის	7
ღარიბ	ოჯახში	7
ქურდული	სამყაროს	7
ქულა	ქონდათ	7
ქრისტიანობა	და	7
ქრისტიანთა	დევნის	7
ქიმიური	ელემენტის	7
ქიმიური	და	7
ქვეშ	მდებარე	7
ქვეშ	იყო	7
ქვეყნის	ტერიტორიის	7
ქვეყნის	პრეზიდენტად	7
ქვეყნის	პირველ	7
ქვეყანას	შორის	7
ქვეყანას	მართავდა	7
ქვეყანა	და	7
ქვედა	და	7
ქედის	მუნიციპალიტეტში	7
ქართული	წარმართული	7
ქართული	სალიტერატურო	7
ქართული	საზოგადოების	7
ქართული	მხარის	7
ქართული	თარგმანი	7
ქართულ	ენას	7
ქართლის	სამეფო	7
ქართველმა	ხალხმა	7
ქართველი	ერი	7
ქალაქში	ცხოვრობდა	7
ქალაქში	მცხოვრებთა	7
ქალაქის	ცენტრი	7
ქალაქის	საბჭოს	7
ქალაქის	გარშემო	7
ქალაქი	გახდა	7
ქალაქი	ასევე	7
ქალაქების	სია	7
ქალაქ	მოსკოვი	7
ფსიქიატრიულ	საავადმყოფოში	7
ფრთები	და	7
ფრენის	დროს	7
ფრანგულ	და	7
ფორმებისა	და	7
ფონდებს	შორის	7
ფონ	ბრაუნი	7
ფინიკიური	დამწერლობა	7
ფინალში	გავიდა	7
ფინალურ	ეტაპზე	7
ფილოლოგიის	მეცნიერებათა	7
ფილმის	გადაღების	7
ფილმი	ეფუძნება	7
ფილმების	სერია	7
ფიზიკური	სიდიდე	7
ფეხბურთის	ფედერაცია	7
ფეხბურთელი	იყო	7
ფეხბურთელი	გახდა	7
ფეოდალური	საქართველოს	7
ფართო	გავრცელება	7
უწოდა	და	7
უძველესი	ქართული	7
უცხო	ქვეყნის	7
უცვლელად	გთავაზობთ	7
უშიშროების	კომიტეტის	7
უფრო	ძველი	7
უფრო	ნაკლებად	7
უფრო	მაღალია	7
უფრო	იაფი	7
უფრო	გრძელი	7
უფრო	ადვილი	7
უფლის	ანგელოზი	7
უფლებებისა	და	7
უფლება	ჰქონდა	7
უფლება	მხოლოდ	7
უფლება	აქვთ	7
უსახსრობის	გამო	7
უსაფრთხოება	და	7
ურთიერთობებს	აზერბაიჯანი	7
უნივერსიტეტის	ფილოლოგიის	7
უნდა	ჩაითვალოს	7
უნდა	ყოფილიყვნენ	7
უნდა	ვივარაუდოთ	7
უმცროსი	და	7
უმრავლეს	შემთხვევაში	7
უმაღლესი	სკოლა	7
უმაღლესი	სასწავლებლის	7
უმაღლესი	საბჭო	7
უმაღლესი	ორგანოა	7
უმაღლესი	დონის	7
უმაღლეს	სკოლაში	7
უკრაინის	სახალხო	7
უკიდურეს	აღმოსავლეთ	7
უკვე	მეორე	7
უკვე	არსებული	7
უკეთ	ცნობილია	7
უკან	დაეხია	7
უილიამ	შექსპირის	7
უეფას	თასზე	7
უდიდეს	ნაწილს	7
უბრალოდ	არ	7
უბედური	შემთხვევა	7
უახლოეს	დღეებში	7
ტყის	ყომრალ	7
ტროპიკულ	ტყეებს	7
ტრავმის	გამო	7
ტკივილი	და	7
ტესტს	და	7
ტერიტორიაზე	მრავალი	7
ტერიტორიაზე	იყო	7
ტემპერატურის	პირობებში	7
ტანსაცმელი	და	7
სხვადასხვა	ქალაქებში	7
სხვადასხვა	სფეროში	7
სხვადასხვა	პერიოდში	7
სხვა	ქვეყნის	7
სხვა	ქვეყნებშიც	7
სხვა	ქვეყნებთან	7
სხვა	ქალაქების	7
სხვა	რაიონებში	7
სხვა	მონაცემებით	7
სხვა	ენებზე	7
სხვა	გზით	7
სხვა	არაფერი	7
სწავლობდა	პეტერბურგის	7
სწავლის	დასრულების	7
სცენარისტი	და	7
სცენარის	მიხედვით	7
სუფსის	მარჯვნივ	7
სუსტი	იყო	7
სულიერი	და	7
სულ	ახლახან	7
სტრუქტურა	და	7
სტატუსის	მქონე	7
სრული	სახელი	7
სპილენძისა	და	7
სოციალისტური	ფედერაციული	7
სოციალისტური	პარტიის	7
სოფლის	მოსახლეობა	7
სოფლის	მახლობლად	7
სოფლის	განაპირას	7
სოფელი	თერჯოლის	7
სოფელი	გურჯაანის	7
სომხეთისა	და	7
სომხეთი	და	7
სოლომონ	დოდაშვილის	7
სკოლაში	დაიწყო	7
სიცოცხლის	ფასად	7
სიტყვის	თავისუფლება	7
სიტყვა	და	7
სინგლების	ჩარტში	7
სინათლისა	და	7
სიმღერის	ვიდეოკლიპი	7
სიმღერის	ავტორი	7
სიმღერაში	საუბარია	7
სიმფონიური	ორკესტრის	7
სიმაღლის	მიხედვით	7
სიმაღლით	მეორე	7
სიმაღლეზე	და	7
სიმართლე	გითხრათ	7
სილამაზე	და	7
სიკვდილის	შემდეგაც	7
სივრცისა	და	7
სიდიდით	მეოთხე	7
სიგრძისა	და	7
სიახლოვის	გამო	7
სიაშია	შეტანილი	7
სია	ფართობის	7
სია	მოსახლეობის	7
სვანური	ენა	7
სექტემბრის	ბოლოს	7
სექტემბერს	და	7
სეზონის	მეორე	7
სეზონი	გაატარა	7
საჯარო	ინფორმაციის	7
სახეს	ატარებს	7
სახეობის	ფრინველი	7
სახელობის	ტაძარში	7
სახელმწიფოს	შემადგენლობაში	7
სახელმწიფო	სამსახურში	7
სახელმწიფო	რელიგიად	7
სახელმწიფო	ნაკრძალის	7
სახელმწიფო	მმართველობის	7
სახელმწიფო	დროშა	7
სახელმწიფო	გადატრიალება	7
სახელი	მისი	7
სახელი	მიენიჭა	7
სახელი	არ	7
სახალხო	ფრონტის	7
სახალხო	კრება	7
სახალხო	განათლების	7
საჭირო	არ	7
საცხოვრებელი	ადგილი	7
საშუალო	ტემპერატურა	7
საშუალებას	იძლეოდა	7
საშინაო	მატჩებს	7
საშინაო	და	7
საყოველთაოდ	ცნობილია	7
საყოველთაო	აღიარება	7
საქმეთა	მინისტრმა	7
საქმე	გვაქვს	7
საქართველოში	საბჭოთა	7
საქართველოში	რუსეთის	7
საქართველოში	გავრცელებულია	7
საქართველოს	ცენტრალური	7
საქართველოს	შესახებ	7
საქართველოს	ფეხბურთი	7
საქართველოს	ტერიტორიის	7
საქართველოს	სოფლის	7
საქართველოს	სისხლის	7
საქართველოს	სახელმწიფოებრივი	7
საქართველოს	საქართველოს	7
საქართველოს	საპრეზიდენტო	7
საქართველოს	სამოციქულო	7
საქართველოს	საკონსტიტუციო	7
საქართველოს	რუსეთთან	7
საქართველოს	პრეზიდენტმა	7
საქართველოს	ნაკრებში	7
საქართველოს	ნაკრები	7
საქართველოს	კანონის	7
საქართველოს	კათოლიკოს	7
საქართველოს	იუსტიციის	7
საქართველოს	ეკონომიკური	7
საქალაქო	სასამართლოს	7
საფუძველი	ჩაუყარეს	7
საფრთხე	ემუქრება	7
საფრთხე	დაემუქრა	7
საფრანგეთში	და	7
საფრანგეთის	სამხედრო	7
საფრანგეთის	პირველი	7
საფრანგეთის	აღმოსავლეთ	7
საფლავის	ქვა	7
საუკუნის	მიწურულს	7
საუკუნის	მანძილზე	7
საუკუნის	დამდეგს	7
საუკუნეთა	მანძილზე	7
საუკუნეების	ციხე	7
საუკეთესო	ფეხბურთელად	7
საუკეთესო	და	7
სასწავლო	წლის	7
სასუნთქი	გზების	7
სასულიერო	სასწავლებელი	7
სასულიერო	პირი	7
სასამართლოს	გადაწყვეტილებით	7
სარკმლის	თავზე	7
სარკმელი	აქვს	7
საპროტესტო	აქცია	7
სანაცვლოდ	კი	7
სანამ	მას	7
სანამ	იგი	7
სან	ხუანი	7
სან	სირო	7
სამხრეთი	ავსტრალიის	7
სამხრეთ	ოსეთი	7
სამხრეთ	ლიბანის	7
სამხრეთ	ევროპაში	7
სამხედრო	ძალების	7
სამყაროსა	და	7
სამსახურის	უფროსი	7
სამსახიობო	ფაკულტეტი	7
სამრეწველო	და	7
სამოქალაქო	სამართლის	7
სამოქალაქო	სამართალი	7
სამეცნიერო	ხარისხი	7
სამეცნიერო	წრეებში	7
სამეცნიერო	შრომები	7
სამეცნიერო	ნაშრომის	7
სამეფოს	დედაქალაქი	7
სამეფო	ხელისუფლების	7
სამედიცინო	ფაკულტეტი	7
სამედიცინო	სადაზღვევო	7
სამების	ეკლესია	7
საკრებულოს	ცენტრი	7
საკონცერტო	ტურნე	7
საკონცენტრაციო	ბანაკი	7
საკონსტიტუციო	სასამართლოს	7
საკონსტიტუციო	კომისიის	7
საკვები	და	7
საკანდიდატო	დისერტაცია	7
საზღვრის	სიახლოვეს	7
საზღვრის	საერთო	7
საზღვაო	პორტი	7
საზოგადოებრივი	ტრანსპორტის	7
საზოგადოებრივი	მაუწყებლის	7
საზოგადოებრივი	აზრი	7
საზოგადოებრივ	ცხოვრებაში	7
საზოგადოების	პრეზიდენტი	7
საზოგადო	მოღვაწის	7
სავსე	იყო	7
სავარგულებს	უკავია	7
საექიმო	ამბულატორია	7
საერთაშორისო	კინოფესტივალზე	7
საერთაშორისო	აღიარება	7
საერთაშორისო	ასპარეზზე	7
საელჩო	ბაქოში	7
საეკლესიო	მოღვაწე	7
სადაც	მათი	7
სადაც	ეწერა	7
სადაც	ერთი	7
საგუბერნატორო	მდებარეობს	7
საგანს	წარმოადგენს	7
საბჭოსა	და	7
საბჭოთა	ხელისუფლებამ	7
საბჭოთა	ხელისუფლება	7
საბჭოთა	ფილმი	7
საბჭოთა	საქართველო	7
საბრძოლო	მოქმედებებში	7
საბერძნეთსა	და	7
საბანკო	საქმიანობის	7
საბაზრო	ეკონომიკის	7
საათის	ისრის	7
ს	არ	7
რუსი	და	7
რუსთაველის	თეატრში	7
რუსეთის	მხრიდან	7
რუსეთის	იმპერატორის	7
რუსეთის	არმიამ	7
რუსები	და	7
როცა	მან	7
რომსა	და	7
რომლის	ძალითაც	7
რომლის	შემადგენლობაში	7
რომლის	სახელიც	7
რომლის	საფუძველზე	7
რომლის	მეშვეობითაც	7
რომლებიც	ქმნიან	7
რომლებიც	მხოლოდ	7
რომლებიც	ასევე	7
რომის	პაპს	7
რომის	პაპის	7
რომელსაც	ხშირად	7
რომელსაც	სახელი	7
რომელმაც	მნიშვნელოვანი	7
რომელმაც	იგი	7
რომელმაც	არ	7
რომელიც	ცდილობს	7
რომელიც	ჩაიწერა	7
რომელიც	ქალაქ	7
რომელიც	უშუალოდ	7
რომელიც	საკმაოდ	7
რომელიც	საბჭოთა	7
რომელიც	მათი	7
რომელიც	კი	7
რომელიც	ზღვის	7
რომელიც	ერთი	7
რომელიც	დაფუძნებულია	7
რომელიც	დაფარულია	7
რომელიც	დაარსდა	7
რომელიც	გულისხმობს	7
რომელიც	გამოირჩევა	7
რომელიც	აღნიშნავს	7
რომელიც	ასრულებს	7
რომელიც	ამავე	7
რომელიც	ადრე	7
რომელი	ორი	7
რომელთან	ერთადაც	7
რომელთა	საერთო	7
რომელთა	მიზანი	7
რომ	ჯგუფის	7
რომ	ყველაზე	7
რომ	ქვეყნის	7
რომ	უნდა	7
რომ	სამყარო	7
რომ	სააკაშვილი	7
რომ	რაც	7
რომ	ორი	7
რომ	მეფე	7
რომ	მეორე	7
რომ	მალე	7
რომ	თითქოს	7
რომ	თვით	7
რომ	თავის	7
რომ	თავი	7
რომ	ზოგიერთ	7
რომ	ვთქვა	7
რომ	აღარ	7
რომ	ასეთ	7
რომ	ასე	7
რომ	ამით	7
რომ	ამგვარი	7
როდესაც	ყველა	7
როდესაც	მის	7
როგორც	ყოველთვის	7
როგორც	საუკეთესო	7
როგორც	საერთაშორისო	7
როგორც	მეორე	7
როგორც	მას	7
როგორც	ირკვევა	7
როგორც	ადამიანის	7
როგორიცაა	მაგალითად	7
რობერტ	დე	7
რიხარდ	ვაგნერი	7
რის	შედეგად	7
რითაც	მან	7
რეფორმის	შედეგად	7
რეჟიმის	დროს	7
რელიგიური	და	7
რეგიონი	ჩილეს	7
რბილი	და	7
რაც	გულისხმობს	7
რაც	გინდა	7
რაც	არის	7
რას	წარმოადგენს	7
რაოდენობით	გვხვდება	7
რამდენჯერმე	შეიცვალა	7
რამდენიმე	ხანში	7
რამდენიმე	საათის	7
რამდენიმე	პატარა	7
რამდენიმე	მდინარე	7
რამდენიმე	კილომეტრი	7
რამდენიმე	ასეულ	7
რამდენიმე	ადამიანი	7
რამაც	მისი	7
რამ	არის	7
რამ	არ	7
რაიონის	შემადგენლობაში	7
რაიონად	და	7
რაიმე	სხვა	7
რათა	მან	7
რათა	იგი	7
რადგანაც	ამ	7
რადგან	ყველა	7
რა	ღირს	7
რა	საჭიროა	7
რა	გასაკვირია	7
ჟენევის	ტბა	7
ჟან	დე	7
პროვინცია	ცენტრალურ	7
პრემიერ	ლიგა	7
პრემია	ქიმიის	7
პრეზიდენტი	მიხეილ	7
პრეზიდენტი	არის	7
პორტუგალიის	ეროვნული	7
პოპულარული	და	7
პოლონეთის	მდინარეებს	7
პოლიტიკური	პარტიის	7
პოლიტიკური	ორიენტაციის	7
პოლიტიკურ	ასპარეზზე	7
პოზიცია	დაიკავა	7
პირობების	გამო	7
პირი	და	7
პირველი	საბჭოთა	7
პირველი	ნომერი	7
პირველი	ნახევარი	7
პირველი	ნაბიჯი	7
პირველი	მოადგილე	7
პირველი	ლიტერატურული	7
პირველი	ლედი	7
პირველი	თამაში	7
პირველი	ევროპელები	7
პირველად	მან	7
პირველ	ყოვლისა	7
პეტრესა	და	7
პერტიდან	დაშორებულია	7
პერიოდში	საქართველოს	7
პერიოდში	და	7
პერიოდს	განეკუთვნება	7
პერიოდის	მანძილზე	7
პედაგოგიური	ინსტიტუტი	7
პედაგოგიურ	ინსტიტუტში	7
პედაგოგი	იყო	7
პატარა	ლიახვის	7
პატარა	თავი	7
პატარა	ზომის	7
პარტიისა	და	7
პარკი	შვედეთი	7
პარკი	და	7
პარიზში	და	7
პარიზის	მეცნიერებათა	7
პანკისის	ხეობაში	7
პალატის	წევრი	7
პავლე	მოციქული	7
ოჯახი	საცხოვრებლად	7
ოქროს	ურდოს	7
ოქროს	მედლით	7
ოსკარის	მფლობელი	7
ორი	ძმა	7
ორი	შტატის	7
ორი	შესასვლელი	7
ორი	სხვადასხვა	7
ორი	ახალი	7
ორდენებითა	და	7
ორგანული	ქიმია	7
ორ	ძირითად	7
ორ	ქვეყანას	7
ოპერაციის	შემდეგ	7
ომის	შემდგომი	7
ომის	გამო	7
ოლქის	შემადგენლობაში	7
ოლქის	მოსახლეობა	7
ოლიმპიადის	მეორე	7
ოლდ	ტრაფორდზე	7
ოკუპირებული	იყო	7
ოკუპაციის	შემდეგ	7
ოკეანე	და	7
ოთხ	ნაწილად	7
ოზურგეთის	მაზრა	7
ოდილონ	რედონი	7
ნუსხურში	კუთხოვანი	7
ნოტიო	ჰავა	7
ნოტიო	სუბტროპიკულია	7
ნორვეგიული	ენა	7
ნომერ	პირველი	7
ნიშნის	ქვეშ	7
ნიქოზისა	და	7
ნინო	გურიელი	7
ნინო	ბურჯანაძე	7
ნიკოლოზ	ბარათაშვილის	7
ნიკო	ნიკოლაძე	7
ნეუკენის	პროვინციაში	7
ნეტარი	მამა	7
ნებისმიერი	სხვა	7
ნახევრად	უდაბნოებში	7
ნაწილში	კი	7
ნაწილია	და	7
ნაწილი	უნდა	7
ნაწილი	უკავია	7
ნაწარმოების	ავტორი	7
ნაცისტური	პარტიის	7
ნაცისტური	გერმანიის	7
ნაშრომის	ავტორი	7
ნატიფი	ხელოვნების	7
ნაპოვნი	იქნა	7
ნაპირებზე	გაშენებულია	7
ნამუშევრები	ძირითადად	7
ნაკრების	კაპიტანი	7
ნათქვამი	იყო	7
მხოლოდ	სამხრეთ	7
მხოლოდ	მის	7
მხოლოდ	ეს	7
მხოლოდ	ერთს	7
მხედრულში	იგი	7
მხარეში	შედის	7
მხარეთმცოდნეობის	მუზეუმი	7
მჭიდროდ	არის	7
მჭიდრო	კავშირი	7
მწერებით	და	7
მძიმე	და	7
მცხოვრებთა	რაოდენობა	7
მცირე	დროში	7
მცირე	აზიასა	7
მშრალი	კანონის	7
მშვიდი	და	7
მშენებლობა	და	7
მყინვარის	ენის	7
მუშაობდა	საქართველოს	7
მუსიკის	ავტორი	7
მურა	ან	7
მუზეუმში	დაცული	7
მუზეუმი	და	7
მსუბუქი	მეტროს	7
მსოფლიოში	ცნობილი	7
მსოფლიოში	ერთ	7
მსოფლიოს	საუკეთესო	7
მსოფლიოს	პირველი	7
მსოფლიოს	მრავალი	7
მსოფლიოს	თასი	7
მსოფლიო	მიზიდულობის	7
მსოფლიო	კრების	7
მსოფლიო	ისტორიაში	7
მსოფლიო	ეკონომიკური	7
მრავალფეროვანი	და	7
მრავალი	სხვადასხვა	7
მოხვდა	ბრიტანეთის	7
მოხდა	მისი	7
მოხაზულობა	ასომთავრული	7
მოწონება	დაიმსახურა	7
მოცემულია	პროვინციის	7
მოქმედების	პარტია	7
მოქმედება	ხდება	7
მოსწავლე	იყო	7
მოსკოვსა	და	7
მოსკოვისა	და	7
მოსკიტების	სანაპირო	7
მოსახლეობის	მიერ	7
მორალური	და	7
მონღოლთა	ბატონობის	7
მონაწილეობდა	საქართველოს	7
მონაწილეობა	მიღებული	7
მომხმარებელს	შეუძლია	7
მოკლედ	და	7
მოიცავს	და	7
მოიპოვა	და	7
მოიგეს	და	7
მოთამაშეს	შეუძლია	7
მოვალეობას	ასრულებდა	7
მოგზაურობის	დროს	7
მოგვიანებით	ეს	7
მნიშვნელოვანია	ასევე	7
მნიშვნელობის	მქონე	7
მნიშვნელობას	ანიჭებდა	7
მნიშვნელობა	შეიძინა	7
მმართველი	პარტიის	7
მლნ	ადამიანი	7
მკაცრი	და	7
მკაფიოდ	გამოხატული	7
მიხეილის	ძე	7
მიხედვით	იგი	7
მიხედვით	და	7
მიხედვით	განასხვავებენ	7
მიხედვით	არის	7
მიწისა	და	7
მიწის	ქვეშ	7
მიღწეულ	იქნა	7
მიუთითებს	მის	7
მისცა	საშუალება	7
მისი	შენაკადების	7
მისი	შემდგომი	7
მისი	უშუალო	7
მისი	სხეული	7
მისი	სახელობის	7
მისი	სახელის	7
მისი	საშუალებით	7
მისი	ნეშტი	7
მისი	მეგობარი	7
მისი	დედის	7
მისი	დახმარებით	7
მისი	დაბადების	7
მისი	გული	7
მისი	განადგურება	7
მისი	ახალი	7
მისი	არსებობა	7
მისთვის	და	7
მის	შემოგარენში	7
მის	ქვეშ	7
მის	საზღვრებს	7
მის	პირად	7
მის	გარდაცვალებამდე	7
მინისტრის	მოადგილე	7
მინისტრის	თანამდებობა	7
მიმდინარე	პროცესებს	7
მიიჩნია	და	7
მიიღეს	და	7
მიერ	წარმოებული	7
მიერ	შედგენილ	7
მიერ	მსოფლიო	7
მიერ	დაწერილ	7
მიერ	დანიშნული	7
მიერ	დაარსებულ	7
მიერ	გატარებული	7
მიერ	გამოცემულ	7
მიერ	გამოგზავნილი	7
მიერ	ამ	7
მიგელ	დე	7
მთელი	წელი	7
მთელი	ძალით	7
მთელი	ჩემი	7
მთელი	ტერიტორია	7
მთელი	საქართველო	7
მთელ	დედამიწაზე	7
მთელ	დასავლეთ	7
მთებს	შორის	7
მთავრობას	შორის	7
მთავარი	რედაქტორის	7
მზის	გარშემო	7
მეფობის	დროს	7
მეფის	ტიტული	7
მეფეს	და	7
მეფე	ჯორჯის	7
მეტად	ცნობილია	7
მეტად	საინტერესო	7
მესამე	სართულზე	7
მესამე	რაიხის	7
მესამე	ადგილზე	7
მერქანს	იყენებენ	7
მერე	რაც	7
მეორე	წელს	7
მეორე	ცოლი	7
მეორე	ქალაქი	7
მეორე	უდიდესი	7
მეორე	სართულის	7
მეორე	სართულზე	7
მეორე	ნაწილში	7
მეორე	ადგილზეა	7
მეოთხე	ადგილი	7
მელიტონ	ბალანჩივაძე	7
მეთაური	იყო	7
მედიცინასა	და	7
მე	რა	7
მე	მხოლოდ	7
მე	მაინც	7
მე	ვფიქრობ	7
მე	დიდი	7
მე	აქ	7
მდინარეებისა	და	7
მდინარე	მთიულეთის	7
მდინარე	გუბაზეულის	7
მდინარე	აბაშა	7
მდებარეობს	ჩრდილოეთი	7
მდებარეობს	ქალაქები	7
მდებარეობს	მალავის	7
მდებარეობს	ეგვიპტე	7
მდებარეობს	ანდების	7
მდებარეობს	ამერიკის	7
მდგომარეობს	იმაში	7
მდგომარეობა	და	7
მაღალი	დონით	7
მატჩები	ჩატარდა	7
მასში	მოთხრობილია	7
მას	საკმაოდ	7
მას	რამდენიმე	7
მას	მაინც	7
მას	ვერ	7
მას	ბევრი	7
მას	ახალი	7
მას	აგრეთვე	7
მარჯვნივაა	გადახრილი	7
მარჯვენა	ხელი	7
მარჯანიშვილის	თეატრი	7
მარცხნიდან	მარჯვნივ	7
მარილი	და	7
მართლაც	რომ	7
მართვისა	და	7
მანჩესტერ	იუნაიტედში	7
მან	ჯერ	7
მან	ჩამოაყალიბა	7
მან	მიატოვა	7
მან	თქვა	7
მან	დატოვა	7
მან	გამოიყენა	7
მან	აღმოაჩინა	7
მამა	კი	7
მამა	იყო	7
მაიკლ	სკოფილდი	7
მათი	სხეული	7
მათი	ნაწილი	7
მათი	მატლებით	7
მათი	გამოყენება	7
მათემატიკოსი	და	7
მათ	შეუძლიათ	7
მათ	საკუთარი	7
მათ	საერთო	7
მათ	კი	7
მათ	ერთად	7
მათ	გარდა	7
მაგრამ	ყველა	7
მაგრამ	უკვე	7
მაგრამ	რეალურად	7
მაგრამ	რადგან	7
მაგრამ	იმის	7
მაგრამ	თავის	7
მაგრამ	ვინაიდან	7
მაგრამ	დროთა	7
მაგრამ	ამის	7
მაგრამ	ამასთან	7
მაგისტრის	ხარისხი	7
მაგისტრალი	ს	7
მაგარი	და	7
მაგალითს	წარმოადგენს	7
ლუციუს	ტარკვინიუს	7
ლონდონის	სამეფო	7
ლიხის	ქედი	7
ლიტერატურასა	და	7
ლიტერატურა	და	7
ლითონისებრი	ბზინვარება	7
ლევან	გაჩეჩილაძე	7
ლამაზი	და	7
ლა	ლიგის	7
კუნძული	და	7
კუნძულებსა	და	7
კულტურულ	ცხოვრებაში	7
კუბის	ჩრდილოეთ	7
კუბის	მუნიციპალიტეტები	7
კუბის	დამოუკიდებლობისათვის	7
კრუხობს	ორივე	7
კრახი	განიცადა	7
კოჩაბამბის	დეპარტამენტი	7
კოპა	დელ	7
კონფლიქტის	გამო	7
კონფედერაციის	პრეზიდენტი	7
კონსტიტუციის	თანახმად	7
კონსტანტინე	დიდი	7
კონსერვატიული	პარტიის	7
კონსერვატიული	პარტია	7
კონკრეტულად	რა	7
კომუნად	იყოფა	7
კომუნა	ჩილეში	7
კომპანიის	მიერ	7
კომისიის	შექმნის	7
კომერციული	და	7
კოლუმბიის	უნივერსიტეტში	7
კოლუმბამდელი	ამერიკის	7
კოდორის	ხეობა	7
კლასიფიკაციის	მიხედვით	7
კილომეტრის	მოშორებით	7
კიდევ	სამი	7
კიდევ	მე	7
კიდევ	ბევრი	7
კი	ყველა	7
კი	სრულიად	7
კი	მათი	7
კი	ახალი	7
კვირა	გაატარა	7
კენჭს	იყრიდა	7
კახეთის	კავკასიონის	7
კახეთის	აჯანყება	7
კახამარკას	რეგიონის	7
კარლ	ფრიდრიხ	7
კარლ	მარქსის	7
კარგი	განათლება	7
კარგად	უნდა	7
კანის	კინოფესტივალზე	7
კალთები	ციცაბოა	7
კავშირის	კომუნისტური	7
კავკასიონის	ჩრდილოეთ	7
კავკასიონის	ქედის	7
კავკასიაში	და	7
იჯდა	და	7
იწვევს	და	7
იშვიათად	თუ	7
იყო	წმინდა	7
იყო	ძალიან	7
იყო	ჩართული	7
იყო	უკანასკნელი	7
იყო	სსრკ	7
იყო	საკმარისი	7
იყო	ნიკარაგუის	7
იყო	მიღებული	7
იყო	მეორე	7
იყო	იმით	7
იყო	თავის	7
იყო	ერთერთი	7
იყო	დაფარული	7
იყო	დანიშნული	7
იყო	დამზადებული	7
იყო	დაინტერესებული	7
იყო	გამოწვეული	7
იყო	გამოყოფილი	7
იყენებენ	როგორც	7
იყენებენ	აგრეთვე	7
იღებს	და	7
იქცა	და	7
იქნა	რამდენიმე	7
იქნა	გადაღებული	7
იქ	კი	7
იურისტი	და	7
იურიდიული	განათლება	7
იუკატანის	ნახევარკუნძული	7
იტალიის	ქალაქ	7
იტალიის	სუპერთასი	7
იტალიის	ნაკრების	7
იტალიელი	კომპოზიტორი	7
ისტორიული	რომანი	7
ისტორიული	მხარე	7
ისტორიის	ფაკულტეტი	7
ისინი	მაინც	7
ისინი	კვლავ	7
ისინი	ასევე	7
ისეთი	დიდი	7
ისე	დიდი	7
ის	შეხვდა	7
ის	საკუთარი	7
ის	მსოფლიოს	7
ის	კაცი	7
ის	ეთერში	7
ირმის	ნახტომში	7
ირანის	შაჰის	7
ირანის	ისლამური	7
ინფორმაცია	და	7
ინსტიტუტი	და	7
ინიციატივით	და	7
ინდოეთსა	და	7
ინგლისურ	ენაში	7
ინგლისელი	მსახიობი	7
იმპერიის	წინააღმდეგ	7
იმის	შემდეგ	7
იმერეთის	მეფის	7
იმედი	აქვს	7
იმას	არ	7
იმაზე	მეტი	7
იმავე	ღამეს	7
იმავე	სახელწოდების	7
იმავე	პერიოდში	7
იმ	ეტაპზე	7
იმ	გარემოებას	7
იმ	განსხვავებით	7
იმ	ადამიანს	7
ივრის	მარჯვენა	7
ივლისს	და	7
იესო	ქრისტემ	7
იერიში	მიიტანა	7
იერიშები	მიიტანა	7
იგი	წმინდანად	7
იგი	წერს	7
იგი	საბოლოოდ	7
იგი	მისი	7
იგი	ეფუძნება	7
იგი	დაკრძალეს	7
იაფი	და	7
იარაღი	იყო	7
იანი	წლებისთვის	7
იანვრის	მონაცემებით	7
თქმულება	შოთა	7
თურქული	ენები	7
თუმცა	ხშირად	7
თუმცა	ყველაზე	7
თუმცა	უნდა	7
თუმცა	მხოლოდ	7
თუმცა	მე	7
თუმცა	მალევე	7
თუმცა	მალე	7
თუმცა	იყო	7
თუ	მაინც	7
თუ	თქვენი	7
თუ	ვინმეს	7
თუ	დიდი	7
თუ	გვიან	7
თუ	ასეთი	7
თოვლის	წყლით	7
თითქოს	ეს	7
თითქმის	სრულიად	7
თითო	სარკმელია	7
თვის	ვადით	7
თვითმმართველობის	არჩევნებში	7
თვით	ამ	7
თესლით	და	7
თერგის	მარცხენა	7
თეთრი	გიორგი	7
თებერვლის	რევოლუციის	7
თეატრალური	ინსტიტუტი	7
თბილისის	სამედიცინო	7
თბილისის	მერიის	7
თბილისის	მერია	7
თბილისის	მერი	7
თასის	გათამაშებაში	7
თასი	და	7
თანამედროვე	ქართული	7
თანამდებობის	პირი	7
თავისუფალი	დემოკრატების	7
თავისი	ცხოვრების	7
თავისი	ცხოვრება	7
თავისი	ცნობილი	7
თავისი	შვილი	7
თავისი	ქონება	7
თავისი	ადგილი	7
თავის	ტვინი	7
თავის	პირველ	7
თავის	ნაშრომში	7
თავის	მამულში	7
თავიანთ	თავს	7
თავდაცვის	მინისტრის	7
თავდაპირველად	მას	7
თავდაპირველად	ეს	7
თავად	კი	7
თავად	არის	7
ზღვაში	და	7
ზრდა	და	7
ზომა	და	7
ზოგი	მკვლევარი	7
ზოგ	ქვეყნებში	7
ზოგ	სახეობას	7
ზემოთ	და	7
ზედამხედველობის	ქვეშ	7
ზე	მეტია	7
ზაფხულსა	და	7
ზამთრით	და	7
ზაზა	გოროზია	7
ვიცი	და	7
ვიოლეტა	ბარიოს	7
ვინც	კი	7
ვინც	ამ	7
ვერცხლის	მედალი	7
ვერა	მენჩიკის	7
ვერ	შესძლეს	7
ვერ	გაუძლეს	7
ვერ	აღწევს	7
ვენესუელის	პრეზიდენტი	7
ვახუშტი	ბატონიშვილის	7
ვარ	ამ	7
ვან	ბეთჰოვენი	7
ვადის	გასვლის	7
ვადის	ამოწურვის	7
ეწოდა	სახელი	7
ექიმი	და	7
ესპანეთსა	და	7
ესპანეთის	ამერიკულ	7
ესპანეთი	და	7
ესენი	არიან	7
ეს	ჯილდო	7
ეს	ჯგუფი	7
ეს	ხომალდი	7
ეს	ქალი	7
ეს	უფლება	7
ეს	საინტერესოა	7
ეს	რა	7
ეს	პრობლემა	7
ეს	ნაწილი	7
ეს	კარგად	7
ეს	ისტორია	7
ეს	იმიტომ	7
ეს	თეორია	7
ეს	თარიღი	7
ეს	გახლდათ	7
ეს	განცხადება	7
ეს	განსაკუთრებით	7
ეს	გადაწყვეტილება	7
ეს	ალბათ	7
ეს	აზრი	7
ეროვნული	და	7
ეროვნული	გვარდია	7
ეროვნულ	პარკად	7
ერთხელ	მან	7
ერთპიროვნული	მმართველი	7
ერთმანეთის	პირისპირ	7
ერთმანეთის	მიყოლებით	7
ერთი	ღამის	7
ერთი	სქესის	7
ერთი	მთლიანი	7
ერთი	იმ	7
ერთი	დღის	7
ერთი	ადამიანი	7
ერთვის	შავი	7
ერთად	შექმნა	7
ერთად	უნდა	7
ერთად	საცხოვრებლად	7
ერთად	იზრდება	7
ერთად	გაემგზავრა	7
ერთად	არიან	7
ერთად	ამ	7
ერთ	სეზონში	7
ერთ	დღესაც	7
ერების	ორგანიზაციის	7
ენერგია	და	7
ელფერი	დაჰკრავს	7
ელექტრო	გიტარა	7
ელემენტარული	ნაწილაკების	7
ეკუთვნის	მრავალი	7
ეკონომიკური	მდგომარეობა	7
ეკლესიის	ეზოში	7
ეკლესიას	და	7
ეკავა	პერუს	7
ეთნიკურ	ჯგუფს	7
ეთეროვან	ზეთებს	7
ევროპულ	ნაწილში	7
ევროპის	სხვადასხვა	7
ევროპის	საბჭოს	7
ედგარ	ალან	7
ეგრეთ	წოდებული	7
ეგნატე	ნინოშვილის	7
ეგეოსის	ზღვის	7
ეგ	არ	7
ე	სრულმეტრაჟიანი	7
ე	საუკუნეში	7
ე	პრეზიდენტის	7
დღისა	და	7
დღის	ბოლოს	7
დღეს	მხოლოდ	7
დღეს	მისი	7
დღეს	მას	7
დღეს	ეს	7
დღეს	ამ	7
დღემდე	შემორჩენილი	7
დღე	ახალი	7
დროშის	პროპორცია	7
დროშა	და	7
დროს	უნდა	7
დროს	რუსეთის	7
დროს	მისი	7
დროისა	და	7
დრო	ხომ	7
დონეზე	და	7
დიპლომატიური	ურთიერთობა	7
დიპლომატი	და	7
დიმიტრი	უზნაძე	7
დიდი	ქალაქია	7
დიდი	ტბა	7
დიდი	სამთავრო	7
დიდი	ომი	7
დიდების	დარბაზში	7
დიდ	მანძილზე	7
დიდ	ბრიტანეთს	7
დემოკრატიული	პარტიიდან	7
დემოკრატიული	მოძრაობა	7
დემოკრატიულ	რესპუბლიკას	7
დეკორატიულ	მცენარედ	7
დედისა	და	7
დედის	ოჯახში	7
დებიუტი	ჰქონდა	7
დე	ვეგას	7
დე	გოლი	7
დგას	შუა	7
დახმარებას	უწევდა	7
დაწყებითი	განათლება	7
დაცილებული	ქვეყნის	7
დაფებზე	საუკეთესონი	7
დასახლებული	პუნქტის	7
დასავლეთით	მდებარეობს	7
დასავლეთ	სანაპიროზე	7
დარგია	სოფლის	7
დანიური	ენა	7
დანარჩენები	კი	7
დამოუკიდებლობის	შემდეგ	7
დამოუკიდებლობის	მოპოვების	7
დამოუკიდებლობის	დეკლარაცია	7
დამოუკიდებელი	საქართველოს	7
დამთავრდა	და	7
დამატებით	დროში	7
დამარცხდნენ	და	7
დაკრძალულია	თბილისში	7
დაკითხვის	დროს	7
დაკავშირებული	და	7
დაკავებული	თანამდებობიდან	7
დაიხია	და	7
დაიწყო	ომი	7
დაიწყო	დიდი	7
დაიცვა	დისერტაცია	7
დაიცავი	საქართველოს	7
დაიშალა	და	7
დაიმსახურა	და	7
დაიკავა	პირველი	7
დაიბადა	თბილისი	7
დავით	კაკაბაძე	7
დაესხა	თავს	7
დადებითი	შეფასება	7
დაგეგმილი	იყო	7
დაბის	სტატუსი	7
დაბალი	და	7
დაბადების	დღეზე	7
დაახლოებით	ნახევარი	7
დაარსების	დღიდან	7
დაარსდა	და	7
დაამთავრა	ქუთაისის	7
დაამთავრა	და	7
დაამარცხა	და	7
დააკავეს	და	7
და	ჰყავს	7
და	ჯორჯ	7
და	ხმელთაშუა	7
და	ხელში	7
და	ხელოვნებაში	7
და	ხელისუფლებას	7
და	ხასიათდება	7
და	წარმატებული	7
და	ძირითადი	7
და	ძველ	7
და	ცხოველის	7
და	ცოლად	7
და	ცალკე	7
და	ჩრდილოეთიდან	7
და	ჩრდილო	7
და	შვილი	7
და	შვილები	7
და	შვიდი	7
და	შვეიცარია	7
და	შვედეთის	7
და	შექმნეს	7
და	შემოდგომით	7
და	შეეცადა	7
და	ყოფის	7
და	ყველაფერს	7
და	ქრისტეს	7
და	ქვეყანაში	7
და	ქართველებს	7
და	ფრინველები	7
და	ფოლადის	7
და	ფოთლოვან	7
და	ფილოსოფოსი	7
და	ფერადი	7
და	ფაქტობრივად	7
და	უბრალოდ	7
და	უარყოფითი	7
და	ტროპიკულ	7
და	სულიერ	7
და	სრულუფლებიანი	7
და	სიცოცხლის	7
და	სიტყვის	7
და	სთხოვს	7
და	საჯარო	7
და	სასიამოვნო	7
და	სამკურნალო	7
და	სათავეში	7
და	სადაც	7
და	საავტომობილო	7
და	ს	7
და	რუსეთში	7
და	რომში	7
და	როდის	7
და	რადგანაც	7
და	პრეზიდენტ	7
და	პოლონელები	7
და	პერუს	7
და	პარინაკოტის	7
და	ოსკარი	7
და	ორმაგი	7
და	ოპოზიციის	7
და	ნუ	7
და	მხატვარი	7
და	მუცლის	7
და	მუსიკა	7
და	მუდმივად	7
და	მსოფლიოში	7
და	მოსკოვის	7
და	მონაცემთა	7
და	მოიგო	7
და	მობილური	7
და	მკვეთრად	7
და	მკაცრი	7
და	მიღებული	7
და	მისივე	7
და	მინერალური	7
და	მით	7
და	მიენიჭა	7
და	მიაღწია	7
და	მთვარის	7
და	მატერიალური	7
და	მარჯვნივ	7
და	მარტივი	7
და	მამაკაცის	7
და	ლიტერატურას	7
და	კუნძული	7
და	კომერციული	7
და	კეთილი	7
და	კასპიის	7
და	კარადა	7
და	იცავს	7
და	იშვიათი	7
და	იშვიათად	7
და	ირანის	7
და	ირაკლი	7
და	ინფორმაციის	7
და	ინტერი	7
და	იმიტომ	7
და	ილია	7
და	იაპონიის	7
და	თამარ	7
და	თავიდან	7
და	ზაფხულის	7
და	ერეკლეს	7
და	ეკლესიას	7
და	დახვეწილი	7
და	დაფარულია	7
და	დასავლურ	7
და	დამთავრდება	7
და	დაბრუნდა	7
და	დაბალი	7
და	გუნდს	7
და	გიტარისტი	7
და	გერმანია	7
და	გეოგრაფიული	7
და	განაგრძო	7
და	გამოყენება	7
და	გაეროს	7
და	გაემართა	7
და	ბრძოლის	7
და	ბრძანა	7
და	ბედნიერი	7
და	აჭარა	7
და	აღნიშნავს	7
და	აღმოსავლეთიდან	7
და	აქვთ	7
და	ასრულებს	7
და	ასეთ	7
და	არქიტექტურის	7
და	არქიტექტორი	7
და	ამერიკული	7
და	ამერიკელი	7
და	აზია	7
და	ავსტრიის	7
და	ავსტრალიაში	7
და	ადამიანი	7
გურჯაანის	მუნიციპალიტეტში	7
გურიის	სამთავრო	7
გურამ	საღარაძე	7
გუნდში	და	7
გუნდს	და	7
გუდაუთის	მუნიციპალიტეტი	7
გრძელდებოდა	და	7
გრძელდება	და	7
გრეტა	გარბო	7
გლეხის	ოჯახში	7
გიორგი	სააკაძის	7
გზა	იყო	7
გზა	გადის	7
გვხვდება	მხოლოდ	7
გვიანდელი	შუა	7
გვიანდელ	ფეოდალურ	7
გვაქვს	და	7
გერმანული	და	7
გერმანიის	მიერ	7
გერმანიის	დემოკრატიული	7
გერმანელი	პოლიტიკოსი	7
გერმანელი	მწერალი	7
გენერალური	მდივნის	7
გახდა	შესაძლებელი	7
გახდა	საჭირო	7
გახდა	მეორე	7
გახდა	ის	7
გაცილებით	მეტია	7
გასულ	კვირას	7
განსაკუთრებით	საინტერესოა	7
განსაკუთრებით	გამოირჩევა	7
განპირობებული	იყო	7
განმავლობაში	უნდა	7
განმავლობაში	და	7
განკითხვის	დღის	7
განიხილებოდა	როგორც	7
განიხილება	როგორც	7
განიერი	და	7
განვითარებული	იყო	7
განაცხადა	და	7
განაპირობა	ის	7
გამხდარიყო	და	7
გამოხმაურება	ჰპოვა	7
გამოხმაურება	მოჰყვა	7
გამოცხადდა	და	7
გამოცემის	შემდეგ	7
გამოცდებზე	გამოყენებულ	7
გამოც	მან	7
გამოყენებულ	იქნეს	7
გამოსვლების	დროს	7
გამოიცა	მხოლოდ	7
გამოედინება	მდინარე	7
გავრცელებულია	მთელ	7
გავლენას	განიცდის	7
გავლენა	მოახდინეს	7
გაეროს	განვითარების	7
გაერთიანებული	იყო	7
გადაწყვეტილების	მიღების	7
გადაწყვეტილების	მიღება	7
გადაშენების	პირას	7
გადაღებული	აქვს	7
გაგრის	მუნიციპალიტეტი	7
გაართვა	თავი	7
გაათავისუფლეს	და	7
ბუჩქები	და	7
ბუნებისა	და	7
ბუნების	დაცვის	7
ბრძოლის	წინ	7
ბრძოლის	შედეგად	7
ბრიტანეთის	სამეფო	7
ბრიტანეთის	და	7
ბრაზილიის	პრეზიდენტი	7
ბოტანიკური	ბაღის	7
ბოტანიკურ	ბაღში	7
ბორჯომისა	და	7
ბოლომდე	ვერ	7
ბოლნისის	მუნიციპალიტეტის	7
ბიძგი	მისცა	7
ბიზანტიის	იმპერიის	7
ბიბლიოთეკა	და	7
ბერძნულ	მითოლოგიაში	7
ბერლინის	კედლის	7
ბედნიერი	ვარ	7
ბაჩო	ახალაია	7
ბაღდათის	მუნიციპალიტეტში	7
ბატონობის	დროს	7
ბალნეოლოგიური	კურორტი	7
ბალეტის	თეატრში	7
ბალეტის	თეატრი	7
ახმეტის	მუნიციპალიტეტის	7
ახლოს	და	7
ახლად	შექმნილ	7
ახლა	ის	7
ახლა	ამ	7
ახალციხისა	და	7
ახალციხის	ქვაბულში	7
ახალციხის	ქვაბული	7
ახალი	ხელისუფლების	7
ახალი	წელთაღრიცხვის	7
ახალი	ისტორია	7
ახალი	თაობის	7
ახალი	ეტაპი	7
ახალი	ეპოქის	7
ახალი	დროის	7
ახალი	ამბების	7
ახალგაზრდა	იყო	7
აწ	უკვე	7
აშშ	დოლარს	7
აღსანიშნავია	მისი	7
აღნიშნული	იყო	7
აღმოსავლეთით	კი	7
აღმოსავლეთ	კალთებზე	7
აღმასრულებელი	ხელისუფლება	7
აღმასრულებელი	დირექტორი	7
აღიკვეცა	და	7
აღდგომის	კუნძულზე	7
აღარ	არსებობდა	7
აქტიური	მონაწილეობით	7
აქტიურ	როლს	7
აქვს	სხვადასხვა	7
აქვს	ორი	7
აქვს	აგრეთვე	7
აქვთ	მოკლე	7
აქვთ	დიდი	7
აქვე	იყო	7
აქედან	მოყოლებული	7
აქედან	მოდის	7
აქადური	ენა	7
აქ	უნდა	7
აქ	მცხოვრებთა	7
აქ	მოხდა	7
აქ	ასევე	7
აფხაზეთის	ომი	7
აუზი	და	7
ატმოსფერული	ნალექები	7
ატლანტისა	და	7
ატარებდა	და	7
ასპინძის	მუნიციპალიტეტი	7
ასლან	აბაშიძის	7
ასი	ათასი	7
ასზე	მეტი	7
ასეთი	დიდი	7
ასევე	შედიოდა	7
ასევე	უნდა	7
ასევე	ის	7
ასევე	აქვს	7
ასევე	ადგილობრივი	7
ასაკში	მან	7
ასაკში	იგი	7
არცთუ	ისე	7
არცერთ	სხვა	7
არჩევნების	შედეგები	7
არჩევნების	მეორე	7
არჩევნები	და	7
არქიტექტურული	ძეგლი	7
არქეოლოგიური	გათხრებით	7
არსებული	ყველა	7
არსებობის	პირველი	7
არსებითი	სახელის	7
არის	შემთხვევები	7
არის	ქართველი	7
არის	საერთაშორისო	7
არის	ისეთი	7
არის	განლაგებული	7
არის	განთავსებული	7
არის	გამოყენებული	7
არის	აღწერილი	7
არის	არა	7
არის	ამერიკელი	7
არის	ადამიანის	7
არიან	სხვადასხვა	7
ართურ	კონან	7
არგენტინის	კონფედერაციის	7
არაფერია	ცნობილი	7
არამედ	მხოლოდ	7
არამედ	ის	7
არაგუის	შტატში	7
არაბულ	ენაზე	7
არაბთა	გაერთიანებული	7
არა	ეს	7
არა	ერთი	7
არ	ჰყავდათ	7
არ	ჰყავდა	7
არ	წარმოადგენენ	7
არ	ძალუძთ	7
არ	შედის	7
არ	ქმნის	7
არ	საჭიროებს	7
არ	მიეღო	7
არ	იცნობს	7
არ	ვიცოდი	7
არ	ვიყავი	7
არ	ვართ	7
არ	ეხება	7
არ	ემთხვევა	7
არ	არსებობენ	7
ანუ	ის	7
ანტილის	კუნძულები	7
ანდრიას	ძე	7
ან	ორი	7
ან	ნაწილობრივ	7
ან	მხოლოდ	7
ან	იქნებ	7
ან	ზოგჯერ	7
ამიტომ	იგი	7
ამისა	მას	7
ამით	არ	7
ამერიკის	სხვა	7
ამბობს	რომ	7
ამ	ხანებში	7
ამ	ფაქტთან	7
ამ	სიტყვას	7
ამ	სიმღერას	7
ამ	სახით	7
ამ	სახელმწიფოს	7
ამ	სამყაროში	7
ამ	რაიონში	7
ამ	ჟანრში	7
ამ	პატარა	7
ამ	ოჯახის	7
ამ	მომენტიდან	7
ამ	მიზნის	7
ამ	მიზეზის	7
ამ	მეთოდის	7
ამ	გამარჯვებით	7
ამ	ბრძოლის	7
ამ	ალბომში	7
ამ	ადამიანის	7
ალექსის	ძე	7
ალბომის	ყდა	7
ალბომის	სახელწოდება	7
ალაზნის	ველი	7
აიღეს	და	7
ათზე	მეტი	7
ათას	კაცს	7
აზრი	და	7
აზერბაიჯანს	აქვს	7
ავტონომიური	რეგიონის	7
ავსტრალიისა	და	7
ადრეულ	ასაკში	7
ადრე	კი	7
ადოლფ	ჰიტლერის	7
ადმინისტრაციული	რეგიონი	7
ადმინისტრაციულ	ტერიტორიული	7
ადგილობრივი	თვითმმართველობა	7
ადგილზე	მოხვდა	7
ადამიანის	სხეულის	7
ადამიანია	და	7
ადამიანი	კმ	7
ადამიანებისა	და	7
აგებულია	ცარცული	7
აგებულია	ბაიოსური	7
აბსოლუტური	სიმაღლე	7
ჰყავს	და	6
ჰქონდა	დიდი	6
ჰემ	იუნაიტედი	6
ჰარვარდის	უნივერსიტეტი	6
ჯონ	ტერი	6
ჯვრის	მონასტერი	6
ჯვაროსნული	ლაშქრობის	6
ჯვარი	და	6
ჯგუფის	დაშლის	6
ჯგუფი	დატოვა	6
ჯგუფებს	შორის	6
ჯარების	მიერ	6
ჯანმრთელობის	დაზღვევა	6
ჯანდაცვის	სერვისების	6
ჯანდაცვის	დაფინანსების	6
ჯაზისა	და	6
ჯავის	მუნიციპალიტეტი	6
ხშირად	კი	6
ხოსე	სანტოს	6
ხოსე	გრეგორიო	6
ხორვატული	ენა	6
ხომ	უნდა	6
ხომ	ვერ	6
ხოლო	ჩრდილოეთით	6
ხოლო	უფრო	6
ხოლო	სხვა	6
ხოლო	საშუალო	6
ხოლო	მთლიანი	6
ხმა	არ	6
ხისა	და	6
ხეოფსის	პირამიდა	6
ხეობაში	მიედინება	6
ხელში	გადადიოდა	6
ხელში	აღმოჩნდა	6
ხელშეკრულებას	ხელი	6
ხელს	უშლიდა	6
ხელოვნების	სკოლაში	6
ხელოვნების	ნიმუშების	6
ხელოვნების	ისტორია	6
ხელმძღვანელი	და	6
ხელი	მოჰკიდა	6
ხელვაჩაურის	მუნიციპალიტეტში	6
ხეები	და	6
ხე	და	6
ხდება	მხოლოდ	6
ხდება	მისი	6
ხაშურის	მუნიციპალიტეტში	6
ხასიათს	ატარებდა	6
ხასიათისა	და	6
ხასიათის	გამო	6
ხარისხი	მიიღო	6
ხარისხი	და	6
ხანძრის	შემდეგ	6
ხანის	ეკლესია	6
ხალხური	და	6
ხაზი	აქვს	6
ხაზების	საერთო	6
ჭირი	მა	6
წყლის	საშუალო	6
წყლის	დონის	6
წყაროს	მუნიციპალიტეტში	6
წყაროს	მუნიციპალიტეტის	6
წყარო	გახდა	6
წრისა	და	6
წმინდა	რომის	6
წმინდა	მოწამენი	6
წმინდა	ილია	6
წმინდა	და	6
წლიური	მაჩვენებელი	6
წლისთავის	აღსანიშნავად	6
წლისა	და	6
წლის	სეზონი	6
წლის	ნოემბრის	6
წლის	ნოემბრიდან	6
წლის	ნოემბერი	6
წლის	მერე	6
წლის	მაისი	6
წლის	ივნისი	6
წლის	ერთიანი	6
წლის	ერთიან	6
წლის	დეკემბრიდან	6
წლის	დამლევს	6
წლის	გახდა	6
წლის	აპრილი	6
წლის	აპრილამდე	6
წლის	ამერიკული	6
წლიდან	მოსკოვის	6
წლიდან	ის	6
წლიდან	ამ	6
წლებში	საქართველოში	6
წლებში	მონაწილეობდა	6
წლებში	მისი	6
წლებში	აშენდა	6
წლებში	ამ	6
წლების	წინ	6
წლების	მეორე	6
წლების	დასაწყისიდან	6
წლამდელთა	ნაკრებში	6
წინაშე	დგას	6
წინააღმდეგ	გამართა	6
წინააღმდეგ	ბრძოლას	6
წინ	იყო	6
წითელი	ან	6
წითელ	ფონზე	6
წიგნი	გამოვიდა	6
წიგნები	და	6
წიაღისეული	სიმდიდრეა	6
წვლილი	მიუძღვით	6
წესების	მიხედვით	6
წერილობითი	წყაროების	6
წელს	წმინდა	6
წელს	ჩატარებული	6
წელს	რუსეთმა	6
წელს	პარიზი	6
წელს	ორი	6
წელს	მსოფლიო	6
წელს	ლონდონში	6
წელს	იმოგზაურა	6
წელს	ეწოდა	6
წელს	დააფუძნა	6
წელს	დააპატიმრეს	6
წელს	გაჩნდა	6
წელს	აშშ	6
წელს	აიღო	6
წელიწადზე	მეტი	6
წელი	იყო	6
წელი	გაგრძელდა	6
წევრისგან	შედგება	6
წევრებს	შორის	6
წარწერის	თანახმად	6
წარუმატებლობის	შემდეგ	6
წარუმატებლად	დასრულდა	6
წარმომავლობის	შესახებ	6
წარმოიქმნება	მდინარე	6
წარმოება	დაიწყო	6
წარმოდგენილი	იქნა	6
წარმოადგენს	მისი	6
წარმოადგენს	არა	6
ძნელი	სათქმელია	6
ძლიერი	გუნდები	6
ძისა	და	6
ძირითადი	საქმიანობა	6
ძირითადი	მიზანი	6
ძირითადი	დარგია	6
ძირითადად	აგებულია	6
ძირითად	ნაწილს	6
ძვლები	და	6
ძველი	წელთაღრიცხვის	6
ძველი	ქალაქის	6
ძველი	დროიდან	6
ძველი	ბერძენი	6
ძველ	თბილისში	6
ძველ	ეგვიპტელთა	6
ძეგლთა	სიაშია	6
ძეგლებიდან	აღსანიშნავია	6
ძეგლები	საფრთხის	6
ძალიან	ცუდი	6
ძალიან	მომეწონა	6
ძალიან	ახლოს	6
ძალიან	არ	6
ძალას	წარმოადგენდა	6
ცხოვრების	ყველა	6
ცხოვრების	უკანასკნელ	6
ცხოვრების	დონის	6
ცხოვრების	ბოლომდე	6
ცურვის	დროს	6
ცოცხალი	ორგანიზმის	6
ცნობილია	ასევე	6
ცნობილი	საზოგადო	6
ცვლილებები	განიცადა	6
ცეცხლოვანი	მიწა	6
ცეცხლი	წაუკიდეს	6
ცენტრში	მდებარეობს	6
ცენტრს	წარმოადგენდა	6
ცენტრს	და	6
ცენტრის	მიერ	6
ცენტრი	მდებარეობს	6
ცენტრი	არის	6
ცენტრალური	მცველი	6
ცენტრალური	ევროპის	6
ცენტრალური	აღმასრულებელი	6
ცენტრალური	ადგილი	6
ცენტრ	პერტიდან	6
ცენზის	მიხედვით	6
ცეკვის	სახელმწიფო	6
ცალკე	წიგნად	6
ჩხერიმელის	მარჯვენა	6
ჩხერიმელის	მარცხენა	6
ჩრდილოეთისა	და	6
ჩრდილოეთის	მხრიდან	6
ჩრდილოეთი	ნაწილის	6
ჩრდილოეთი	აფრიკა	6
ჩრდილოეთ	საფრანგეთი	6
ჩრდილოეთ	ნაწილს	6
ჩრდილოეთ	მხარეს	6
ჩრდილოეთ	კედლის	6
ჩრდილოეთ	კავკასია	6
ჩრდილოეთ	ევროპაში	6
ჩრდილოეთ	ავსტრალიაში	6
ჩინეთსა	და	6
ჩინეთის	კომუნისტური	6
ჩინეთის	დიდი	6
ჩილესა	და	6
ჩილეს	ანტარქტიკა	6
ჩვეულებრივ	პირობებში	6
ჩვენს	წელთაღრიცხვამდე	6
ჩვენი	წინაპრები	6
ჩვენი	დროის	6
ჩვენთან	საუბრისას	6
ჩვენ	მხოლოდ	6
ჩვენ	ვხედავთ	6
ჩვენ	ვერ	6
ჩვენ	გვინდა	6
ჩვენ	არა	6
ჩვენ	ამ	6
ჩეხეთის	რესპუბლიკა	6
ჩემპიონატის	შესარჩევ	6
ჩემო	რძალო	6
ჩემი	და	6
ჩატარების	შემდეგ	6
ჩატარდა	და	6
ჩავიდა	და	6
შუა	ქალაქში	6
შუა	ფეოდალური	6
შუა	სამეფოს	6
შტატის	უდიდესი	6
შტატის	ტერიტორიაზე	6
შტატი	ვენესუელაში	6
შტატების	ტერიტორიაზე	6
შორის	ურთიერთობა	6
შორის	უთანხმოება	6
შორის	მოქცეული	6
შორის	კავშირი	6
შორის	ის	6
შიდა	ციხე	6
შიდა	საქმეებში	6
შთაბეჭდილებას	ტოვებს	6
შვიდი	საოცრება	6
შვედეთის	სიდიდით	6
შეხვედრები	გაიმართა	6
შეხედულებების	გამო	6
შეცდომა	და	6
შექმნა	პირველი	6
შექმნა	თავისი	6
შექმნა	ახალი	6
შეფასება	მისცა	6
შეუძლებელი	იქნებოდა	6
შეტანილი	სიმღერების	6
შეტანილი	იყო	6
შეტაკება	მოხდა	6
შესულია	იუნესკოს	6
შესვლა	და	6
შესაძლოა	მისი	6
შესაძლებელია	მხოლოდ	6
შესაძლებელია	მისი	6
შესაბამისად	იგი	6
შერონ	სტოუნი	6
შენობის	წინ	6
შენობა	იყო	6
შენ	არ	6
შემოქმედის	ეპარქია	6
შემორჩენილია	ძველი	6
შემთხვევით	არ	6
შემთხვევაში	ის	6
შემთხვევაში	ეს	6
შემდეგი	სახის	6
შემდეგი	სახეები	6
შემდეგაც	იგი	6
შემდეგ	მცირე	6
შემდეგ	მისმა	6
შემდეგ	მთელი	6
შემდეგ	კიდევ	6
შემდეგ	ერთი	6
შემდგომში	მის	6
შეკრიბა	და	6
შეკითხვის	ავტორი	6
შეიძლება	არსებობდეს	6
შეიძლება	აიხსნას	6
შეიძინა	და	6
შეიცავს	რამდენიმე	6
შეიარაღებული	აჯანყების	6
შეზღუდული	რაოდენობით	6
შევიდა	როგორც	6
შევიდა	თბილისის	6
შედის	დიდი	6
შედიოდა	ქუთაისის	6
შედეგს	იძლევა	6
შედეგების	მიხედვით	6
შედეგად	წარმოიქმნება	6
შედეგად	დაიღუპა	6
შედარებით	მშრალი	6
შედარებით	გვიან	6
შედარებით	ადვილად	6
შეგიძლიათ	ნახოთ	6
შეგიძლიათ	იხილოთ	6
შაქრის	ჭარხალი	6
შავი	ჭირი	6
შავი	ქართლი	6
შავი	გურია	6
ყურადღებას	ამახვილებს	6
ყურადღება	ექცევა	6
ყოფნა	არ	6
ყოვლადწმინდა	ღვთისმშობლის	6
ყოველწლიურად	იმართება	6
ყოველი	მათგანი	6
ყოველი	ახალი	6
ყოველთვის	არ	6
ყოველდღიურ	ცხოვრებაში	6
ყოველ	ჯერზე	6
ყოველ	მათგანს	6
ყირიმის	ომი	6
ყველგან	გვხვდება	6
ყველაფერი	რაც	6
ყველაფერი	ისე	6
ყველაფერი	და	6
ყველამ	უნდა	6
ყველამ	კარგად	6
ყველაზე	ცუდი	6
ყველაზე	შემოსავლიან	6
ყველაზე	სწრაფი	6
ყველაზე	სერიოზული	6
ყველაზე	ნაყოფიერი	6
ყველაზე	ეფექტური	6
ყველა	წინა	6
ყველა	ძირითად	6
ყველა	ქართველი	6
ყველა	მისი	6
ყველა	და	6
ყვავილები	შეკრებილია	6
ყვავილები	და	6
ღმერთსა	და	6
ღირსშესანიშნაობას	წარმოადგენს	6
ღირებულება	აქვს	6
ღია	ტექსტის	6
ღვთისა	და	6
ღვთის	ნებით	6
ქულა	ჰქონდათ	6
ქულა	დაკარგეს	6
ქუთაისის	გუბერნიის	6
ქსნის	ერისთავი	6
ქრისტიანული	სარწმუნოების	6
ქრისტიანული	ეკლესიის	6
ქრისტიანი	იყო	6
ქრისტეფორე	კოლუმბის	6
ქრისტესა	და	6
ქვისა	და	6
ქვის	ხანის	6
ქვეშ	იმყოფებოდა	6
ქვეყნის	წინაშე	6
ქვეყნის	ყველაზე	6
ქვეყნის	ტერიტორიაზე	6
ქვეყნის	საერთო	6
ქვეყნის	პირველი	6
ქვეყნების	მიხედვით	6
ქედი	აგებულია	6
ქაღალდის	ფულის	6
ქართული	ხელოვნების	6
ქართული	საზოგადოება	6
ქართული	საეკლესიო	6
ქართული	მუსიკის	6
ქართული	კლასიკური	6
ქართულ	პრესაში	6
ქართულ	ენაში	6
ქართლსა	და	6
ქართლი	და	6
ქართველი	სპორტსმენი	6
ქართველი	სამხედრო	6
ქართველი	მხატვარი	6
ქართველი	მომღერალი	6
ქართველი	კომპოზიტორი	6
ქართველთა	და	6
ქართველებისა	და	6
ქართველ	ერს	6
ქართველ	და	6
ქალიშვილი	და	6
ქალი	პრეზიდენტი	6
ქალი	იყო	6
ქალთა	და	6
ქალაქისა	და	6
ქალაქის	ჩრდილოეთით	6
ქალაქის	ყოველწლიური	6
ქალაქის	სახელმწიფო	6
ქალაქია	და	6
ქალაქი	ცენტრალურ	6
ქალაქი	მოსახლეობის	6
ქალაქი	ეგვიპტეში	6
ქალაქები	მოსახლეობის	6
ქალაქ	რუსთავის	6
ფშავის	არაგვის	6
ფრედ	დასრულდა	6
ფრანც	ფერდინანდი	6
ფრანსისკო	ფრანკო	6
ფრანკო	ბარეზი	6
ფრანგული	ენის	6
ფრანგი	ფეხბურთელი	6
ფრანგი	კომპოზიტორი	6
ფორმით	და	6
ფორმა	იყო	6
ფლორა	და	6
ფიქლებითა	და	6
ფინური	ენა	6
ფინანსთა	სამინისტროს	6
ფილოლოგიის	ფაკულტეტი	6
ფილმში	მთავარ	6
ფილმში	ითამაშა	6
ფილმის	რეჟისორი	6
ფილმის	მოქმედება	6
ფილმი	არის	6
ფილ	კოლინზი	6
ფიგურა	იყო	6
ფეხმძიმედ	იყო	6
ფედერაციული	სოციალისტური	6
ფედერაციული	რესპუბლიკის	6
ფედერალური	ოკრუგის	6
ფედერალური	მიწის	6
ფასიანი	ქაღალდების	6
ფართოდაა	წარმოდგენილი	6
ფართობი	უკავია	6
ფართობი	არის	6
ფართო	გაგებით	6
უხერხემლო	ცხოველებით	6
უძლური	აღმოჩნდა	6
უცნობი	იყო	6
უშედეგოდ	დამთავრდა	6
უყვარდა	თავისი	6
უღელტეხილი	სვანეთის	6
უფრო	ხანგრძლივია	6
უფრო	ცნობილია	6
უფრო	ჩრდილოეთით	6
უფრო	შორს	6
უფრო	ღრმა	6
უფრო	ფართოდ	6
უფრო	სწრაფად	6
უფრო	ნაკლებია	6
უფრო	მძიმე	6
უფრო	მოკლე	6
უფრო	მნიშვნელოვანია	6
უფრო	მეტს	6
უფრო	დახვეწილი	6
უფლის	რჩეული	6
ურბნისისა	და	6
უნივერსიტეტში	და	6
უნივერსიტეტის	სტუდენტი	6
უნდა	ჰქონდეთ	6
უნდა	დაწყებულიყო	6
უნდა	დაიცვას	6
უნდა	გაგრძელდეს	6
უნდა	გააკეთოს	6
უნდა	აღვნიშნო	6
უნარი	აქვს	6
უმნიშვნელოვანესი	ქალაქი	6
უმთავრესად	გავრცელებულია	6
უმაღლესი	წარმომადგენლობითი	6
უმაღლეს	სასწავლებელში	6
უკანონო	შვილი	6
უკანასკნელი	კი	6
უკანასკნელი	ამოფრქვევა	6
უკანასკნელ	პერიოდში	6
უზენაესი	საბჭოს	6
უეფას	თასი	6
უდიდესი	წარმატება	6
უარყო	და	6
უარს	აცხადებდა	6
უარი	მიიღო	6
უამრავი	ხალხი	6
ტროპიკული	კლიმატი	6
ტიტული	მოიგო	6
ტერმინი	პირველად	6
ტერიტორიულ	მთლიანობას	6
ტერიტორიის	შტატში	6
ტერიტორიის	დაახლოებით	6
ტერიტორიების	შემადგენლობაში	6
ტერიტორიაზე	შემორჩენილია	6
ტერიტორიაზე	ასევე	6
ტერიტორიაზე	არსებულ	6
ტერიტორია	მოიცავს	6
ტემპერატურა	და	6
ტევტონთა	ორდენის	6
ტბის	სიგრძე	6
ტბის	დასავლეთ	6
ტაძარში	და	6
სხვადასხვა	სახეობის	6
სხვადასხვა	კუთხეებში	6
სხვადასხვა	ზომისა	6
სხვადასხვა	ეროვნების	6
სხვა	უფრო	6
სხვა	სიტყვებით	6
სხვა	სახეობის	6
სხვა	რამეზე	6
სხვა	რამდენიმე	6
სხვა	მნიშვნელოვან	6
სხეულებს	შორის	6
სწრაფად	მზარდი	6
სწრაფად	იზრდება	6
სწორედაც	რომ	6
სწორედ	ამიტომაც	6
სწავლა	გააგრძელა	6
სქესობრივ	სიმწიფეს	6
სქანი	ჭირი	6
სურათების	გალერეა	6
სულაც	არაა	6
სუკრეს	მუნიციპალიტეტი	6
სუეცის	არხი	6
სუბალპურ	და	6
სტრუქტურისა	და	6
სსრკ	სახალხო	6
სრუტის	მეშვეობით	6
სრულყოფილი	და	6
სრული	სახით	6
სპირტიანი	სასმელები	6
სპილოს	ძვლის	6
სპარსეთის	ყურის	6
სპარსეთის	ყურე	6
სოციალური	უზრუნველყოფის	6
სოფლის	სახელწოდება	6
სოფლის	სახელი	6
სოფლის	მიდამოებში	6
სოფლების	ზემო	6
სოფელში	დაიბადნენ	6
სოფელში	და	6
სოფელი	ხულოს	6
სოფელი	ქარელის	6
სოფელი	სამტრედიის	6
სოფელი	მარტვილის	6
სოფელი	თიანეთის	6
სომხეთის	სსრ	6
სოლო	კონცერტი	6
სკოლა	სოფელში	6
სკოლა	დაამთავრა	6
სიღნაღის	მუნიციპალიტეტის	6
სიტყვით	გამოვიდა	6
სიტყვებით	რომ	6
სიტყვაა	და	6
სისტემას	და	6
სიმღერის	ოფიციალური	6
სიმღერის	კონკურსზე	6
სიმღერების	ტექსტები	6
სიმღერები	და	6
სიმტკიცე	და	6
სიმონ	ჯანაშია	6
სიმაღლე	მინდაოში	6
სიკვდილის	საჩუქრები	6
სიკვდილით	დასჯას	6
სიდიდით	მეხუთე	6
სიგრძე	კი	6
სვანეთის	ქედის	6
სექსი	დიდ	6
სერიის	ტურნირი	6
სერგო	ჩაჩიბაიას	6
სერგო	ჩაჩიბაია	6
სენატორი	და	6
სენატის	მიერ	6
სენატი	და	6
სენაკისა	და	6
სევილიელი	დალაქი	6
საჰაერო	ძალები	6
სახურავი	აქვს	6
სახსრები	არ	6
სახისა	და	6
სახით	მოაღწია	6
სახით	იქნა	6
სახით	გვხვდება	6
სახელწოდების	მოთხრობის	6
სახელს	და	6
სახელობის	ისტორიის	6
სახელობის	თეატრალური	6
სახელობის	აკადემიური	6
სახელმწიფოს	მეთაურის	6
სახელმწიფოებს	შორის	6
სახელმწიფო	კონსერვატორიის	6
სახელმწიფო	თეატრალური	6
სახელით	შევიდა	6
სახელი	ჰქონდა	6
სახელი	გაუთქვა	6
სახალხო	მოძრაობის	6
სახალხო	მეურნეობის	6
სახალხო	კრებაზე	6
საწინააღმდეგო	და	6
საცხოვრებელი	და	6
საცხოვრებელ	ადგილს	6
საშუალო	განათლება	6
საშუალებას	მისცემს	6
საშუალებას	გვაძლევს	6
საშუალება	ეძლევა	6
საშენ	მასალად	6
საქმეთა	სახალხო	6
საქმეთა	სამინისტროში	6
საქმეთა	სამინისტროსთან	6
საქმე	ის	6
საქართველოში	პირველად	6
საქართველოში	დაბრუნების	6
საქართველოში	ამ	6
საქართველოს	ჩემპიონატის	6
საქართველოს	ფარგლებში	6
საქართველოს	უმაღლესი	6
საქართველოს	უდიდესი	6
საქართველოს	სოც	6
საქართველოს	რესპუბლიკა	6
საქართველოს	ნაკრებმა	6
საქართველოს	მოსახლეობა	6
საქართველოს	მორაგბეთა	6
საქართველოს	კომპარტიის	6
საქართველოს	ისტორიაში	6
საქართველოს	ისტორია	6
საქართველოს	ერთ	6
საქართველოს	ახალი	6
საფრთხეს	უქმნის	6
საფრანგეთის	ფეხბურთი	6
საფეხბურთო	კარიერა	6
საფეხბურთო	გუნდი	6
საუკუნით	ადრე	6
საუკუნეების	საქართველოს	6
საუკეთესო	ფეხბურთელის	6
საუკეთესო	მეგობარი	6
საუბრის	დროს	6
სატრანსპორტო	კვანძი	6
სასწავლო	გეგმა	6
სასწავლებელი	და	6
სასულიერო	პირთა	6
სასულიერო	და	6
სასულიერო	აკადემიის	6
სარკის	ფართობი	6
სარგებლობს	და	6
საპროტესტო	აქციების	6
საპრეზიდენტო	ვადის	6
საპატიო	მოქალაქის	6
საპატიო	ლეგიონის	6
საომარი	მოქმედებები	6
სანტა	მარია	6
სანდრო	გირგვლიანის	6
სანაპიროზე	მდებარე	6
სამხრეთი	კუნძული	6
სამხრეთი	კაროლინა	6
სამხრეთი	კალთის	6
სამხრეთ	კორეაში	6
სამხრეთ	კალთებზე	6
სამხრეთ	აღმოსავლეთ	6
სამხრეთ	ავსტრალია	6
სამხედრო	ძალები	6
სამხედრო	ძალა	6
სამხედრო	ცენტრის	6
სამხედრო	სკოლის	6
სამხედრო	სასწავლებელი	6
სამხედრო	სამსახურიდან	6
სამხედრო	საზღვაო	6
სამხედრო	საბჭოს	6
სამშობლოში	და	6
სამშობლოსა	და	6
სამშვიდობო	ხელშეკრულების	6
სამყაროს	შესახებ	6
სამსჯავროზე	წარადგინეს	6
სამსახური	დაიწყო	6
სამრეწველო	მნიშვნელობა	6
სამოქალაქო	საზოგადოების	6
სამოქალაქო	ომს	6
სამოქალაქო	და	6
სამკურნალო	ფაქტორია	6
სამკურნალო	მცენარეები	6
სამკვეთლო	და	6
სამინისტროსა	და	6
სამი	მხრიდან	6
სამი	თვის	6
სამი	თვე	6
სამი	გოლი	6
სამეცნიერო	წოდება	6
სამეცნიერო	ნაშრომი	6
სამეფო	დინასტია	6
სამეფო	აკადემიის	6
სამედიცინო	ფაკულტეტის	6
სამედიცინო	მომსახურება	6
სამედიცინო	ბაზარზე	6
სამეგრელოს	მთავრის	6
სამების	საკათედრო	6
სამანტა	კარტერი	6
სამ	დღეში	6
სალვადორ	დალის	6
საკუთრების	უფლება	6
საკუთრება	იყო	6
საკუთრება	გახდა	6
საკუთარი	ხარჯებით	6
საკუთარი	ნებით	6
საკუთარი	ინიციატივით	6
საკუთარი	აზრი	6
საკონტინენტთაშორისო	თასი	6
საკონტაქტო	ინფორმაცია	6
საკონკურსო	თემა	6
საკმაოდ	წარმატებული	6
საკმაოდ	მძიმე	6
საკმაოდ	დიდია	6
საკითხები	და	6
საკვებად	იყენებენ	6
საინტერესოა	ის	6
საინტერესო	იყო	6
სათაო	ოფისი	6
სათანადოდ	ვერ	6
სათავე	მდებარეობს	6
საზღვართან	ახლოს	6
საზღვაო	და	6
საზოგადოებრივი	წესრიგის	6
საზოგადოებრივი	ცხოვრების	6
საზოგადოებრივი	ორგანიზაციების	6
საზოგადოებრივ	და	6
საზოგადოების	წევრები	6
საზოგადოების	წევრად	6
სავალდებულო	სამედიცინო	6
საერთოდ	ვერ	6
საერთო	ანალიზი	6
საერთაშორისო	სამეცნიერო	6
საერთაშორისო	საზოგადოების	6
საეკლესიო	კრებაზე	6
სადაც	უნდა	6
სადაც	მე	6
სადაც	იყო	6
სადაზღვევო	შენატანების	6
სადაზღვევო	შენატანები	6
სადაზღვევო	კომპანიები	6
საგანი	გახდა	6
საბჭოთა	ხალხის	6
საბჭოთა	ფედერაციული	6
საბჭოთა	რუსეთის	6
საბრძოლო	მოქმედებების	6
საბრძოლო	იარაღი	6
საბერძნეთისა	და	6
საათი	და	6
საავტორო	უფლებები	6
საავტომობილო	და	6
საავტომობილო	გზა	6
ს	მოიცავს	6
ს	მიერ	6
ს	აღემატება	6
რწმენისა	და	6
რუსული	მედიის	6
რუსული	ლიტერატურის	6
რუსთაველის	თეატრის	6
რუსეთს	შორის	6
რუსეთის	ხელისუფლების	6
რუსეთის	ხელისუფლებამ	6
რუსეთის	და	6
რუსეთის	არმია	6
როცა	საქართველოს	6
როცა	მის	6
როცა	მას	6
როცა	ისინი	6
რომლისთვისაც	დამახასიათებელია	6
რომლის	ხელმძღვანელიც	6
რომლის	შედეგად	6
რომლის	ფარგლებშიც	6
რომლის	საფუძველზეც	6
რომლის	რეჟისორია	6
რომლის	მეშვეობით	6
რომლის	ავტორია	6
რომლითაც	ის	6
რომლითაც	იგი	6
რომლებიც	შემდეგ	6
რომლებიც	ქალაქის	6
რომლებიც	უფრო	6
რომლებიც	უკვე	6
რომლებიც	ერთ	6
რომის	პაპთან	6
რომელშიც	შეტანილია	6
რომელშიც	შედის	6
რომელსაც	ჰყავს	6
რომელსაც	საქართველოში	6
რომელსაც	იყენებენ	6
რომელმაც	ყველაზე	6
რომელმაც	უნდა	6
რომელმაც	სახელი	6
რომელმაც	თავისი	6
რომელმაც	ამ	6
რომელიც	წარმოიქმნება	6
რომელიც	წარმოადგენდა	6
რომელიც	ცდილობდა	6
რომელიც	ჩატარდა	6
რომელიც	შუა	6
რომელიც	შედის	6
რომელიც	ყოველთვის	6
რომელიც	ყოველ	6
რომელიც	ქართული	6
რომელიც	უმთავრესად	6
რომელიც	სხვადასხვა	6
რომელიც	სხვა	6
რომელიც	სულ	6
რომელიც	საფუძვლად	6
რომელიც	სამხრეთ	6
რომელიც	სამი	6
რომელიც	საბოლოოდ	6
რომელიც	მოხვდა	6
რომელიც	მიმართულია	6
რომელიც	მთელს	6
რომელიც	მასზე	6
რომელიც	იწვევს	6
რომელიც	იძლევა	6
რომელიც	ითვალისწინებდა	6
რომელიც	თბილისის	6
რომელიც	თანამედროვე	6
რომელიც	თავს	6
რომელიც	ეხება	6
რომელიც	დაახლოებით	6
რომელიც	დაამთავრა	6
რომელიც	განსაზღვრავს	6
რომელიც	არსებობდა	6
რომელიც	აკავშირებს	6
რომელიც	აგრეთვე	6
რომელთაგან	ზოგიერთი	6
რომელთა	ინკუბაცია	6
რომაულ	მითოლოგიაში	6
რომაელებსა	და	6
რომაელები	და	6
რომ	ხვალ	6
რომ	ხალხის	6
რომ	ხალხი	6
რომ	ძველი	6
რომ	ძვ	6
რომ	ჩემს	6
რომ	შვილი	6
რომ	შესაძლებელია	6
რომ	შენი	6
რომ	ყოველი	6
რომ	სანამ	6
რომ	საკუთარ	6
რომ	სააკაშვილის	6
რომ	ნამდვილი	6
რომ	მსოფლიო	6
რომ	მსგავსი	6
რომ	მისმა	6
რომ	მზად	6
რომ	კიდევ	6
რომ	თურმე	6
რომ	თითქმის	6
რომ	ზუგდიდში	6
რომ	ვინმეს	6
რომ	ბოლო	6
რომ	ამიერიდან	6
რომ	ამავე	6
როლს	ასრულებენ	6
როლის	შემსრულებელი	6
როლინგ	სტოუნის	6
როლინგ	სტოუნზის	6
როკ	ჯგუფ	6
როდესაც	ადამიანი	6
როგორც	წმინდა	6
როგორც	ძველი	6
როგორც	სახელმწიფო	6
როგორც	მსახიობი	6
როგორც	მეცნიერება	6
როგორც	იმ	6
როგორც	თბილისის	6
როგორც	ვხედავთ	6
როგორც	ვარაუდობენ	6
როგორც	ერთ	6
რობერტ	სტურუა	6
რკინის	მადნის	6
რისთვისაც	მას	6
რის	შემდეგ	6
რის	საფუძველზეც	6
რიონისა	და	6
რითაც	იგი	6
რიგით	პირველი	6
რიგ	ქვეყნებში	6
რთული	სისტემა	6
რესპუბლიკის	უზენაესი	6
რესპუბლიკის	სამხედრო	6
რეჟისორი	იყო	6
რელიგიური	საზოგადოების	6
რევოლუციის	შედეგად	6
რეგიონისა	და	6
რეგიონის	ტერიტორიაზე	6
რეგიონის	სხვა	6
რეგიონის	მთავარი	6
რეაქციის	შედეგად	6
რეალურად	კი	6
რეალურ	ცხოვრებაში	6
რბილად	რომ	6
რაჭის	ქედი	6
რაც	საბოლოოდ	6
რაც	მე	6
რაც	დღემდე	6
რაც	გახდა	6
რასაც	ადასტურებს	6
რას	არ	6
რაოდენობით	და	6
რაოდენობა	საკმაოდ	6
რაოდენობა	გაიზარდა	6
რაოდენობა	ადგილი	6
რამოდენიმე	დღის	6
რამდენიმე	წუთით	6
რამდენიმე	ცნობილი	6
რამდენიმე	დღეა	6
რამდენიმე	ათასი	6
რამ	მოხდა	6
რაიონული	ორგანიზაციის	6
რაიონის	ცენტრი	6
რადგანაც	ეს	6
რადგან	მის	6
რაგბის	საერთაშორისო	6
რა	ჰქვია	6
რა	შეიძლება	6
რა	გინდა	6
პური	და	6
პულიცერის	პრემია	6
პროცესში	და	6
პროცესების	შედეგად	6
პროპორცია	არის	6
პროვინციისა	და	6
პროვინციის	ტერიტორია	6
პროვინციის	ადმინისტრაციულ	6
პროვინცია	და	6
პროექტის	განხორციელება	6
პრემიერ	მინისტრი	6
პრეზიდენტმა	სააკაშვილმა	6
პრეზიდენტის	მიერ	6
პრაქტიკული	მნიშვნელობა	6
პრაქტიკული	და	6
პრაქტიკულად	შეუძლებელია	6
პოტოსის	დეპარტამენტი	6
პოსტი	დაიკავა	6
პორციუს	კატონი	6
პორტი	და	6
პოპულარული	გახადა	6
პოპ	მუსიკა	6
პოლონეთის	ტერიტორიაზე	6
პოლიციის	მიერ	6
პოლიტიკური	შეხედულებების	6
პოლიტიკური	მოღვაწეობა	6
პოლიტიკური	აზრის	6
პოლიტიკურ	მეცნიერებათა	6
პოლიტიკის	გამო	6
პოლიტექნიკური	ინსტიტუტი	6
პლატონ	იოსელიანის	6
პლატინის	ჯგუფის	6
პირის	ღრუში	6
პირის	მიერ	6
პირველი	ხარისხის	6
პირველი	შვილი	6
პირველი	სეზონის	6
პირველი	სეზონი	6
პირველი	სართულის	6
პირველი	როლი	6
პირველი	ნაბიჯები	6
პირველი	მეფე	6
პირველი	იმპერია	6
პირველი	ეკლესია	6
პირველი	გუნდი	6
პირველ	ქართულ	6
პირველ	სეზონში	6
პირველ	სამ	6
პირველ	ნაწილში	6
პირველ	არხზე	6
პირადი	ცხოვრების	6
პირად	ცხოვრებას	6
პერუელი	პოლიტიკური	6
პერსონალურად	იყვნენ	6
პერიოდში	ეს	6
პეგასის	გალაქტიკაში	6
პატიმრობის	შემდეგ	6
პატივსაცემად	დაერქვა	6
პატარა	კუნძული	6
პატარა	კახი	6
პარტიის	თავმჯდომარე	6
პარტიაში	და	6
პარტია	დაარსდა	6
პაპების	ავინიონის	6
პაოლო	როსი	6
პაოლო	მალდინის	6
პაოლო	იაშვილი	6
პალესტინის	განთავისუფლების	6
პალეოზოური	გრანიტოიდებით	6
პავლეს	ძე	6
ოჯახს	და	6
ოჯახის	წევრთა	6
ოჯახიდან	იყო	6
ოღონდ	არა	6
ოქროს	სტატუსი	6
ოქროს	და	6
ოქროს	ბურთი	6
ოფიციალური	პირები	6
ოფიციალური	ენებია	6
ოფიციალურად	არ	6
ოტო	ფონ	6
ორივე	ნაპირზე	6
ორი	ხაზი	6
ორი	ქულით	6
ორი	საუკუნის	6
ორი	მესამედი	6
ორი	ვერსია	6
ორი	განსხვავებული	6
ორგანოებისა	და	6
ორ	ტომად	6
ორ	სახელმწიფოს	6
ორ	მსოფლიო	6
ორ	ეტაპად	6
ორ	დიდ	6
ოპოზიციური	პარტიის	6
ოპერის	თეატრი	6
ონის	მუნიციპალიტეტში	6
ომის	წლებში	6
ომის	გმირი	6
ომების	შედეგად	6
ოლქსა	და	6
ოლქს	ესაზღვრება	6
ოლქი	მდებარეობს	6
ოლიმპიური	სისტემით	6
ოკუპირებულ	ტერიტორიებზე	6
ოთხი	წელი	6
ოთხ	ძირითად	6
ნუ	გეშინია	6
ნოტიო	ჰავაა	6
ნორვეგიის	საგრაფოები	6
ნორვეგიის	ნორვეგიის	6
ნობელის	მშვიდობის	6
ნიჭის	წყალობით	6
ნიშნების	სისტემაში	6
ნიშნავს	საქართველოს	6
ნინოწმინდის	მუნიციპალიტეტი	6
ნინო	ბურჯანაძის	6
ნინო	ანანიაშვილმა	6
ნიკოლოზ	ბარათაშვილი	6
ნიკარაგუის	ეროვნული	6
ნიდერლანდური	ენა	6
ნეტარმა	მამამ	6
ნებისმიერ	შემთხვევაში	6
ნებართვის	გარეშე	6
ნახევარსფეროში	და	6
ნახევარმცველის	პოზიციაზე	6
ნაწილში	აღმართულია	6
ნაწილში	არის	6
ნაწილსა	და	6
ნაწილი	შემოსილია	6
ნაწილი	არის	6
ნაწილთან	ერთად	6
ნაწარმოების	მიხედვით	6
ნაწარმოებები	თარგმნილია	6
ნაციონალურმა	მოძრაობამ	6
ნაცვლად	და	6
ნაყოფიერი	იყო	6
ნაფიც	მსაჯულთა	6
ნაპოლეონის	ომების	6
ნაპირზე	მდებარე	6
ნანა	ფაჟავას	6
ნამდვილი	სახელია	6
ნაკრები	არის	6
ნათელი	ხდება	6
ნაზი	და	6
ნაბიჯი	იყო	6
მხრიდან	კი	6
მხოლოდ	ძვ	6
მხოლოდ	შენ	6
მხოლოდ	პირველი	6
მხოლოდ	ორ	6
მხოლოდ	ერთადერთი	6
მხარეს	მდებარეობს	6
მხარე	და	6
მწვერვალი	სვანეთის	6
მწერებითა	და	6
მწერალი	იყო	6
მცხეთისა	და	6
მცირე	ჯგუფი	6
მცველის	პოზიციაზე	6
მცენარეები	და	6
მშვიდობის	დარგში	6
მშვიდობით	მიიცვალა	6
მშვიდობიანი	მოსახლეობის	6
მშვენიერ	დღეს	6
მშენებლობის	დროს	6
მქონდა	და	6
მფლობელი	იყო	6
მფარველობის	ქვეშ	6
მუჰაფაზის	ადმინისტრაციული	6
მუშაობის	შემდეგ	6
მუშაობის	დროს	6
მუშაობდა	სხვადასხვა	6
მუშაობას	ეწეოდა	6
მუსიკის	მასწავლებელი	6
მუსიკალური	სკოლის	6
მუსიკალური	ინსტრუმენტი	6
მუსიკალური	ინსტრუმენტების	6
მუსიკალური	და	6
მუსიკა	და	6
მუნიციპალიტეტის	სტატუსი	6
მუნიციპალიტეტის	სოფელი	6
მტკნარ	წყალში	6
მსოფლიოში	ცნობილია	6
მსოფლიოს	ხალხთა	6
მსოფლიოს	ჩემპიონატის	6
მსოფლიოს	სხვა	6
მსოფლიოს	თასის	6
მსოფლიოს	გარშემო	6
მსოფლიო	ჩემპიონატში	6
მსოფლიო	ფეხბურთის	6
მსოფლიო	ომს	6
მსოფლიო	ლიტერატურაში	6
მსოფლიო	ბაზარზე	6
მსგავსების	გამო	6
მსახიობი	იყო	6
მრავალი	ქალაქი	6
მრავალი	მათგანი	6
მრავალი	ისტორიული	6
მრავალი	დიდი	6
მრავალი	ახალი	6
მოძრაობის	წევრი	6
მოძრაობის	დროს	6
მოქალაქის	წოდება	6
მოსწავლე	და	6
მოსკოვის	კრემლი	6
მოსავლის	აღების	6
მორიგეობით	განლაგებული	6
მონღოლური	ენა	6
მონაწილეობას	იღებს	6
მონაწილე	და	6
მონაცემებით	მოსახლეობა	6
მონასტერი	და	6
მომსახურებისა	და	6
მომდევნო	ორი	6
მოკლული	იქნა	6
მოიპოვა	გამარჯვება	6
მოინახულა	და	6
მოთამაშე	და	6
მოზარდ	მაყურებელთა	6
მოგვიანებით	მათ	6
მობილური	ტელეფონის	6
მნიშვნელოვანი	მდინარე	6
მნიშვნელობა	და	6
მმართველმა	პარტიამ	6
მმ	ნალექი	6
მლნ	წლის	6
მკვლელობის	შესახებ	6
მკვლელობაში	ეჭვმიტანილი	6
მიწასთან	გაასწორა	6
მიშას	დრო	6
მიღების	უფლება	6
მიუხედავათ	ამისა	6
მისმა	ვაჟმა	6
მისმა	გუნდმა	6
მისი	ხმა	6
მისი	წყალობით	6
მისი	წარმოება	6
მისი	ცხედარი	6
მისი	ცნობილი	6
მისი	ცალკეული	6
მისი	ყოფილი	6
მისი	სული	6
მისი	სიცოცხლის	6
მისი	სახე	6
მისი	სამხედრო	6
მისი	პრეზიდენტობის	6
მისი	პოეტური	6
მისი	ნამუშევრების	6
მისი	მოწინააღმდეგე	6
მისი	მიმდებარე	6
მისი	ლიტერატურული	6
მისი	კულტი	6
მისი	კარიერის	6
მისი	დანახვა	6
მისი	გამოყენების	6
მისი	გავლენა	6
მისთვის	არ	6
მის	შვილს	6
მის	შემდგომ	6
მის	მიხედვით	6
მის	მიდამოებში	6
მის	გარდა	6
მის	ადგილს	6
მინისტრი	და	6
მიმდინარე	წელს	6
მიმავალი	გზა	6
მიმავალ	გზაზე	6
მილიონ	ადამიანს	6
მიიჩნიეს	და	6
მიიღო	ხმათა	6
მიიღო	საქართველოს	6
მიიღეს	გადაწყვეტილება	6
მითის	მიხედვით	6
მითის	თანახმად	6
მიზიდულობის	კანონი	6
მიზეზი	კი	6
მიერ	ჩადენილი	6
მიერ	შექმნილ	6
მიერ	შედგენილი	6
მიერ	მომზადებული	6
მიერ	დაწყებული	6
მიერ	განხორციელებული	6
მიერ	გამოცემული	6
მიერ	გამოქვეყნებული	6
მიერ	არჩეული	6
მიერ	აგებული	6
მიენიჭა	ნობელის	6
მიდამოები	აგებულია	6
მთლიანი	მოსახლეობის	6
მთლიანად	დანგრეულია	6
მთის	ძირში	6
მთიანი	ყარაბაღის	6
მთელს	ევროპაში	6
მთელი	ტანით	6
მთელი	სამყარო	6
მთელი	მსოფლიოდან	6
მთელი	მოსახლეობის	6
მთელ	ქვეყანას	6
მთელ	თავის	6
მთავრობისა	და	6
მთავარი	ტაძარი	6
მთავარი	როლის	6
მთავარი	მოთხოვნა	6
მთავარანგელოზის	ეკლესია	6
მზე	და	6
მზად	იქნება	6
მეხუთე	კოლონა	6
მეცნიერებათა	დამსახურებული	6
მეჩხრად	დასახლებული	6
მეშვიდე	ადგილი	6
მეშვეობით	უკავშირდება	6
მექსიკის	მექსიკის	6
მექსიკელი	პოლიტიკური	6
მეფის	წინააღმდეგ	6
მეფის	ასული	6
მეფედ	გამოაცხადა	6
მეტრს	არ	6
მეტროპოლიტენის	სქემა	6
მეტრიანი	დისტანცია	6
მეტრი	სიგრძის	6
მეტი	სტატია	6
მეტი	ნაწილი	6
მეტი	მატჩი	6
მეტი	და	6
მეტად	ცნობილი	6
მეტ	ქვეყანაში	6
მესოპოტამია	და	6
მესამე	წელს	6
მესამე	ტურში	6
მესამე	ადგილზეა	6
მერვე	ადგილზე	6
მერე	კიდევ	6
მერე	ისევ	6
მეორეს	კი	6
მეორე	ომი	6
მეორე	ნახევრიდან	6
მეორე	ნაწილს	6
მეორე	მხრით	6
მეორე	დილას	6
მეოთხე	ადგილზე	6
მემკვიდრეობის	ძეგლს	6
მემკვიდრეობის	დაცვის	6
მელბურნიდან	დაშორებულია	6
მელა	და	6
მეთქი	და	6
მედიცინაში	იყენებენ	6
მეგის	ქარდავა	6
მე	ჯერ	6
მე	ხომ	6
მე	ჩემს	6
მე	მას	6
მე	ის	6
მე	ვიყავი	6
მდინარის	სიგრძეა	6
მდინარის	მარცხენა	6
მდინარე	ძირულა	6
მდინარე	ჩხერიმელა	6
მდინარე	კოდორის	6
მდინარე	კაბალი	6
მდინარე	ენგური	6
მდინარე	დიდი	6
მდინარე	და	6
მდინარე	ბზიფის	6
მდელოს	ნიადაგებზე	6
მდებარეობს	უძველესი	6
მდებარეობს	პერუს	6
მდებარეობს	მცირე	6
მდებარეობს	კუნძული	6
მდებარეობს	კანადის	6
მდებარეობს	კავკასიონის	6
მდებარეობს	დასავლეთ	6
მდებარეობს	ანდები	6
მდებარეობდა	და	6
მდე	სამეცნიერო	6
მდე	და	6
მდგრადი	განვითარების	6
მაშინ	რა	6
მაშინ	მან	6
მაშინ	და	6
მაღალი	ტემპერატურა	6
მაღალ	ადგილებში	6
მაქსიმ	გორკის	6
მაუწყებლობის	შესახებ	6
მასწავლებლისა	და	6
მასთან	დაკავშირებული	6
მასთან	და	6
მასზე	დიდი	6
მასალას	და	6
მასალად	გამოყენებულია	6
მას	ძალიან	6
მას	ყველა	6
მას	ყავდა	6
მას	უწოდეს	6
მას	კარგად	6
მას	თავი	6
მას	აღარ	6
მარჯვნივ	და	6
მარჯვენა	შენაკადის	6
მარჯვენა	ფრთაზე	6
მარცხი	განიცადა	6
მარჩელო	ლიპიმ	6
მარჩელო	ლიპი	6
მარტივი	რიცხვების	6
მარტივ	მამრავლებად	6
მარმარილოს	ზღვის	6
მარკუს	პორციუს	6
მარია	დე	6
მართლმადიდებლური	ეკლესიის	6
მარაკაიბოს	ტბის	6
მაო	ძედუნის	6
მან	ხელი	6
მან	ცოლად	6
მან	შეკრიბა	6
მან	სახელი	6
მან	რამდენიმე	6
მან	პირველად	6
მან	მრავალი	6
მან	მოახერხა	6
მან	მიაღწია	6
მან	დაიკავა	6
მან	დაადგინა	6
მან	გაიცნო	6
მამის	მხრიდან	6
მამასთან	ერთად	6
მამაკაცის	სასქესო	6
მამა	გაბრიელის	6
მალე	მათ	6
მაკეობა	გრძელდება	6
მაინც	და	6
მაინც	არის	6
მათი	ურთიერთობა	6
მათი	სიგრძე	6
მათი	მიზანი	6
მათი	მეშვეობით	6
მათი	ერთი	6
მათი	გამოყენების	6
მათემატიკური	ანალიზი	6
მათ	წინ	6
მადლობელი	ვარ	6
მაგრამ	რაც	6
მაგრამ	რამდენიმე	6
მაგრამ	მისმა	6
მაგრამ	მთავარი	6
მაგრამ	მალევე	6
მაგრამ	თავისი	6
მაგრამ	თავად	6
მაგრამ	ზოგიერთი	6
მაგრამ	გარკვეული	6
მაგრამ	არსებობს	6
მაგნიტური	ველის	6
ლოცულობდა	და	6
ლომის	წილი	6
ლიტერატურული	ენის	6
ლიდერი	გახდა	6
ლიგის	თასი	6
ლექციებს	კითხულობდა	6
ლექსების	წერა	6
ლექსების	პირველი	6
ლენტეხის	მუნიციპალიტეტი	6
ლეიბორისტული	პარტიის	6
ლე	კორბუზიეს	6
ლანდშაფტის	შემდეგი	6
ლათინურ	ანბანს	6
ლადო	გუდიაშვილი	6
ლა	ლიგაში	6
კურსები	ინტელექტ	6
კუნძულის	უმაღლესი	6
კუნძულებს	და	6
კუნძულების	ჯგუფში	6
კუნძულების	შემადგენლობაში	6
კუნძულები	და	6
კუნძულ	ახალი	6
კულტურული	ცხოვრების	6
კულტურის	სამინისტროს	6
კულტურის	მინისტრის	6
კულტურის	და	6
კუბის	რევოლუცია	6
კოხედესის	შტატი	6
კოჩაბამბის	დეპარტამენტში	6
კოტე	მარჯანიშვილი	6
კონფლიქტის	მოგვარების	6
კონტროლს	უწევდა	6
კონტრაქტი	გააფორმა	6
კონსტიტუციური	უსაფრთხოების	6
კონსტიტუციური	მონარქია	6
კონსტიტუციის	მე	6
კონსტანტინოპოლის	პატრიარქი	6
კონსტანტინე	გამსახურდიას	6
კონსტანტინე	აფხაზი	6
კომპოზიტორთა	კავშირის	6
კომისიის	თავმჯდომარე	6
კომერციულად	ყველაზე	6
კომენტარს	არ	6
კომედიური	ჟანრის	6
კოზმა	და	6
კოდორის	ხეობის	6
კოდორის	ქედის	6
კლუბის	პრეზიდენტი	6
კლუბთან	ერთად	6
კლიმატის	ცვლილების	6
კლასიკურ	გიმნაზიაში	6
კლაბ	შოუ	6
კირქვებითა	და	6
კინომსახიობთა	გილდიის	6
კილომეტრით	და	6
კითხვის	ნიშნის	6
კიდევ	ძველი	6
კიდევ	ოთხი	6
კიდევ	ვერ	6
კი	ყველაზე	6
კი	უნდა	6
კი	სხვა	6
კი	როგორც	6
კი	ისინი	6
კი	თითქმის	6
კი	ერთ	6
კვირის	წინ	6
კვებისა	და	6
კვადრატულ	კილომეტრზე	6
კვადრატიდან	გუმბათის	6
კერძო	და	6
კემბრიჯის	უნივერსიტეტი	6
კახეთის	მხარე	6
კახეთის	მეფის	6
კახეთის	მეფე	6
კაცს	შეადგენდა	6
კაცი	და	6
კარსტული	ძაბრი	6
კარლოს	დიდის	6
კარლ	მარქსი	6
კარგი	და	6
კარგად	იტანს	6
კარგად	ესმოდა	6
კარგად	აქვთ	6
კარგა	ხნის	6
კარაბობოს	შტატი	6
კანადაში	და	6
კამარის	საბჯენი	6
კალთებიდან	ჩამონადენი	6
კათოლიკურ	ეკლესიაში	6
კავშირის	გმირის	6
კავკასიის	სხვა	6
იცის	რა	6
იშვიათი	და	6
იყოფა	მხოლოდ	6
იყოს	მისი	6
იყო	ძლიერი	6
იყო	ძველი	6
იყო	შექმნილი	6
იყო	საქართველოში	6
იყო	სამეფო	6
იყო	ნამდვილი	6
იყო	მთელი	6
იყო	ეროვნული	6
იყო	ე	6
იყო	დრო	6
იყო	დარჩენილი	6
იყო	დამოუკიდებელი	6
იყო	გუნდის	6
იყო	განვითარებული	6
იყო	გამოყენებული	6
იყო	გათვლილი	6
იყო	ასეთი	6
იყო	ამერიკელი	6
იყო	ამავე	6
იყვნენ	აგრეთვე	6
იქცა	ჯგუფის	6
იქნებოდა	და	6
იქნა	წარდგენილი	6
იქნა	მოკლული	6
იქნა	გაშვებული	6
იქნა	გადაყვანილი	6
იქიდან	კი	6
იქ	რომ	6
იქ	იყო	6
იური	ანდრიას	6
იუნესკომ	ეს	6
იუგოსლავიის	სოციალისტური	6
იტოტება	და	6
იტალიის	ჩემპიონი	6
იტალიის	ჩემპიონატში	6
იტალია	და	6
ისტორიული	ცენტრი	6
ისტორიული	ქალაქი	6
ისტორიული	სოფელი	6
ისტორიის	კათედრის	6
ისტორიაში	და	6
ისიც	რომ	6
ისინი	ცხოვრობენ	6
ისინი	უნდა	6
ისინი	თავის	6
ისინი	ერთად	6
ისეთ	ცნობილ	6
ისეთ	ქვეყნებში	6
ისევ	ის	6
ისე	მის	6
ისე	კი	6
ის	ჯერ	6
ის	ხვდება	6
ის	წარმოადგენდა	6
ის	ცდილობს	6
ის	შეიცავს	6
ის	ყოველთვის	6
ის	ყველა	6
ის	უბრალოდ	6
ის	საკუთარ	6
ის	საბოლოოდ	6
ის	რამდენიმე	6
ის	ორი	6
ის	მოიცავს	6
ის	იმ	6
ის	ერთადერთი	6
ის	დღემდე	6
ის	არასოდეს	6
ის	ადგილი	6
იოჰან	ვოლფგანგ	6
იოსებ	სტალინი	6
იოანე	ბატონიშვილი	6
ინციდენტის	შემდეგ	6
ინკუბაცია	გრძელდება	6
ინდოეთისა	და	6
ინგლისის	საფეხბურთო	6
ინგლისის	ნაკრებში	6
ინგლისის	თასის	6
ინგლისის	ეროვნულ	6
ინგლისელი	მუსიკოსი	6
იმპერია	და	6
იმისდა	მიხედვით	6
იმით	განსხვავდება	6
იმდენად	დიდი	6
იმას	კი	6
იმაზე	მიუთითებს	6
იმ	პირთა	6
იმ	ნაწილს	6
იმ	მხრივ	6
იმ	დრომდე	6
იმ	დროიდან	6
იმ	ადგილს	6
იმ	ადამიანების	6
ილიას	სახელმწიფო	6
ილია	ჭავჭავაძემ	6
ილია	ჩაჩიბაიას	6
ილია	მეორე	6
ილარიონ	ქართველის	6
იკვებება	მწერებით	6
იკვებება	მცენარეთა	6
იზრდება	მთის	6
ივლისს	კი	6
იეჰოვას	მოწმეების	6
იელის	უნივერსიტეტი	6
იდეა	იყო	6
იდგნენ	და	6
იგივე	იყო	6
იგი	ქმნის	6
იგი	სრულიად	6
იგი	რამდენიმე	6
იგი	ოფიციალურად	6
იგი	მსოფლიოში	6
იგი	მთელი	6
იგი	კიდევ	6
იგი	იმდენად	6
იგი	ვერ	6
იგი	დაქორწინდა	6
იგი	დაკავშირებულია	6
იასპარეზა	ზაფხულის	6
იარაღი	და	6
იანების	დასაწყისში	6
იან	წწ	6
იაკობ	ნიკოლაძის	6
იაკობ	გოგებაშვილი	6
თხუთმეტი	წლის	6
თქვენი	აზრით	6
თქვენ	თუ	6
თქვა	რომ	6
თურქეთის	რესპუბლიკის	6
თურქეთის	პრეზიდენტი	6
თურმე	კი	6
თუმცა	უკვე	6
თუმცა	საერთაშორისო	6
თუმცა	როგორც	6
თუმცა	თუ	6
თუმცა	ზოგიერთი	6
თუმცა	დღეს	6
თუმცა	აქ	6
თუ	ცუდად	6
თუ	მათ	6
თუ	იშვიათად	6
თუ	ვიმსჯელებთ	6
თუ	ვერ	6
თუ	ერთ	6
თუ	გვინდა	6
თუ	ამას	6
თვითონ	უნდა	6
თვითონ	არ	6
თვითმმართველი	ქალაქის	6
თვეში	ერთხელ	6
თვემდე	გრძელდება	6
თვალსაჩინო	წარმომადგენელი	6
თვალსაზრისით	კი	6
თესლითა	და	6
თერჯოლის	მუნიციპალიტეტის	6
თეორიის	მიხედვით	6
თემა	იყო	6
თეთრი	დათვი	6
თეთრი	გურია	6
თეთრი	აჭარა	6
თეატრალური	ხელოვნების	6
თეა	წულუკიანი	6
თბილისისა	და	6
თბილისის	სამხედრო	6
თბილისის	საკრებულოს	6
თბილისის	საერთაშორისო	6
თბილისის	კონსერვატორიაში	6
თბილისის	თვითმმართველობა	6
თბილისის	ზღვა	6
თბილისი	და	6
თარიღი	და	6
თარიღდება	და	6
თარგმნა	და	6
თანამედროვე	და	6
თანამდებობის	პირები	6
თამაშის	შემდეგ	6
თავს	იყრის	6
თავს	დამნაშავედ	6
თავმჯდომარის	მოადგილედ	6
თავისუფალი	საქართველო	6
თავისუფალი	ვაჭრობის	6
თავისუფალი	დროის	6
თავისუფალი	აგენტის	6
თავისი	წვლილი	6
თავისი	სახელი	6
თავისი	პოლიტიკური	6
თავისი	ნებით	6
თავისი	კარიერის	6
თავისი	კარიერა	6
თავისი	გავლენა	6
თავის	სასარგებლოდ	6
თავის	ადგილას	6
თავი	უნდა	6
თავი	რომ	6
თავი	მოკვეთეს	6
თავდაცვის	სამინისტროში	6
თავდაცვის	სამინისტრო	6
თავდასხმის	შემდეგ	6
თავდაპირველად	იყო	6
თავდაპირველად	ამ	6
თავდამსხმელის	პოზიციაზე	6
ზღვის	წყალი	6
ზუსტი	და	6
ზუსტად	კი	6
ზუგდიდის	შალვა	6
ზომისა	და	6
ზოლები	დასდევს	6
ზოგ	ადგილას	6
ზის	და	6
ზვიად	გამსახურდიამ	6
ზემოთ	კი	6
ზემოდან	მუქი	6
ზედაპირის	ფართობია	6
ზე	მეტმა	6
ზე	იყოფა	6
ზაფხულში	კი	6
ზამთარში	კი	6
ზაზა	გოროზიას	6
ვულკანური	წარმოშობის	6
ვულკანური	კრატერი	6
ვულკანი	ანდების	6
ვიწრო	ზოლი	6
ვისაც	კი	6
ვინაიდან	მათ	6
ვინ	უნდა	6
ვითარდება	და	6
ვიეტნამური	ენა	6
ვიდრე	ის	6
ვერანაირად	ვერ	6
ვერ	პოულობს	6
ვერ	მოახერხეს	6
ვერ	მიაღწიეს	6
ვერ	ვხედავ	6
ვერ	ვიპოვე	6
ვენესუელელი	პოლიტიკური	6
ვარსკვლავური	ომების	6
ვარსკვლავთკარიბჭის	ხომალდები	6
ვანისა	და	6
ვანის	რაიონი	6
ვანის	მუნიციპალიტეტის	6
ვალერიან	ვეკუა	6
ვაკის	სასაფლაოზე	6
ვაიმარის	რესპუბლიკის	6
ექიმი	იყო	6
ექვსი	თვის	6
ესტონეთის	რესპუბლიკის	6
ესპანეთის	ლა	6
ესაზღვრება	ესპანეთის	6
ესაზღვრება	ბრაზილია	6
ეს	ხომ	6
ეს	ხმა	6
ეს	ხელშეკრულება	6
ეს	ხატი	6
ეს	ჩანაწერი	6
ეს	ქვა	6
ეს	უძველესი	6
ეს	უკანასკნელნი	6
ეს	ტიპი	6
ეს	სულაც	6
ეს	სია	6
ეს	სახლი	6
ეს	ორივე	6
ეს	ნამუშევრები	6
ეს	მომენტი	6
ეს	მკვლელობა	6
ეს	მისთვის	6
ეს	მის	6
ეს	მე	6
ეს	კომპოზიცია	6
ეს	კომპანია	6
ეს	კიდევ	6
ეს	კანონი	6
ეს	თანხა	6
ეს	დაავადება	6
ეს	ახალი	6
ეს	ადგილები	6
ეროვნული	უშიშროების	6
ეროვნული	თვითშეგნების	6
ეროვნულ	გამოცდებზე	6
ერიკ	კლეპტონი	6
ერთხელ	წმინდა	6
ერთმანეთს	დაშორდნენ	6
ერთმანეთისგან	განსხვავებული	6
ერთმანეთთან	დაკავშირებული	6
ერთი	წევრი	6
ერთი	ქალაქის	6
ერთი	უმთავრესი	6
ერთი	საუკუნის	6
ერთი	საათის	6
ერთი	მხრით	6
ერთი	კი	6
ერთი	თვე	6
ერთი	არ	6
ერთერთ	ყველაზე	6
ერთადერთი	და	6
ერთად	წარმოადგენს	6
ერთ	ყველაზე	6
ერთ	მშვენიერ	6
ერთ	ან	6
ერთ	ადგილზე	6
ენის	სტატუსი	6
ენის	კურსები	6
ენერგიის	წყაროების	6
ენერგეტიკული	ფარები	6
ენაზე	თარგმნა	6
ენაზე	და	6
ემილ	ზოლას	6
ემიგრაციაში	წავიდა	6
ელინისტურ	ხანაში	6
ეკუთვნოდა	და	6
ეკონომიკური	პოლიტიკის	6
ეკონომიკური	კრიზისის	6
ეკონომიკა	და	6
ეკოლოგიურად	სუფთა	6
ეკლესიის	წმინდა	6
ეკლესიის	წინააღმდეგ	6
ეკლესიის	და	6
ეკლესია	იყო	6
ეზოს	მხარეს	6
ევროპული	საბჭო	6
ევროპული	და	6
ევროპის	ჩემპიონატი	6
ევროპის	რაგბის	6
ევროპის	პარლამენტის	6
ევროპაში	და	6
ევროკავშირის	წევრი	6
ედუარდ	შევარდნაძემ	6
ედგა	სათავეში	6
ეგეოსის	რეგიონში	6
ეგეოსის	რეგიონი	6
ე	მუხლი	6
ე	ადგილზე	6
დღეში	ერთხელ	6
დღესთან	დაკავშირებით	6
დღეს	საქართველოს	6
დღეს	არსებული	6
დღემდე	შემორჩენილია	6
დღემდე	მისი	6
დღემდე	არსებობს	6
დღე	გრძელდება	6
დროს	მათ	6
დროიდან	დღემდე	6
დროებითმა	მთავრობამ	6
დროებითი	პრეზიდენტი	6
დრო	იყო	6
დრამატურგი	და	6
დოქტორის	ხარისხს	6
დონიდან	დაახლოებით	6
დონეს	მიაღწია	6
დმანისის	მუნიციპალიტეტი	6
დირექტორის	მოადგილე	6
დირექტორი	იყო	6
დირექტორი	და	6
დიპლომატიური	ურთიერთობები	6
დიმიტრის	ძე	6
დიმიტრი	მენდელეევის	6
დიდუბის	პანთეონი	6
დიდოსტატის	მარჯვენა	6
დიდი	წარმატებით	6
დიდი	სიხარულით	6
დიდი	სიყვარული	6
დიდი	სისქის	6
დიდი	რეზონანსი	6
დიდი	რევოლუციის	6
დიდი	რაოდენობითაა	6
დიდი	პრობლემა	6
დიდი	მოწონებით	6
დიდი	მოცულობის	6
დიდი	ისტორია	6
დიდი	თუ	6
დიდი	თავი	6
დიდი	დეპრესიის	6
დიდი	ბრიტანეთისა	6
დიდების	ხეივანი	6
დიდ	საფრთხეს	6
დიდ	ზიანს	6
დეპარტამენტის	დედაქალაქი	6
დემოკრატიისა	და	6
დევნის	დროს	6
დევნა	დაიწყო	6
დედაქალაქი	არის	6
დედაქალაქ	კაიროს	6
დედალი	დებს	6
დედა	იყო	6
დაცვის	ეროვნული	6
დაშორებული	შტატის	6
დაშლა	და	6
დაქორწინებული	იყო	6
დაფარული	აქვთ	6
დასთან	ერთად	6
დასახლებულ	პუნქტში	6
დასავლეთისა	და	6
დასავლეთის	ქვეყნებში	6
დასავლეთი	ნაწილი	6
დასავლეთი	აზია	6
დასავლეთ	ნაწილი	6
დასავლეთ	თურქეთი	6
დასავლეთ	ევროპა	6
დასავლეთ	გერმანიაში	6
დასავლეთ	აფრიკაში	6
დასავლეთ	ავსტრალიაში	6
დარჩენილი	ნაწილი	6
დარჩენა	და	6
დარჩა	მხოლოდ	6
დარდანელის	სრუტე	6
დარბაზი	და	6
დაჟინებული	მოთხოვნით	6
დანიშნულება	იყო	6
დანიშნულება	აქვს	6
დანიელ	ჯექსონი	6
დანაშაული	და	6
დანარჩენი	ორი	6
დანარჩენ	მსოფლიოში	6
დამსახურებული	არტისტი	6
დამოუკიდებლობა	მოიპოვა	6
დამოუკიდებლობა	გამოაცხადეს	6
დამოკიდებული	იყო	6
დამოკიდებულების	შესახებ	6
დამახასიათებელი	ნიშნები	6
დამატებითი	სიმღერები	6
დაკარგული	აქვს	6
დაკავშირებით	და	6
დაიწყო	სწავლა	6
დაიწყო	პირველი	6
დაიწყო	მათი	6
დაიწერა	და	6
დაინახა	და	6
დაზღვევის	სისტემა	6
დაზიანების	გამო	6
დავითისა	და	6
დავით	გარეჯის	6
დავით	გარეჯელის	6
დაეხმარა	მას	6
დადიოდა	და	6
დადგენილების	საფუძველზე	6
დადგენილ	იქნა	6
დაბრუნება	და	6
დაბადებული	და	6
დაბადების	თარიღად	6
დაბადების	დღე	6
დაატყდა	თავს	6
დაარსდა	საქართველოს	6
დაამთავრა	შოთა	6
დაამთავრა	პარიზის	6
დაამთავრა	თსუ	6
დაამარცხეს	და	6
დაავადებების	დროს	6
და	ჰკითხა	6
და	ჯულიეტა	6
და	ხმის	6
და	ხმამაღლა	6
და	ხილის	6
და	ხელოვნური	6
და	ხელმძღვანელობით	6
და	ხელმძღვანელი	6
და	ხელმეორედ	6
და	ხალხური	6
და	ხაზს	6
და	წიგნი	6
და	წარმოიქმნება	6
და	ძეგლთა	6
და	ცხოველური	6
და	ციხე	6
და	ჩხოროწყუს	6
და	ჩამოაყალიბა	6
და	შინაგან	6
და	შვილებს	6
და	შესწავლა	6
და	შესაძლებელია	6
და	შეადგენს	6
და	ყოველგვარი	6
და	ყველამ	6
და	ყაზახეთი	6
და	ღმერთს	6
და	ღმერთი	6
და	ქიმიური	6
და	ქვეყანა	6
და	ქეთევან	6
და	ქ	6
და	ფრინველთა	6
და	ფრიად	6
და	ფორმის	6
და	ფინალში	6
და	ფილოსოფიის	6
და	ფილმის	6
და	ფიზიკურ	6
და	ფეხები	6
და	უშიშროების	6
და	უნიკალური	6
და	უკანასკნელ	6
და	უზრუნველყოფს	6
და	უეფას	6
და	უბისის	6
და	უარი	6
და	უამრავი	6
და	უამრავ	6
და	ტენიან	6
და	ტახტი	6
და	სწორი	6
და	სწორად	6
და	სწავლობდა	6
და	სწავლა	6
და	სუსტი	6
და	სულის	6
და	სტივ	6
და	სპილენძის	6
და	სპეციფიკური	6
და	სომხები	6
და	სომეხთა	6
და	სიკვდილი	6
და	სვანური	6
და	სეზონის	6
და	საცხოვრებლად	6
და	საშინაო	6
და	საყოველთაო	6
და	საქმე	6
და	სასტიკი	6
და	სასარგებლო	6
და	საოჯახო	6
და	საომარი	6
და	სამხატვრო	6
და	სამშობლოს	6
და	სამთავრობო	6
და	საკუთრივ	6
და	საკონცერტო	6
და	საკვები	6
და	საიმედო	6
და	საიდუმლო	6
და	საზღვარგარეთის	6
და	საზღვაო	6
და	საბერძნეთი	6
და	რუსი	6
და	რუისის	6
და	როჯერ	6
და	რომი	6
და	რომელმაც	6
და	რომელი	6
და	რიგი	6
და	რთულ	6
და	რემუსი	6
და	რელიგიის	6
და	რელიგია	6
და	რედაქტორი	6
და	რეალური	6
და	რბილი	6
და	რაღაც	6
და	ჟურნალისტი	6
და	პუბლიცისტური	6
და	პროფესიული	6
და	პრეზიდენტის	6
და	პოლონეთი	6
და	პოლიტიკის	6
და	პოეზია	6
და	პიტერ	6
და	პირველივე	6
და	პირადად	6
და	პირად	6
და	ოქტომბრის	6
და	ორგანული	6
და	ოლიმპიური	6
და	ოდნავ	6
და	ნოტიო	6
და	ნიკ	6
და	ნებისმიერი	6
და	ნატო	6
და	ნაპოლეონის	6
და	ნავთობის	6
და	მჭიდროდ	6
და	მშენებლობის	6
და	მუქი	6
და	მუდამ	6
და	მრავალფეროვანია	6
და	მოღვაწეობა	6
და	მოქმედების	6
და	მოსახლეობა	6
და	მორალური	6
და	მომსახურების	6
და	მომავალ	6
და	მოკლა	6
და	მოითხოვს	6
და	მოითხოვა	6
და	მნიშვნელოვან	6
და	მისის	6
და	მიზნად	6
და	მზად	6
და	მეხუთე	6
და	მეფეს	6
და	მეტიც	6
და	მეორეც	6
და	მეორედ	6
და	მეოთხეული	6
და	მედიცინაში	6
და	მდინარეების	6
და	მარნეულის	6
და	მართვის	6
და	მათმა	6
და	მათთვის	6
და	ლონდონის	6
და	ლიტერატურა	6
და	კულტურით	6
და	კრისტალური	6
და	კიევის	6
და	კერძოდ	6
და	კახთა	6
და	კახეთში	6
და	კავკასიური	6
და	იწვევს	6
და	იძულებულნი	6
და	იყვნენ	6
და	იუგოსლავია	6
და	იტალიური	6
და	ისტორიის	6
და	ისტორიას	6
და	ისრაელის	6
და	ინდუსტრიული	6
და	ინდოეთი	6
და	იაპონური	6
და	იაპონიაში	6
და	თურქული	6
და	თითო	6
და	თვალები	6
და	თეთრ	6
და	თანდათანობით	6
და	თანამდებობა	6
და	თავიანთი	6
და	ზომიერი	6
და	ზოგადი	6
და	ზედ	6
და	ზამთრის	6
და	ეფექტური	6
და	ესპანეთის	6
და	ერთმანეთს	6
და	ენერგია	6
და	ენგურის	6
და	ელექტრული	6
და	ეთნოლოგიის	6
და	ევროპაში	6
და	ეგვიპტეში	6
და	დღეისათვის	6
და	დარწმუნებული	6
და	დანია	6
და	დანარჩენი	6
და	გულის	6
და	გული	6
და	გვიანდელი	6
და	განსხვავდება	6
და	განვითარება	6
და	გაიმარჯვა	6
და	გავრცელდა	6
და	გავლენიანი	6
და	გაანადგურა	6
და	ბუჩქნარებში	6
და	ბუნებრივია	6
და	ბრაზილიის	6
და	ბოლომდე	6
და	ბილ	6
და	ბიზანტიას	6
და	ბერლინი	6
და	ბაღდათის	6
და	ბარის	6
და	ბაკურიანის	6
და	ბათუმის	6
და	აქვე	6
და	აუცილებელი	6
და	არაერთი	6
და	არაბულ	6
და	ან	6
და	ამტკიცებს	6
და	ამისთვის	6
და	აკუსტიკური	6
და	აიღო	6
და	ათი	6
და	აზროვნების	6
და	ადრეული	6
გუნდის	კაპიტანი	6
გუნდი	და	6
გუმბათქვეშა	კვადრატიდან	6
გუმბათოვანი	ეკლესია	6
გუმბათი	ეყრდნობა	6
გუმბათი	და	6
გული	არ	6
გრძნობს	თავს	6
გრძელვადიან	პერსპექტივაში	6
გრიგოლ	აბაშიძე	6
გრანტის	შვილები	6
გოლი	და	6
გნეუს	პომპეუს	6
გიორგი	წერეთელი	6
გიორგი	შარვაშიძე	6
გიორგი	და	6
გიგი	უგულავა	6
გზა	გაუხსნა	6
გვიან	შუა	6
გერმანიის	ქალაქ	6
გერბის	ფარს	6
გეორგიევსკის	ტრაქტატის	6
გეორგიევსკის	ტრაქტატი	6
გეოგრაფიული	საზოგადოება	6
გეოგრაფიული	მდებარეობის	6
გეოგრაფიული	და	6
გენერალური	დირექტორის	6
გეგმა	და	6
გახსნა	და	6
გახდა	საქართველოს	6
გახდა	დამოუკიდებელი	6
გაცნობის	შემდეგ	6
გაყოფის	შემდეგ	6
გატანილი	გოლით	6
გატანა	შეძლო	6
გასაგები	და	6
გარკვეული	ცვლილებები	6
გარკვეულ	ეტაპზე	6
გარდაცვალების	შემდგომ	6
გარდამავალ	პერიოდში	6
გარდაიცვალა	გულის	6
გარდაეცვალა	და	6
გარდა	იგი	6
განყოფილების	გამგედ	6
განსაკუთრებულ	ინტერესს	6
განრიგის	მიხედვით	6
განმავლობაში	მისი	6
განმავლობაში	მიმდინარეობდა	6
განმავლობაში	იგი	6
განმავლობაში	ამ	6
განკითხვის	დღე	6
განთავისუფლების	შემდეგ	6
განვითარების	შედეგად	6
განვითარების	პროგრამის	6
განვითარების	გამო	6
განვითარებაში	მნიშვნელოვანი	6
განვითარებას	ხელს	6
განვითარებას	და	6
განვითარებად	ქვეყნებში	6
განდევნის	შემდეგ	6
განაცხადა	მან	6
განათლების	და	6
განათლება	არ	6
გამოძახილი	იყო	6
გამოცდების	ეროვნულ	6
გამოყენებული	იქნას	6
გამოყენებისა	და	6
გამოსახულნი	არიან	6
გამონაკლისის	გარდა	6
გამონაკლისი	იყო	6
გამომწვევი	მიზეზები	6
გამომდინარე	იქიდან	6
გამოიცა	მისი	6
გამოიყენება	სხვა	6
გამოირჩევა	და	6
გამოეყო	და	6
გამოავლინა	და	6
გამო	მიიღო	6
გამგე	და	6
გამარჯვების	მოპოვება	6
გამარჯვების	გოლი	6
გათავისუფლების	შემდეგ	6
გავრცელებულია	ორივე	6
გავრცელებულია	ევროპის	6
გავრცელებულია	ევრაზიის	6
გავრცელებულია	აფრიკაში	6
გავრცელებული	ფორმაა	6
გავლენის	სფეროში	6
გავლენას	ახდენენ	6
გავითვალისწინებთ	იმას	6
გადის	საერთაშორისო	6
გადის	მდინარე	6
გადაწყვეტილება	მიიღო	6
გადაყვანილ	იქნა	6
გადაღებული	რეჟისორ	6
გადაღება	დაიწყო	6
გადატანითი	მნიშვნელობით	6
გადასახადები	და	6
გადადის	საცხოვრებლად	6
გადადის	და	6
გაატარა	და	6
გაანთავისუფლეს	და	6
გააკეთა	და	6
გ	აღწევს	6
ბუნებრივი	რესურსები	6
ბუნებრივი	პირობების	6
ბუნების	შესახებ	6
ბუნებას	და	6
ბუნება	და	6
ბრძოლაში	დაამარცხა	6
ბრძოლა	იყო	6
ბრძანება	გასცა	6
ბრიტანეთისა	და	6
ბრიტანეთის	სინგლების	6
ბრაზილიასა	და	6
ბოლოს	მაინც	6
ბოლოს	იგი	6
ბოლო	წლები	6
ბოლო	რამდენიმე	6
ბოლო	დღეებში	6
ბოლო	არ	6
ბოლნისის	მუნიციპალიტეტში	6
ბიძინა	ივანიშვილმა	6
ბიოსფერული	ნაკრძალი	6
ბიოგრაფიული	ცნობები	6
ბინადრობს	ტყეში	6
ბილბორდის	ჩარტში	6
ბიზანტიის	იმპერიას	6
ბეჭდის	საძმო	6
ბეჭდების	მბრძანებლის	6
ბესიკ	ხარანაული	6
ბერძნული	და	6
ბევრად	მეტი	6
ბედნიერებისა	და	6
ბაჰამის	კუნძულები	6
ბარიოს	დე	6
ბანკის	მიერ	6
ბანკები	და	6
ბალახოვანი	მცენარეა	6
ბაიოსური	პორფირიტებით	6
ბავშვი	და	6
ბაგრატის	ტაძრის	6
აჯანყებულთა	წინააღმდეგ	6
აჯანყებამ	იფეთქა	6
აჯანყდნენ	და	6
ახორციელებს	საქართველოს	6
ახლად	დაარსებულ	6
ახალციხის	საფაშოს	6
ახალქალაქიდან	დაშორებულია	6
ახალი	ეკონომიკური	6
ახალი	აღთქმა	6
ახალი	ალბომის	6
ახალგორის	მუნიციპალიტეტი	6
ახალგაზრდულ	ნაკრებში	6
ახალგაზრდა	ფეხბურთელი	6
ახალ	სამყაროში	6
ახალ	აღთქმაში	6
აშენდა	და	6
აღწერა	სამეფოსა	6
აღნიშვნის	ღირსია	6
აღმოსავლეთსა	და	6
აღმოსავლეთმცოდნეობის	ინსტიტუტის	6
აღმოსავლეთიდან	დასავლეთისკენ	6
აღმოსავლეთიდან	დასავლეთისაკენ	6
აღმოსავლეთი	ევროპა	6
აღმოსავლეთ	სანაპიროს	6
აღმოსავლეთ	კავკასიონზე	6
აღმოსავლეთ	ევროპა	6
აღმოსავლეთ	აფრიკაში	6
აღმოსავლეთ	აზიის	6
აღმასრულებელი	და	6
აღმართული	იყო	6
აღინიშნოს	რომ	6
აღიკვეცა	ბერად	6
აღიარებულ	იქნა	6
აღარ	უნდა	6
აღარ	გამოიყენება	6
აღარ	არიან	6
აღადგინეს	და	6
აქტიურად	ჩაება	6
აქტიურად	მუშაობს	6
აქტიურ	საზოგადოებრივ	6
აქვს	ჩატარებული	6
აქვს	მხოლოდ	6
აქვს	მოგებული	6
აქვს	მინიჭებული	6
აქვს	მესხეთის	6
აქვს	ზღვის	6
აქვს	ბევრი	6
აქვთ	გრძელი	6
აქვთ	განვითარებული	6
აქედან	დაიწყო	6
აქ	ძირითადად	6
აქ	ცხოვრობდა	6
აქ	უფრო	6
აქ	მდებარე	6
აქ	ისინი	6
აქ	იგულისხმება	6
აქ	დაიბადა	6
აქ	გვხვდება	6
აფხაზური	მხარე	6
აუცილებლობის	შემთხვევაში	6
აუცილებელი	პირობაა	6
ატომური	ნომერია	6
ატარებს	და	6
ასტროლოგიური	პროგნოზი	6
ასტროლოგიური	ნიშნების	6
ასრულებს	და	6
ასომთავრული	წარწერაა	6
ასეთ	პირობებში	6
ასევე	შეუძლია	6
ასევე	სამხედრო	6
ასევე	ორი	6
ასევე	მიიღო	6
ასევე	მდებარეობს	6
ასევე	მათ	6
ასევე	ითვლება	6
ასევე	ვერ	6
ასევე	ესაზღვრება	6
ასევე	გამოვიდა	6
ასევე	გავრცელებულია	6
ასევე	გააჩნია	6
ასეა	თუ	6
ასე	წარმოიშვა	6
ასე	შეიქმნა	6
არც	მისი	6
არც	მე	6
არც	არის	6
არჩეული	იქნა	6
არჩევნების	წინ	6
არჩევნების	დროს	6
არჩევნების	გზით	6
არჩევნები	ტარდება	6
არქანჯელო	ლამბერტი	6
არსებობს	სხვადასხვა	6
არსებობს	სამი	6
არსებობს	ლეგენდა	6
არსებობს	გადმოცემა	6
არსებობს	ასეთი	6
არსებობის	გამო	6
არის	უკანასკნელი	6
არის	სამი	6
არის	საინტერესო	6
არის	მნიშვნელოვანი	6
არის	კიდევ	6
არის	დაწერილი	6
არის	დაშორებული	6
არის	დასავლეთი	6
არის	დანაწევრებული	6
არის	გაყოფილი	6
არის	გარკვეული	6
არის	გამორიცხული	6
არის	გაერთიანებული	6
არის	არც	6
არის	ამის	6
არის	ავტორი	6
არის	ადმინისტრაციული	6
არიან	ამ	6
არიან	ადამიანები	6
არაფრით	არ	6
არასოდეს	ვყოფილვარ	6
არარსებობის	შემთხვევაში	6
არამედ	როგორც	6
არამედ	მის	6
არაგვის	საერისთავოს	6
არაგვის	საერისთავო	6
არაბული	და	6
არაბულ	და	6
არა	იმიტომ	6
არა	ვარ	6
არ	ჰქონდეს	6
არ	წარმოადგენდნენ	6
არ	ჩატარებულა	6
არ	შემონახულა	6
არ	შედიოდა	6
არ	მომეწონა	6
არ	მიაჩნდა	6
არ	იცით	6
არ	იღებს	6
არ	ისურვა	6
არ	იმყოფებოდა	6
არ	ესმის	6
არ	ეკუთვნის	6
არ	დაუშვებს	6
არ	დაუშვა	6
არ	დასცალდა	6
არ	დააყოვნა	6
არ	გასცა	6
არ	განხორციელდა	6
არ	განსხვავდება	6
არ	გამქრალა	6
არ	ატარებს	6
არ	აპირებს	6
აპრილს	საქართველოს	6
აპიუს	კლავდიუსი	6
აპელაციის	შედეგებს	6
ანტიკური	ხანიდან	6
ანტიკური	და	6
ანკაშის	რეგიონის	6
ანექსიის	შემდეგ	6
ანდრია	პირველწოდებულის	6
ანგელოზი	გამოეცხადა	6
ან	უნდა	6
ან	სულ	6
ან	სრულიად	6
ან	რომელიმე	6
ან	პირიქით	6
ან	პირდაპირ	6
ან	მცირე	6
ან	მრავალწლოვანი	6
ან	მეტ	6
ან	ამ	6
ამჟამად	შემორჩენილია	6
ამჟამად	არის	6
ამოიღო	და	6
ამიტომ	ისინი	6
ამიტომ	არის	6
ამისათვის	საჭიროა	6
ამით	მან	6
ამერიკის	კონტინენტის	6
ამერიკელი	კომპოზიტორი	6
ამერიკელი	კინომსახიობი	6
ამბის	შემდეგ	6
ამბავი	მოხდა	6
ამას	წინათ	6
ამას	კი	6
ამას	ადასტურებს	6
ამან	კი	6
ამ	ჯგუფს	6
ამ	შენობის	6
ამ	ფუნქციას	6
ამ	უნიკალური	6
ამ	უკანასკნელთ	6
ამ	უბანში	6
ამ	სტადიონზე	6
ამ	სკოლის	6
ამ	სახლში	6
ამ	საკითხში	6
ამ	რამდენიმე	6
ამ	პროგრამის	6
ამ	მძიმე	6
ამ	მეთოდით	6
ამ	მაჩვენებლით	6
ამ	კუნძულს	6
ამ	კლუბის	6
ამ	კავშირის	6
ამ	ისტორიის	6
ამ	ინფორმაციის	6
ამ	თემას	6
ამ	დღიდან	6
ამ	აჯანყების	6
ამ	ალბომიდან	6
ამ	აზრის	6
ამ	ადამიანს	6
ალტერნატიული	როკის	6
ალპური	მდელოებია	6
ალგეთის	ხეობის	6
ალბომში	შესული	6
ალბომის	ჩაწერის	6
ალბომი	გამოიცა	6
ალბომი	გაიყიდა	6
ალბომზე	მუშაობისას	6
ალაზნისა	და	6
ალაზნის	ველზე	6
აიღეს	ქალაქი	6
აირჩიეს	საქართველოს	6
ათონის	მთის	6
ათობით	ათასი	6
ათასი	მცხოვრები	6
ათას	ადამიანს	6
აზერბაიჯანული	ენა	6
აზერბაიჯანისა	და	6
აზერბაიჯანის	ტერიტორიაზე	6
ავტონომიური	პროვინცია	6
ავსტრალია	და	6
ავინიონის	ტყვეობა	6
ავიაციის	მიერ	6
ავადმყოფობის	შემდეგ	6
ადრეული	შუა	6
ადრე	აქ	6
ადმინისტრაციული	ერთეულებია	6
ადვოკატ	მამუკა	6
ადგილობრივი	მმართველობის	6
ადგილი	შედეგი	6
ადგილი	რაოდენობა	6
ადგილი	კი	6
ადგილი	ეჭირა	6
ადგილზე	დაასრულა	6
ადამიანს	და	6
ადამიანის	სულიერი	6
ადამიანის	განვითარების	6
ადამიანი	უნდა	6
ადამიანების	მიერ	6
აგრეთვე	მისი	6
აგლომერაციაში	ცხოვრობს	6
აგვისტოს	დაიწყო	6
აგვისტოს	ბოლოს	6
აგენტის	სტატუსით	6
აგებულია	ქვედაიურული	6
ჰყავდა	ორი	5
ჰქონდა	საშუალება	5
ჰქონდა	თავისი	5
ჰქონდა	დებიუტი	5
ჰიტად	იქცა	5
ჰერეთის	ეპარქიას	5
ჰერბერტ	უოლკერ	5
ჰგავს	და	5
ჰანს	კრისტიან	5
ჰავა	ზომიერად	5
ჯორჯ	ჰერბერტ	5
ჯორჯ	ორუელის	5
ჯორჯ	ბუში	5
ჯონი	უილკინსონმა	5
ჯონ	ლენონის	5
ჯონ	კენედის	5
ჯოვანი	ბატისტა	5
ჯინ	გრეი	5
ჯვარი	დაიწერა	5
ჯერჯერობით	უცნობია	5
ჯერჯერობით	არ	5
ჯერ	უფრო	5
ჯერ	ვერ	5
ჯეისონ	ნიუსტედი	5
ჯგუფს	და	5
ჯგუფის	წევრი	5
ჯგუფის	წარმომადგენლები	5
ჯგუფის	ყველაზე	5
ჯგუფის	საკონცერტო	5
ჯგუფის	ბევრი	5
ჯგუფიდან	წასვლის	5
ჯგუფები	და	5
ჯაყოს	ხიზნები	5
ჯაფარიძის	ხელმძღვანელობით	5
ჯარი	გაგზავნა	5
ჯარებმა	დაიკავეს	5
ჯარები	და	5
ჯანმრთელობის	დაზღვევით	5
ჯანლუკა	ძამბროტა	5
ჯანდაცვის	ხარჯების	5
ჯანდაცვის	ეკონომიკა	5
ჯავახეთის	ქედის	5
ჯავახეთის	ქედი	5
ჯავახეთის	ზეგანი	5
ჯაბა	ჯიშკარიანი	5
ხშირი	და	5
ხშირად	სტუმრობდა	5
ხშირად	მოიხსენიება	5
ხშირად	მას	5
ხშირად	ეს	5
ხშირად	დიდი	5
ხუნინის	რეგიონის	5
ხუთი	თვის	5
ხოსე	ფელიქს	5
ხოსე	ანტონიო	5
ხონისა	და	5
ხოლო	შიდა	5
ხოლო	ქალაქის	5
ხოლო	საქართველოს	5
ხოლო	სამხრეთი	5
ხოლო	სამხრეთ	5
ხოლო	როგორც	5
ხოლო	პირველი	5
ხოლო	მეორეში	5
ხოლო	მეორეზე	5
ხოლო	მეოთხე	5
ხოლო	მამა	5
ხოლო	იმავე	5
ხოლო	ზოგი	5
ხოლო	ვინც	5
ხოლო	ეს	5
ხოლო	დანარჩენები	5
ხმელთაშუა	ზღვისა	5
ხის	ფუღუროებში	5
ხიდი	იყო	5
ხერხემლიანი	ცხოველების	5
ხეობაში	და	5
ხელში	ჩაიგდო	5
ხელში	ჩაგდების	5
ხელს	უწყობენ	5
ხელს	უწყობდნენ	5
ხელოვნური	ტბა	5
ხელოვნების	სამეფო	5
ხელოვნების	მუზეუმის	5
ხელოვნების	ისტორიაში	5
ხელოვნება	და	5
ხელნაწერთა	ეროვნულ	5
ხელმისაწვდომი	იყო	5
ხელისუფლების	უმაღლესი	5
ხელისუფლების	მხრიდან	5
ხელისუფლებას	და	5
ხელი	შეუწყოს	5
ხელი	მიჰყო	5
ხელახალი	არჩევნები	5
ხელაიას	სიტყვა	5
ხეთების	სამეფო	5
ხევისბერი	გოჩა	5
ხეები	ან	5
ხედვა	და	5
ხდება	უფრო	5
ხდება	ასე	5
ხაშურის	მუნიციპალიტეტის	5
ხასიათისა	იყო	5
ხასიათი	აქვს	5
ხარისხის	მოსაპოვებლად	5
ხანძრის	დროს	5
ხანია	რაც	5
ხანგრძლივობა	შეადგენს	5
ხალხური	სიმღერები	5
ხალხს	მილიონერი	5
ხალხს	არ	5
ხალხს	ამ	5
ხაზშია	მოთავსებული	5
ხაზს	უსვამდა	5
ჭკვიანი	და	5
ჭვავის	ყანაში	5
წყნარი	და	5
წყნარ	ოკეანეებს	5
წყლის	ორთქლი	5
წყლის	ბალანსის	5
წყაროს	მიხედვით	5
წყაროზე	დაყრდნობით	5
წყაროებში	იხსენიება	5
წყაროებში	არ	5
წყაროების	თანახმად	5
წყალში	და	5
წყალქვეშა	ნავი	5
წყალსა	და	5
წყალი	გამოიყენება	5
წყალბურთში	ქალთა	5
წყალბურთში	ვაჟთა	5
წონა	და	5
წოდება	მიიღო	5
წმინდანი	და	5
წმინდა	სინოდის	5
წმინდა	პავლეს	5
წმიდა	ნინოს	5
წლის	ჩემპიონატის	5
წლის	შემდგომ	5
წლის	უკან	5
წლის	სექტემბრის	5
წლის	საკონცერტო	5
წლის	მარტამდე	5
წლის	იუბილე	5
წლის	ივნისის	5
წლის	იანვრის	5
წლის	იანვარი	5
წლის	დეკემბერი	5
წლის	და	5
წლის	გამოცემაში	5
წლის	ასაკის	5
წლით	დათარიღებული	5
წლიდან	წლამდე	5
წლიდან	შეტანილია	5
წლიდან	ყოველწლიურად	5
წლიდან	მუშაობს	5
წლიდან	მისი	5
წლიდან	იუნესკოს	5
წლიდან	ეწეოდა	5
წლიდან	გამოდის	5
წლიან	კონტრაქტს	5
წლებში	მოღვაწეობდა	5
წლებში	მიაღწია	5
წლებში	მას	5
წლებში	ეს	5
წლამდე	შედიოდა	5
წლამდე	თბილისის	5
წლამდე	არ	5
წინაშე	დააყენა	5
წინააღმდეგობის	მიუხედავად	5
წინააღმდეგობის	გაწევის	5
წინააღმდეგ	მიმართულ	5
წინააღმდეგ	მატჩში	5
წინააღმდეგ	იყენებენ	5
წინააღმდეგ	გამართულ	5
წინა	წლის	5
წინა	ნაწილი	5
წინა	დღეს	5
წინა	გვერდი	5
წინა	აზიაში	5
წინა	აზია	5
წინ	უძღვის	5
წინ	დაიწყო	5
წინ	არ	5
წითელი	წიგნი	5
წითელი	ფერი	5
წითელი	ვარსკვლავის	5
წიგნის	მიხედვით	5
წიგნის	ავტორი	5
წიგნი	გამოიცა	5
წიგნების	თარო	5
წვიმის	და	5
წესის	მიხედვით	5
წესი	და	5
წერილი	და	5
წერდა	ლექსებს	5
წერდა	და	5
წერა	დაიწყო	5
წელს	ცოლად	5
წელს	ცნობილი	5
წელს	ჩატარებულ	5
წელს	ჩატარდა	5
წელს	საფრანგეთი	5
წელს	სამი	5
წელს	როდესაც	5
წელს	პარიზში	5
წელს	ოქროს	5
წელს	მისმა	5
წელს	იქორწინა	5
წელს	ესტუმრა	5
წელს	ეროვნული	5
წელს	დაჯილდოვდა	5
წელს	დატოვა	5
წელს	დაიპყრო	5
წელს	დაიბეჭდა	5
წელს	დავით	5
წელს	გერმანიის	5
წელს	გაწევრიანდა	5
წელს	გაუქმდა	5
წელს	გამოშვებული	5
წელს	გამოქვეყნებული	5
წელს	გამოსული	5
წელს	გავიდა	5
წელს	გაემგზავრა	5
წელს	გადავიდა	5
წელს	გაგრძელდა	5
წელს	აღიკვეცა	5
წელს	არჩეულ	5
წელს	ამერიკის	5
წელს	აგებული	5
წელიწადში	საშუალოდ	5
წელიწადში	დაახლოებით	5
წელი	ცხოვრობდა	5
წელი	კი	5
წელზე	მეტი	5
წევრი	ჰყავს	5
წევრი	ქვეყნების	5
წევრი	სახელმწიფოების	5
წარუმატებელი	იყო	5
წარუმატებელი	გამოდგა	5
წარსულში	ცნობილი	5
წარმოშობის	ტბა	5
წარმოშობა	და	5
წარმომადგენლობითი	ორგანოს	5
წარმომადგენლობითი	ორგანოა	5
წარმოიშვება	მდინარე	5
წარმოიქმნება	მდინარეების	5
წარმოებული	პროდუქციის	5
წარმატებით	სარგებლობდა	5
წარმატებას	ვერ	5
წარმატება	მოიპოვა	5
წარმატება	იქონია	5
წარმართული	კალენდრით	5
წარდგენილი	იქნა	5
ძნელად	თუ	5
ძმებთან	ერთად	5
ძლიერი	სახელმწიფო	5
ძლიერი	გუნდი	5
ძლიერი	გავლენა	5
ძლიერ	და	5
ძირითადი	მიზეზი	5
ძირითადი	დრო	5
ძირითადად	წვიმის	5
ძირითადად	ცნობილია	5
ძირითად	საქმიანობას	5
ძვირფასი	თვლებით	5
ძველი	რომის	5
ძველი	რომაული	5
ძველი	ისტორიული	5
ძველი	ეკლესიის	5
ძველი	გამყინვარების	5
ძველი	აღმოსავლეთის	5
ძველ	უბანში	5
ძაღლის	ჯიში	5
ძალის	გამოყენებით	5
ძალიან	წარმატებული	5
ძალიან	მოკლე	5
ძალიან	მარტივია	5
ძალიან	იშვიათად	5
ძალიან	დიდია	5
ძალზე	მცირე	5
ძალაუფლება	ხელში	5
ძალა	ერთობაშია	5
ცხოვრების	წესის	5
ცხოვრების	დონე	5
ცხოვრების	დიდი	5
ცხოვრების	და	5
ცხოვრების	ბოლო	5
ცხოვრებაში	არ	5
ცხოვრება	არ	5
ცხოველური	საკვებით	5
ცხოველები	არიან	5
ცხინვალის	რეგიონი	5
ცხინვალის	რაიონი	5
ცხენისწყლის	მარცხენა	5
ცხელი	შოკოლადი	5
ცხელი	ზაფხული	5
ცხელი	და	5
ცოცხალი	ორგანიზმების	5
ცოტა	არ	5
ცოლად	ჰყავდა	5
ცოდნასა	და	5
ცოდნა	და	5
ცნობილნი	არიან	5
ცნობილი	წარმომადგენლები	5
ცნობილი	ინგლისელი	5
ცნობილი	არ	5
ცნობილი	ამერიკელი	5
ცნობები	მოგვეპოვება	5
ციხის	ტერიტორიაზე	5
ციხიდან	გაქცევა	5
ციხეში	ჩასვეს	5
ციტრუსოვანი	კულტურები	5
ცივილიზაციის	არქეოლოგიური	5
ცივი	და	5
ცვლილებების	გამო	5
ცვლილება	განიცადა	5
ცეცხლსასროლი	იარაღით	5
ცენტრში	დგას	5
ცენტრში	აღმართულია	5
ცენტრალური	კავკასიონის	5
ცენტრალური	ბანკის	5
ცენტრალურ	ავსტრალიაში	5
ცენტრ	მელბურნიდან	5
ცეკვა	და	5
ცარცული	პერიოდის	5
ცაიშის	საეპისკოპოსო	5
ცაიშის	ეპარქია	5
ჩხოროწყუს	მუნიციპალიტეტი	5
ჩრდილოეთით	მას	5
ჩრდილოეთით	არის	5
ჩრდილოეთი	რეგიონი	5
ჩრდილოეთი	ნახევარსფერო	5
ჩრდილოეთი	ევროპა	5
ჩრდილოეთ	სანაპიროს	5
ჩრდილოეთ	ოსეთში	5
ჩრდილოეთ	კორეაში	5
ჩრდილოეთ	კალთებზე	5
ჩრდილოეთ	ირლანდიის	5
ჩრდილოეთ	აფრიკა	5
ჩრდილოეთ	ამერიკასა	5
ჩრდილო	ნაწილში	5
ჩინეთის	სამხედრო	5
ჩინეთი	და	5
ჩილეს	ტერიტორიაზე	5
ჩილეს	ეროვნული	5
ჩილეს	ანტარქტიკის	5
ჩვენი	საზოგადოების	5
ჩვენი	მწერლობა	5
ჩვენი	მიზანია	5
ჩვენი	ეკლესიის	5
ჩვენთვის	საინტერესო	5
ჩვენამდე	მხოლოდ	5
ჩვენამდე	მოღწეულია	5
ჩვენ	უკვე	5
ჩვენ	რომ	5
ჩვენ	ვიცით	5
ჩეჩნეთის	რესპუბლიკა	5
ჩერნობილის	ატომური	5
ჩემს	მიერ	5
ჩემს	ბლოგზე	5
ჩემპიონატი	ვაჟთა	5
ჩემპიონატი	და	5
ჩემო	ია	5
ჩემი	ბავშვობის	5
ჩემი	აზრი	5
ჩაწერა	და	5
ჩატარებული	კვლევების	5
ჩატარების	განრიგი	5
ჩარტში	იგი	5
ჩანჩქერი	წარმოიშვება	5
ჩანჩქერი	ჩრდილოეთ	5
ჩანს	რომ	5
ჩამოყალიბების	პროცესში	5
ჩამოყალიბდა	როგორც	5
ჩამდინარე	წყლების	5
ჩაიგდო	ხელში	5
ჩავიდნენ	და	5
ჩააბარა	თბილისის	5
შუა	წლებში	5
შუა	საუკუნეებიდან	5
შუა	რიცხვებიდან	5
შუა	პერიოდში	5
შტატის	გუბერნატორი	5
შტატ	კუინზლენდი	5
შრომები	ეძღვნება	5
შორის	ფართობის	5
შორის	მხოლოდ	5
შორის	მომხდარი	5
შორის	მე	5
შორის	კონკურენციის	5
შორის	კავშირის	5
შორის	არსებულ	5
შორის	არსებობდა	5
შიო	მღვიმელი	5
შინაური	ცხოველების	5
შინაგანი	ჯარების	5
შინაგანი	ორგანოების	5
შინაარსის	მიხედვით	5
შინ	და	5
შიდა	სივრცე	5
შიდა	პროდუქტი	5
შიდა	პოლიტიკური	5
შვილებს	შორის	5
შვილები	და	5
შვილებთან	ერთად	5
შვიდი	წლით	5
შვეიცარიის	ქალაქ	5
შვეიცარიის	ეროვნული	5
შეხვედრის	დროს	5
შეხვედრა	გამართა	5
შეხვდნენ	ერთმანეთს	5
შეძლეს	და	5
შექმნის	შესახებ	5
შექმნის	მიზნით	5
შექმნილია	მწერალი	5
შექმნას	და	5
შექმნა	დიდი	5
შეფასებები	მიიღო	5
შეუძლებელია	მისი	5
შეუძლებელია	და	5
შეურაცხყოფა	მიაყენა	5
შეტევით	გარდაიცვალა	5
შეტაკების	დროს	5
შესრულებული	აქვს	5
შესახებ	საქართველოს	5
შესახებ	რომ	5
შესახებ	განცხადება	5
შესაძლებლობა	მისცა	5
შესაძლებელი	იქნებოდა	5
შესარჩევ	ციკლში	5
შესაბამისად	მათი	5
შერლოკ	ჰოლმსის	5
შენობის	შიგნით	5
შენობის	მშენებლობა	5
შენობები	და	5
შენი	ნახვა	5
შენახვის	კანონი	5
შენარჩუნება	და	5
შენაკადია	მდინარე	5
შემცირების	მიზნით	5
შემქმნელები	არიან	5
შემოჭრა	საქართველოში	5
შემოღებული	იქნა	5
შემოქმედის	სამონასტრო	5
შემორჩენილია	შუა	5
შემორჩენილია	ამ	5
შემთხვევის	ადგილზე	5
შემთხვევით	მოხვდა	5
შემთხვევაში	შეიძლება	5
შემდეგი	სიმღერები	5
შემდეგი	პროვინციებით	5
შემდეგი	გვერდი	5
შემდეგ	ჯგუფმა	5
შემდეგ	წმინდა	5
შემდეგ	წლებში	5
შემდეგ	ქვეყანაში	5
შემდეგ	საფრანგეთის	5
შემდეგ	სამეფო	5
შემდეგ	როგორც	5
შემდეგ	რამდენიმე	5
შემდეგ	პირველ	5
შემდეგ	მოდის	5
შემდეგ	იწყება	5
შემდეგ	ეწოდა	5
შემდეგ	გუნდი	5
შემდეგ	გარდაიცვალა	5
შემდეგ	გამოვიდა	5
შემდეგ	გადის	5
შემდეგ	ახალი	5
შემდეგ	აქ	5
შემდეგ	არ	5
შემდგომში	იგი	5
შემდგომში	ამ	5
შემდგომ	წელს	5
შემადგენლობაში	შედიან	5
შეკითხვაში	სიტყვებით	5
შეიძლება	შეიცვალოს	5
შეიძლება	შეიცავდეს	5
შეიძლება	ყოფილიყო	5
შეიძლება	სხვადასხვა	5
შეიძლება	მისი	5
შეიძლება	მივიჩნიოთ	5
შეიძლება	მეტი	5
შეიძლება	ვუწოდოთ	5
შეიძლება	ვინმეს	5
შეიძლება	განვიხილოთ	5
შეიძლება	განვითარდეს	5
შეიძლება	გამოიყოს	5
შეიძლება	ამ	5
შეიცავს	მთრიმლავ	5
შეიყვანეს	იუნესკოს	5
შეიქმნა	დამატებითი	5
შეიქმნა	ახალი	5
შეიტანა	და	5
შეიარაღებულ	ძალებს	5
შეზღუდული	შესაძლებლობების	5
შეზღუდული	იყო	5
შევიდა	ექსპლუატაციაში	5
შეერთებულ	შტატებს	5
შედის	მცირე	5
შედეგი	ადგილი	5
შედეგებს	და	5
შედეგად	მოჰყვა	5
შედეგად	აღმოჩნდა	5
შეგნებულად	არ	5
შარვალი	და	5
შავი	ფერის	5
ყურის	სანაპირო	5
ყურესა	და	5
ყურები	და	5
ყურადღების	გამახვილება	5
ყურადღებას	უთმობს	5
ყურადღება	ეთმობა	5
ყურადღება	დაეთმო	5
ყურადღება	და	5
ყულარის	თემში	5
ყოფისა	და	5
ყოფილი	მეუღლე	5
ყოფილი	იუგოსლავია	5
ყოფილ	საბჭოთა	5
ყომრალ	ნიადაგებზე	5
ყომრალ	და	5
ყოველი	წლის	5
ყოველ	წელიწადს	5
ყოველ	პარასკევს	5
ყოველ	ნაბიჯზე	5
ყინულოვანი	ოკეანის	5
ყვითელი	ბარათი	5
ყველაფერი	კარგი	5
ყველაფერი	არ	5
ყველასათვის	ცნობილი	5
ყველაზე	ძვირფასი	5
ყველაზე	ღირებული	5
ყველაზე	უმცროსი	5
ყველაზე	მეტ	5
ყველაზე	თვალსაჩინო	5
ყველაზე	გავრცელებულ	5
ყველაზე	გავლენიან	5
ყველა	ცოცხალი	5
ყველა	ქვეყნის	5
ყველა	უნდა	5
ყველა	ტიპის	5
ყველა	მხრიდან	5
ყველა	მოქალაქეს	5
ყველა	მიმართულებით	5
ყველა	კუთხეში	5
ყველა	კითხვაზე	5
ყველა	თავისი	5
ყველა	თავის	5
ყელის	ზეგანი	5
ყდაზე	გამოსახულია	5
ყდაზე	გამოსახული	5
ღმერთო	ჩემო	5
ღმერთისა	და	5
ღმერთის	წინაშე	5
ღმერთის	მიერ	5
ღმერთი	არ	5
ღირსების	ორდენი	5
ღია	ყვითელი	5
ღია	ფერისაა	5
ღია	პირველობაზე	5
ღია	მწვანე	5
ღია	კარის	5
ღია	გრუნტში	5
ღვთისმშობელი	და	5
ღვთაება	იყო	5
ღვაწლი	იტვირთა	5
ღერო	და	5
ღამის	სიზმარი	5
ღამის	საათებში	5
ქუჩა	და	5
ქულით	უსწრებდნენ	5
ქუთაისის	კლასიკური	5
ქსნის	საერისთავოს	5
ქრისტიანულ	ეკლესიაში	5
ქრისტეს	შობამდე	5
ქრისტე	გამოეცხადა	5
ქრება	და	5
ქვის	ხანიდან	5
ქვითა	და	5
ქვეშ	მყოფ	5
ქვეყნის	ცენტრში	5
ქვეყნის	უმაღლეს	5
ქვეყნის	სამხრეთ	5
ქვეყნის	პრეზიდენტი	5
ქვეყნის	მოსახლეობას	5
ქვეყნის	მოსახლეობა	5
ქვეყნის	ეროვნული	5
ქვეყნების	სია	5
ქვეყანაში	დაიწყო	5
ქვეყანა	იყო	5
ქვემო	კალიფორნია	5
ქვემო	გერმანიის	5
ქვაზე	არ	5
ქვა	და	5
ქეთევან	დედოფლის	5
ქედის	ჩრდილო	5
ქედის	თხემზე	5
ქაუნთის	ადმინისტრაციული	5
ქართული	ჯარის	5
ქართული	ფილმის	5
ქართული	ფეხბურთის	5
ქართული	უნივერსიტეტის	5
ქართული	სათავადაზნაურო	5
ქართული	მწერლობის	5
ქართული	ლიტერატურა	5
ქართული	დრამატული	5
ქართული	გაზეთი	5
ქართულ	ხელნაწერთა	5
ქართლის	ცხოვრებაში	5
ქართლის	ვაკე	5
ქართველი	ფერმწერი	5
ქართველი	პოლიტიკური	5
ქართველი	კინორეჟისორი	5
ქართველები	და	5
ქართველ	ტრადიციონალისტთა	5
ქართველ	მეფეთა	5
ქაოსი	და	5
ქალთა	საჭადრაკო	5
ქალები	და	5
ქალაქის	ძველი	5
ქალაქის	ფარგლებში	5
ქალაქის	მახლობლად	5
ქალაქის	დაარსების	5
ქალაქი	სომხეთი	5
ქალაქი	მექსიკაში	5
ქალაქი	იტალიაში	5
ქალაქი	დააარსეს	5
ქალაქი	დააარსა	5
ქალაქი	გრანადა	5
ქალაქი	ბრაზილიაში	5
ქალაქებში	და	5
ქალაქ	ტრუხილიო	5
ქალაქ	კუსკოს	5
ფუნტი	სტერლინგი	5
ფულს	და	5
ფრუტო	ჩამორო	5
ფრთისებრი	ფოთლები	5
ფრანჩესკო	ტოტი	5
ფრანგულად	და	5
ფრანგულ	ენებზე	5
ფრანგულ	ენაზე	5
ფორტეპიანოზე	დაკვრას	5
ფორმულა	ერთი	5
ფორმის	მიხედვით	5
ფორმათა	წარმოების	5
ფორმა	შეიძლება	5
ფოთლოვან	და	5
ფოთლები	აქვთ	5
ფლორისა	და	5
ფიჭვის	ტყეები	5
ფიქრი	და	5
ფირნის	ხაზი	5
ფინიშის	ხაზი	5
ფინანსური	დახმარება	5
ფინალში	გაიყვანა	5
ფინალური	მატჩის	5
ფინალურ	ტურნირში	5
ფილტვების	ანთებით	5
ფილმში	ნაჩვენებია	5
ფილმის	სცენარი	5
ფილმი	ჯეიმზ	5
ფილმი	წარდგენილი	5
ფილმი	ეხება	5
ფილმი	ასევე	5
ფილიპო	ინძაგი	5
ფიზიკური	თვისებები	5
ფეხბურთის	თამაში	5
ფეხბურთის	ასოციაცია	5
ფერწერული	ტილოები	5
ფეროშენადნობთა	ქარხნის	5
ფეოდალურ	საქართველოში	5
ფეოდალურ	საგვარეულოს	5
ფენტეზის	ჟანრის	5
ფედერაციის	პრეზიდენტი	5
ფედერალური	ოლქი	5
ფედერალური	და	5
ფაშისტური	პარტია	5
ფაქტი	იყო	5
ფაქტი	და	5
ფაქტი	არ	5
ფართოდ	გამოიყენებოდა	5
ფარდობითობის	თეორია	5
ფაბიო	კანავარო	5
უჯრედი	შეიცავს	5
უწყობდა	ხელს	5
უწოდებენ	და	5
უძველესი	ქალაქი	5
უცხო	ქვეყანაში	5
უცხო	სიტყვათა	5
უშედეგოდ	დასრულდა	5
უფროსი	შვილი	5
უფროსი	ასაკის	5
უფრო	ხანგრძლივი	5
უფრო	წვრილი	5
უფრო	ძლიერდებოდა	5
უფრო	ცოტა	5
უფრო	სწორედ	5
უფრო	სრულყოფილი	5
უფრო	რთულ	5
უფრო	მტკიცე	5
უფრო	ლამაზი	5
უფრო	კონკრეტულად	5
უფრო	კარგად	5
უფრო	იზრდებოდა	5
უფრო	თბილი	5
უფრო	ვრცლად	5
უფრო	ვიწრო	5
უფრო	ადვილია	5
უფლებების	დარღვევის	5
უფლებას	არ	5
უფლება	მოქმედებს	5
უსვამს	ხაზს	5
ურის	მესამე	5
ურთიერთობის	შესახებ	5
ურთიერთობები	და	5
ურთიერთობა	იყო	5
უპირატესობას	ანიჭებს	5
უოტერსი	და	5
უნივერსიტეტში	სწავლის	5
უნივერსიტეტის	ფილოსოფიის	5
უნივერსიტეტის	რექტორი	5
უნივერსიტეტის	იურიდიულ	5
უნდა	წაიკითხო	5
უნდა	ჩატარდეს	5
უნდა	შეასრულოს	5
უნდა	მომდინარეობდეს	5
უნდა	იყო	5
უნდა	ვთქვა	5
უნდა	ემყარებოდეს	5
უნდა	ეთქვა	5
უნდა	დადგეს	5
უნდა	გითხრათ	5
უნარი	და	5
უმცროსი	ვაჟი	5
უმრავლესობა	კი	5
უმნიშვნელო	რაოდენობით	5
უმაღლესი	ჯილდო	5
უმაღლესი	სასწავლებელი	5
უმაღლეს	დონეზე	5
უკმარისობის	გამო	5
უკიდურეს	სამხრეთში	5
უკიდურეს	სამხრეთ	5
უკვე	სამი	5
უკვე	საკმაოდ	5
უკვე	მის	5
უკვე	მეორედ	5
უკვე	კარგად	5
უკვე	აღვნიშნეთ	5
უკვე	ამ	5
უკანასკნელი	ორი	5
უკანასკნელი	ალბომი	5
უკანა	ფეხები	5
უკანა	მხარეს	5
უკანა	კიდურები	5
უკან	დაბრუნდა	5
უკან	და	5
უკან	არ	5
უთანხმოების	გამო	5
უზრუნველყოფილი	იყოს	5
უეფას	ჩემპიონთა	5
უდიდესია	მსოფლიოში	5
უდიდესი	მდინარე	5
უდიდეს	როლს	5
უდიდეს	გავლენას	5
უბრალო	ხალხს	5
უახლესი	ისტორიის	5
უაღრესად	დიდი	5
უარყოფით	გავლენას	5
უარს	არ	5
ტყეში	და	5
ტყეებისა	და	5
ტურნეს	ფარგლებში	5
ტურისტებს	შორის	5
ტურის	აპელაციის	5
ტრიუმფით	დაბრუნდა	5
ტრინიდადი	და	5
ტრეტიაკოვის	გალერეა	5
ტრაპიზონის	იმპერიის	5
ტორესის	სრუტის	5
ტონი	ბენკსი	5
ტოლს	არ	5
ტოლკინის	მიერ	5
ტიტულს	ატარებდა	5
ტიტულის	შენარჩუნება	5
ტიტიკაკას	ტბის	5
ტიბეტური	ენა	5
ტეხურის	მარჯვენა	5
ტერიტორიაზე	რამდენიმე	5
ტერიტორიაზე	პირველი	5
ტერიტორიაზე	მდებარე	5
ტერიტორიაზე	აღმოჩენილია	5
ტერიტორია	წარმოადგენს	5
ტერიტორია	შედიოდა	5
ტერიტორია	მსოფლიო	5
ტერიტორია	იყო	5
ტერიტორია	დასახლებული	5
ტენიან	ტყეებში	5
ტენიან	ადგილებში	5
ტემპორალური	წილის	5
ტბის	სამხრეთ	5
ტბებს	შორის	5
ტბაში	მდებარეობს	5
ტაძრისა	და	5
ტაძრის	გუმბათი	5
ტაძარში	დაკრძალეს	5
ტაძარი	მდებარეობს	5
ტაძარი	აგებულია	5
ტასმანიის	ზღვის	5
ტარკვინიუს	სუპერბუსი	5
ტანად	დიდი	5
ტალღური	ფუნქცია	5
ტალღის	სიგრძე	5
სხვები	კი	5
სხვადასხვა	ქალაქში	5
სხვადასხვა	ფორმისა	5
სხვადასხვა	პოლიტიკური	5
სხვადასხვა	ისტორიული	5
სხვადასხვა	ენებზე	5
სხვადასხვა	დროის	5
სხვადასხვა	დანიშნულების	5
სხვადასხვა	ადგილებში	5
სხვა	წევრებს	5
სხვა	შემთხვევებში	5
სხვა	ქალაქში	5
სხვა	ქალაქები	5
სხვა	ფაზაში	5
სხვა	სახელმწიფოების	5
სხვა	საბადოები	5
სხვა	რომელიმე	5
სხვა	ორდენითა	5
სხვა	ორდენით	5
სხვა	ნივთიერებებს	5
სხვა	მრავალ	5
სხვა	მასალისაგან	5
სხვა	ეროვნების	5
სხვა	დიდი	5
სხვა	დიდ	5
სხეულის	ყველა	5
სხეული	შედგება	5
სწრაფი	ტემპებით	5
სწრაფი	და	5
სწრაფად	და	5
სწრაფად	განვითარდა	5
სწრაფად	გავრცელდა	5
სწორი	პასუხი	5
სწორედ	იქ	5
სწორედ	ასეთ	5
სწავლობდა	მოსკოვის	5
სცენაზე	და	5
სქესობრივად	მწიფდება	5
სუსტი	და	5
სურვილის	შემთხვევაში	5
სულისა	და	5
სულიერი	ცხოვრების	5
სულ	ხუთი	5
სულ	ეს	5
სუბტროპიკული	ჰავა	5
სუბტროპიკულ	სარტყელში	5
სუბალპური	მდელოები	5
სტუდიური	დისკი	5
სტუდიაში	და	5
სტუდენტობის	წლებში	5
სტრუქტურის	შესახებ	5
სტივენ	ჯერარდი	5
სტივ	ჯობსი	5
სტენ	ლი	5
სტატუსი	არ	5
სტატიის	ავტორი	5
სსრკ	უმაღლესი	5
სსრკ	მინისტრთა	5
სრულუფლებიანი	ელჩი	5
სრულმეტრაჟიან	ფილმში	5
სრულიად	რუსეთის	5
სრულიად	განსხვავებული	5
სრულიად	განსხვავებულ	5
სრულიად	არ	5
სრულდებოდა	ჯგუფის	5
სპორტული	სტადიონი	5
სპორტის	სახეობა	5
სპორტის	სასახლეში	5
სპეციალისტების	მიერ	5
სოჭის	ოლქში	5
სოციალური	პრობლემები	5
სოციალურ	ქსელებში	5
სოციალისტურ	რესპუბლიკაში	5
სოფლის	მოსახლეობის	5
სოფლის	თავში	5
სოფელში	მოქმედებს	5
სოფელში	აღმოჩენილია	5
სოფელი	ყაზბეგის	5
სოფელი	ქედის	5
სოფელი	მდებარეობს	5
სოფელი	იყო	5
სოფელი	გორის	5
სოფელ	ზემო	5
სოსო	მანჯავიძე	5
სომხური	ჯარის	5
სომხეთის	სურათების	5
სომხეთის	საგარეო	5
სომხეთის	რესპუბლიკის	5
სომხეთის	მთავრობის	5
სომხეთის	ისტორიის	5
სომხეთის	დემოკრატიული	5
სომეხი	ლტოლვილების	5
სომეხ	ლტოლვილთა	5
სოზარ	სუბარმა	5
სკუადრა	აძურას	5
სკოტი	და	5
სკოლის	შენობაში	5
სკოლაში	სწავლობდა	5
სკანდინავიის	ნახევარკუნძული	5
სიხარული	და	5
სიჭაბუკე	და	5
სიცოცხლე	შეიწირა	5
სიცოცხლე	და	5
სიყვარულსა	და	5
სიყვარულს	და	5
სიყვარულის	ისტორია	5
სიყვარულით	და	5
სიტყვები	და	5
სიტყვა	თქვენს	5
სისტემის	შექმნა	5
სისტემა	შედგება	5
სინგლების	ჩარტი	5
სინათლის	მოყვარულია	5
სინათლის	მოყვარული	5
სიმწიფეს	აღწევს	5
სიმღერების	ტექსტების	5
სიმღერა	დაიწერა	5
სიმღერა	არის	5
სიმფონიურ	ორკესტრთან	5
სიმინდი	და	5
სიმბოლურ	ნაკრებში	5
სიმბოლო	იყო	5
სილოვან	ხუნდაძე	5
სილამაზის	კონკურსი	5
სიკვდილსა	და	5
სიკვდილის	შემდგომ	5
სითბოს	მოყვარულია	5
სივრცე	და	5
სიდ	ბარეტი	5
სიგრძის	სხეული	5
სიგრძე	და	5
სიგანე	კი	5
სიახლოვეს	მდებარე	5
სიახლის	აღწერა	5
სიაში	შევიდა	5
სვანეთის	ქედი	5
სვანეთის	სამხარეო	5
სვანეთის	კავკასიონზე	5
სექტემბრის	ტერაქტის	5
სერიული	მკვლელი	5
სერბული	ენა	5
სეიდი	ნასრულა	5
სეზონის	განმავლობაში	5
სეზონი	შეიცავს	5
საჯარო	სამართლის	5
სახლები	და	5
სახით	გამოიცა	5
სახით	არის	5
სახეს	და	5
სახეობის	ცხოველი	5
სახეობის	მცენარე	5
სახეობის	თევზი	5
სახელშეკრულებო	ურთიერთობების	5
სახელობის	საერთაშორისო	5
სახელობის	თეატრის	5
სახელობის	დრამატული	5
სახელობის	დარბაზული	5
სახელმწიფოს	შექმნის	5
სახელმწიფოს	მხრიდან	5
სახელმწიფოს	და	5
სახელმწიფოს	არ	5
სახელმწიფოებრივი	და	5
სახელმწიფო	ცენტრალური	5
სახელმწიფო	პრემიების	5
სახელმწიფო	პედაგოგიური	5
სახელმწიფო	ზოგადსაგანმანათლებლო	5
სახელმწიფო	დრამატული	5
სახელმწიფო	დრამატულ	5
სახელმწიფო	ანსამბლი	5
სახელი	ჰქვია	5
სახელი	უწოდეს	5
სახელი	დაარქვა	5
სახალხო	მხატვარი	5
სახალხო	კომისარი	5
სახალხო	კომისართა	5
სახალხო	დღესასწაული	5
სახალხო	გვარდიის	5
სახალხო	აჯანყების	5
საჭმელად	იხმარება	5
საჭიროა	მისი	5
საჭირო	შეიქმნა	5
საჭირო	ინფორმაციის	5
საცხოვრებელი	სახლის	5
საშუალო	ხარჯი	5
საშუალო	სიმაღლის	5
საშუალო	პროფესიული	5
საშუალება	მიეცათ	5
საშუალება	მიეცა	5
საშუალება	იყო	5
საშიშროებას	წარმოადგენს	5
საშინაო	მოედანი	5
საყოველთაოდ	მოიაზრება	5
საღებავ	ნივთიერებებს	5
საღარაძე	გარდაიცვალა	5
საქმიანობის	შედეგად	5
საქმიანობას	წარმოადგენს	5
საქმეში	დიდი	5
საქმეთა	სამინისტრომ	5
საქართველოში	უნდა	5
საქართველოში	მოღვაწე	5
საქართველოში	იყო	5
საქართველოში	დღეს	5
საქართველოში	ბინადრობს	5
საქართველოში	არ	5
საქართველოს	ცენტრალურ	5
საქართველოს	ყოფილი	5
საქართველოს	ყველაზე	5
საქართველოს	ფეხბურთის	5
საქართველოს	ფარგლებს	5
საქართველოს	საისტორიო	5
საქართველოს	საგანგებო	5
საქართველოს	რუსეთის	5
საქართველოს	ჟურნალისტთა	5
საქართველოს	პოლიტიკურ	5
საქართველოს	პარლამენტმა	5
საქართველოს	მეფე	5
საქართველოს	კპ	5
საქართველოს	კომუნისტური	5
საქართველოს	კანონი	5
საქართველოს	ინდუსტრიული	5
საქართველოს	დიდი	5
საქართველოს	დამოუკიდებლობა	5
საქართველოს	გეოგრაფიული	5
საქართველოს	განათლებისა	5
საქართველოს	განათლების	5
საფუძველს	წარმოადგენს	5
საფრანგეთის	მეფეების	5
საფრანგეთის	და	5
საფრანგეთის	არმიის	5
საფრანგეთი	და	5
საფეხბურთო	კლუბის	5
საფეხბურთო	თასი	5
საუკუნეთა	განმავლობაში	5
საუკუნეების	ციხესიმაგრე	5
საუკეთესო	სიმღერა	5
საუკეთესო	პერფორმანსი	5
საუკეთესო	ნიმუშია	5
საუკეთესო	ნიმუშები	5
საუკეთესო	მოთამაშე	5
საუკეთესო	იყო	5
საუბრობენ	ქართული	5
სატურნირო	ცხრილში	5
სატრანსპორტო	და	5
სატახტო	ქალაქი	5
სასწავლო	დაწესებულება	5
სასწავლო	და	5
სასცენო	სახელით	5
სასულიერო	სემინარიის	5
სასულიერო	სასწავლებელში	5
სასულიერო	აკადემია	5
სასამართლოს	მიერ	5
სასამართლო	სხდომაზე	5
სასამართლო	პროცესის	5
სასამართლო	პროცესები	5
სარკმელია	გაჭრილი	5
სარეჟისორო	ფაკულტეტი	5
სარაჯიშვილის	სახელობის	5
საპყრობილეში	ჩააგდეს	5
საპროცესო	შეთანხმების	5
საპროტესტო	აქციები	5
საპრიზო	ადგილებისათვის	5
საპრეზიდენტო	არჩევნებზე	5
საპორტო	ქალაქ	5
საპატრიარქო	ტაძარში	5
საპა	ინკა	5
საოპერო	და	5
სანტოს	სელაიას	5
სანახავი	ფილმები	5
სანაპირო	ხაზის	5
სანაპირო	ხაზი	5
სანაპირო	ზოლს	5
სანამ	ეს	5
სანამ	ამ	5
სამხრეთში	და	5
სამხრეთის	მიმართულებით	5
სამხრეთითა	და	5
სამხრეთით	არის	5
სამხრეთი	რეგიონი	5
სამხრეთი	ოსეთი	5
სამხრეთი	ნახევარსფერო	5
სამხრეთი	ამერიკის	5
სამხრეთ	სინაი	5
სამხრეთ	საქართველოს	5
სამხრეთ	კედელში	5
სამხრეთ	კავკასიაში	5
სამხრეთ	აღმოსავლეთით	5
სამხრეთ	ამერიკას	5
სამხრეთ	აზიის	5
სამხედრო	ხელოვნების	5
სამხედრო	წოდება	5
სამხედრო	ძალას	5
სამხედრო	სასწავლებელში	5
სამხედრო	სამსახურის	5
სამხედრო	საბჭომ	5
სამხედრო	საბჭო	5
სამხედრო	ოლქები	5
სამხედრო	მოქმედებები	5
სამხედრო	კარიერა	5
სამხედრო	გზაზე	5
სამხედრო	განათლება	5
სამხედრო	აკადემიაში	5
სამშობლოში	დაბრუნება	5
სამშობლოს	მოღალატე	5
სამშვიდობო	ხელშეკრულებას	5
სამონასტრო	კომპლექსის	5
სამმართველოს	უფროსის	5
სამკურნალო	ფაკულტეტის	5
სამკურნალო	და	5
სამკაული	და	5
სამი	ხაზი	5
სამი	ძმა	5
სამი	ქულა	5
სამი	ნაწილისგან	5
სამი	ათასი	5
სამეცნიერო	შრომა	5
სამეცნიერო	საზოგადოების	5
სამეცნიერო	ბიბლიოთეკა	5
სამეფოსა	საქართველოსა	5
სამეფოს	მეფე	5
სამეფოს	გაუქმების	5
სამეფო	ხელისუფლება	5
სამეფო	უბნის	5
სამეფო	სასახლე	5
სამედიცინო	უნივერსიტეტი	5
სამედიცინო	აკადემია	5
სამგორის	სარწყავი	5
სამაგისტრო	და	5
სამ	ტურში	5
სამ	თვეში	5
სალიტერატურო	ენა	5
საკურთხევლის	კუთხეებსა	5
საკუთარი	ძალებით	5
საკუთარი	შესაძლებლობების	5
საკუთარი	სახელის	5
საკუთარი	მოქალაქეების	5
საკუთარი	თვალით	5
საკუთარი	აზრის	5
საკუთარ	კედლებში	5
საკონცერტო	ტურზე	5
საკონცერტო	დარბაზის	5
საკონსტიტუციო	სასამართლო	5
საკმარისი	იყო	5
საკმაოდ	ძნელია	5
საკმაოდ	ცნობილი	5
საკმაოდ	ღრმა	5
საკმაოდ	ფართო	5
საკმაოდ	პოპულარულია	5
საკმაოდ	პოპულარული	5
საკმაოდ	მოზრდილი	5
საკმაოდ	მდიდარი	5
საკმაოდ	მაღალ	5
საკმაოდ	კარგი	5
საკითხთა	კომისია	5
საკითხების	შესახებ	5
საკვები	პროდუქტი	5
საკანონმდებლო	და	5
საკანდიდატო	და	5
საისტორიო	და	5
საილენტ	ჰილში	5
საილენტ	ჰილი	5
სათავეში	უდგას	5
სათავეში	იდგა	5
სათავეში	ედგნენ	5
სათავეში	და	5
სათავე	დაუდო	5
სათავადაზნაურო	გიმნაზია	5
საზღვარი	არ	5
საზოგადოებრივი	მაუწყებელი	5
საზოგადოებრივ	მოღვაწეობას	5
საზოგადოების	წინაშე	5
საზოგადოების	შეცდომაში	5
საზოგადოების	დიდი	5
საზოგადოების	და	5
საზოგადო	მოღვაწეები	5
საზავო	ხელშეკრულების	5
საერთოდ	აღარ	5
საერთო	ფართობით	5
საერთო	სახელწოდება	5
საერთო	არაფერი	5
საერთაშორისო	ურთიერთობებში	5
საერთაშორისო	სასამართლოს	5
საერთაშორისო	სამართალი	5
საერთაშორისო	საზოგადოებას	5
საერთაშორისო	კონფერენცია	5
საერთაშორისო	ასოციაციის	5
საერთაშორისო	არენაზე	5
საეპისკოპოსო	კათედრა	5
სადაც	წარმოდგენილია	5
სადაც	ყველა	5
სადაც	რამდენიმე	5
სადაც	პირველად	5
სადაც	მხოლოდ	5
სადაც	თავს	5
სადაც	თავის	5
სადაც	დაამთავრა	5
სადაც	განლაგებულია	5
სადაც	განვითარებულია	5
სადაც	გაიცნო	5
სადაც	ბევრი	5
სადაც	არის	5
სადაც	ამჟამად	5
სადაც	ადრე	5
სადაზღვევო	ფონდების	5
სადაბო	მდებარეობს	5
სად	და	5
საგარეჯოს	რაიონი	5
საბჯენი	თაღი	5
საბჯენი	თაღები	5
საბჭოს	თავმჯდომარედ	5
საბჭოს	თავმჯდომარეა	5
საბჭომ	მიიღო	5
საბჭოთა	ჯარების	5
საბჭოთა	სოციალისტურ	5
საბჭოთა	სახელმწიფო	5
საბჭოთა	სამხედრო	5
საბჭოთა	რუსეთთან	5
საბჭოთა	რესპუბლიკის	5
საბჭოთა	რესპუბლიკა	5
საბჭოთა	პოლიტიკოსი	5
საბჭოთა	პერიოდის	5
საბჭოთა	მმართველობის	5
საბჭოთა	კავშირიდან	5
საბოლოოდ	დაამარცხა	5
საბოლოო	სახე	5
საბაზრო	ეკონომიკა	5
საარჩევნო	სისტემა	5
სააპელაციო	სასამართლო	5
სააკაშვილის	რეჟიმის	5
სააკაშვილის	მიერ	5
საავტომობილო	გზის	5
ს	შორის	5
ს	შეადგენდა	5
რუსული	ხალხური	5
რუსი	მწერალი	5
რუსთავისა	და	5
რუსთაველის	თეატრისა	5
რუსეთის	ჯარების	5
რუსეთის	ფედერაციაში	5
რუსეთის	ფედერაციამ	5
რუსეთის	ტერიტორიაზე	5
რუსეთის	სახელმწიფო	5
რუსეთის	საიმპერატორო	5
რუსეთის	მთავრობის	5
რუსეთის	მეფის	5
რუსეთის	იმპერიას	5
რუსეთის	ევროპულ	5
როცა	ერთი	5
როსტომ	მეფის	5
რომულუსი	და	5
რომლის	წევრებიც	5
რომლის	ძალით	5
რომლის	ყველა	5
რომლის	ქვეშ	5
რომლის	სიგრძეა	5
რომლის	საშუალებით	5
რომლის	სათავეში	5
რომლის	დანიშნულებაა	5
რომლის	განმავლობაშიც	5
რომლებსაც	ეს	5
რომლებიც	წარმოადგენენ	5
რომლებიც	მოგვიანებით	5
რომლებიც	ერთმანეთისაგან	5
რომლებიც	ერთმანეთთან	5
რომლებიც	აქ	5
რომლებიც	არიან	5
რომლებიც	ადრე	5
რომის	პროვინცია	5
რომის	იმპერატორის	5
რომელშიც	ძირითადად	5
რომელშიც	შედიოდნენ	5
რომელშიც	ის	5
რომელსაც	ხელმძღვანელობდა	5
რომელსაც	საქართველოს	5
რომელსაც	მოგვიანებით	5
რომელსაც	ირჩევს	5
რომელსაც	არასოდეს	5
რომელსაც	ამ	5
რომელმაც	მის	5
რომელმაც	ის	5
რომელიც	ძვ	5
რომელიც	ცნობილი	5
რომელიც	ჩვეულებრივ	5
რომელიც	შექმნილია	5
რომელიც	შექმნა	5
რომელიც	შემოსაზღვრულია	5
რომელიც	შეიქმნა	5
რომელიც	შედგებოდა	5
რომელიც	ქმნის	5
რომელიც	ქვეყნის	5
რომელიც	სრულიად	5
რომელიც	რომის	5
რომელიც	როგორც	5
რომელიც	ოფიციალურად	5
რომელიც	მუდამ	5
რომელიც	მსოფლიო	5
რომელიც	მიმდინარეობდა	5
რომელიც	მიიღება	5
რომელიც	მაშინ	5
რომელიც	მასთან	5
რომელიც	კარგად	5
რომელიც	იუნესკოს	5
რომელიც	ინდოეთის	5
რომელიც	თითქოს	5
რომელიც	ზოგჯერ	5
რომელიც	ვრცელდება	5
რომელიც	ეკუთვნის	5
რომელიც	დღესდღეობით	5
რომელიც	დიდ	5
რომელიც	გარშემორტყმულია	5
რომელიც	განკუთვნილია	5
რომელიც	ახორციელებს	5
რომელიც	აქ	5
რომელიც	აუცილებელია	5
რომელიც	ამბობს	5
რომელიც	ამავდროულად	5
რომელიც	აერთიანებს	5
რომელიც	ადამიანს	5
რომელიც	ადამიანის	5
რომელთაც	სურდათ	5
რომელთაგან	საქართველოში	5
რომელთაგან	აღსანიშნავია	5
რომელთა	შესახებ	5
რომელთა	უმეტესობა	5
რომელთა	სიგრძე	5
რომელთა	ნაწილი	5
რომელზეც	გამოსახულია	5
რომ	ჰქონდეს	5
რომ	ხელისუფლების	5
რომ	წინა	5
რომ	ძველ	5
რომ	ჩემთვის	5
რომ	შესაძლოა	5
რომ	ქრისტეს	5
რომ	ქვეყანა	5
რომ	ქართველები	5
რომ	ქალაქის	5
რომ	სიტყვა	5
რომ	საქმე	5
რომ	საბჭოთა	5
რომ	რომი	5
რომ	პირველად	5
რომ	მრავალი	5
რომ	მომავალი	5
რომ	მეფის	5
რომ	მასთან	5
რომ	მართლა	5
რომ	მანამდე	5
რომ	მათში	5
რომ	თავს	5
რომ	ვინმემ	5
რომ	ეკლესია	5
რომ	დაიწყო	5
რომ	გაიგო	5
რომ	ბიძინა	5
რომ	ბავშვი	5
რომ	აშშ	5
როლინგ	სტოუნმა	5
როლი	ითამაშეს	5
როდესაც	პირველად	5
როდესაც	მთელი	5
როდესაც	მე	5
როდესაც	ახალი	5
როგორც	ჩვენ	5
როგორც	შემდეგ	5
როგორც	სამხრეთ	5
როგორც	მცირე	5
როგორც	მოგეხსენებათ	5
როგორც	მთლიანად	5
როგორც	კარგი	5
როგორც	თვით	5
როგორც	თანამედროვე	5
როგორც	თავისუფალი	5
როგორც	ვიცით	5
როგორც	დასავლეთ	5
როგორც	გაირკვა	5
როგორც	ახალი	5
როგორც	ახალგაზრდა	5
როგორც	აღმოჩნდა	5
როგორი	იქნება	5
როგორ	ხდება	5
როგორ	მოხდა	5
როგორ	და	5
რობერტო	ბაჯო	5
რობერტ	პილი	5
რკინიგზის	სადგურ	5
რიყის	ქვა	5
რისკის	ქვეშ	5
რითაც	ის	5
რიგში	კი	5
რიგით	მეექვსე	5
რესპუბლიკური	პარტიიდან	5
რესპუბლიკური	მმართველობის	5
რესპუბლიკის	პერიოდში	5
რესპუბლიკის	მთავრობას	5
რესპუბლიკის	კონსტიტუცია	5
რესპუბლიკას	შორის	5
რელიგიური	საზოგადოება	5
რელიგიისა	და	5
რელიგია	და	5
რეკორდი	დაამყარა	5
რეიეს	სინდრომის	5
რევოლუციურ	მოძრაობაში	5
რევოლუციისა	და	5
რეგიონის	პროვინცია	5
რეგიონის	დედაქალაქი	5
რეგიონი	და	5
რეგიონებს	შორის	5
რეგიონების	მიხედვით	5
რაც	წარმოადგენს	5
რაც	ქვეყნის	5
რაც	უკვე	5
რაც	საბოლოო	5
რაც	მოხდა	5
რაც	მთელი	5
რაც	იმის	5
რაც	იმაზე	5
რაც	იგი	5
რაც	ეს	5
რაც	გამოწვეული	5
რაც	აქ	5
რატომ	და	5
რასაც	ხელი	5
რასაც	ჩვენ	5
რასაც	მოწმობს	5
რას	ფიქრობთ	5
რაჟდენ	არსენიძე	5
რაოდენობის	შემცირება	5
რაოდენობით	არის	5
რაოდენობა	შეადგენდა	5
რაოდენობა	განისაზღვრება	5
რაოდენობა	არის	5
რამდენჯერმე	იყო	5
რამდენიმე	წარუმატებელი	5
რამდენიმე	საერთაშორისო	5
რამდენიმე	საათში	5
რამდენიმე	მსხვილი	5
რამდენიმე	ისტორიული	5
რამდენიმე	თვით	5
რამდენიმე	თვე	5
რამდენიმე	ვერსია	5
რამდენი	ხანი	5
რამდენადაც	ეს	5
რამაც	მნიშვნელოვნად	5
რამაც	იგი	5
რამაც	დიდი	5
რამ	მაინც	5
რაიონის	სოფ	5
რაიონი	იყო	5
რათა	თავისი	5
რადიო	თავისუფლება	5
რადგანაც	მათ	5
რადგან	მხოლოდ	5
რადგან	მე	5
რადგან	თუ	5
რადგან	ერთი	5
რადგან	დიდი	5
რადგან	ასეთი	5
რა	რეაქცია	5
რა	მოხდება	5
რა	და	5
რა	გეშველებათ	5
ჟღერადობა	და	5
ჟურნალმა	როლინგ	5
ჟურნალისტიკის	ფაკულტეტი	5
ჟორჟ	სანდი	5
ჟინვალის	სადაბო	5
ჟან	დ	5
პუნოს	რეგიონის	5
პუნიკური	ომი	5
პროფესორის	წოდება	5
პროფესორი	იყო	5
პროვინციის	მთავარ	5
პროვინციის	დასავლეთ	5
პროვინციაში	მდებარეობს	5
პროვინციასა	და	5
პროვინციას	აღმოსავლეთით	5
პროვინცია	შეიქმნა	5
პროექტის	მიხედვით	5
პროდიუსერები	არიან	5
პროგრესული	როკის	5
პროგრამა	და	5
პრობლემის	გადასაჭრელად	5
პრობაციისა	და	5
პრინციპების	მიხედვით	5
პრინსტონის	უნივერსიტეტის	5
პრიმო	დე	5
პრემია	დაიმსახურა	5
პრეზიდენტს	და	5
პრეზიდენტმა	მიხეილ	5
პრეზიდენტის	ზვიად	5
პრეზიდენტი	სააკაშვილი	5
პოსტზე	შეცვალა	5
პორტუგალიის	მეფე	5
პომპეუს	მაგნუსი	5
პოლონეთის	მეორე	5
პოლონეთი	და	5
პოლიციის	უფროსის	5
პოლიცია	და	5
პოლიტიკური	ძალაუფლება	5
პოლიტიკური	ძალა	5
პოლიტიკური	ცხოვრების	5
პოლიტიკური	სისტემის	5
პოლიტიკური	მოძრაობის	5
პოლიტიკისა	და	5
პოლიტიკის	და	5
პოლიტიკის	გატარება	5
პოლიტექნიკურ	ინსტიტუტში	5
პოლიბიუსის	თანახმად	5
პოზიტიური	იქნება	5
პიტერ	გებრიელის	5
პიტერ	გებრიელი	5
პირიქითი	ალაზნის	5
პირისა	და	5
პირი	იყო	5
პირველი	ხუთი	5
პირველი	ხაზის	5
პირველი	შეხვედრები	5
პირველი	ტურის	5
პირველი	სიმღერა	5
პირველი	საეკლესიო	5
პირველი	პუნიკური	5
პირველი	ომი	5
პირველი	ნაწილის	5
პირველი	ნაწარმოები	5
პირველი	მოთხრობა	5
პირველი	მარცხი	5
პირველი	კონცერტი	5
პირველი	დასახლება	5
პირველი	ასეთი	5
პირველი	ადამიანი	5
პირველად	შესრულდა	5
პირველად	იგი	5
პირველად	გამოიცა	5
პირველად	ამ	5
პირველ	ხანებში	5
პირველ	შემთხვევაში	5
პირველ	დღეს	5
პირველ	დივიზიონში	5
პირველ	დაფაზე	5
პირველ	ადგილს	5
პირების	მიერ	5
პირას	მყოფი	5
პირადი	და	5
პეტრეს	ძე	5
პეტრეს	ტაძარი	5
პეტრე	ჩაიკოვსკის	5
პეტრე	ჩაიკოვსკი	5
პერსპექტივა	არ	5
პერსონაჟი	ჯ	5
პერსონალური	გამოფენა	5
პერიოდში	შეიქმნა	5
პერიოდში	ქალაქის	5
პერიოდში	მას	5
პერიოდში	არ	5
პერიოდულ	პრესაში	5
პერიოდის	მესამე	5
პერ	ლაშეზის	5
პენალტების	სერია	5
პატივისცემის	ნიშნად	5
პატარა	ქალაქში	5
პატარა	იყო	5
პატარა	ბიჭი	5
პასუხი	გასცა	5
პარტიის	რიგებიდან	5
პარტია	საქართველოში	5
პარლამენტი	და	5
პარკში	არსებული	5
პარკის	მთავარი	5
პარინაკოტის	რეგიონში	5
პარალელურ	სამყაროში	5
პაპუა	ახალი	5
ოჯახში	შემავალი	5
ოჯახის	წევრებმა	5
ოჯახის	უფროსი	5
ოღონდ	ეს	5
ოქტომბერს	მან	5
ოქროს	კვეთის	5
ოქროს	გლობუსზე	5
ოქროთი	და	5
ოფიციალური	სახელი	5
ოფიციალური	რეზიდენცია	5
ოფიციალური	განცხადება	5
ოფიციალურად	გახდა	5
ორსავე	მხარეს	5
ორკესტრთან	ერთად	5
ორინოკოს	დელტა	5
ორივე	ქვეყანა	5
ორივე	ნახევარსფეროს	5
ორივე	მათგანს	5
ორივე	ერთად	5
ორი	წყვილი	5
ორი	წლით	5
ორი	სიტყვაა	5
ორი	სეზონი	5
ორი	საათის	5
ორი	ნაწილისგან	5
ორი	მათგანი	5
ორი	კვირა	5
ორი	დღე	5
ორი	და	5
ორი	ალბომი	5
ორდენის	წევრი	5
ორდენის	შემდეგ	5
ორგანული	სამყაროს	5
ორგანიზმში	მიმდინარე	5
ორგანიზაციის	მთავარი	5
ორგანიზაციებს	შორის	5
ორგანიზაციებისა	და	5
ორგანიზაციების	მიერ	5
ორად	გაიყო	5
ორ	სხვადასხვა	5
ორ	სხვა	5
ორ	საათზე	5
ორ	კვირაში	5
ორ	ან	5
ოპოზიციური	პარტიების	5
ოპერის	თეატრში	5
ოპერაციული	სისტემა	5
ომსა	და	5
ომს	შორის	5
ომის	მსვლელობისას	5
ომის	დაწყებისთანავე	5
ომის	დაწყება	5
ომის	დასაწყისში	5
ომის	ბოლოს	5
ომის	ბოლო	5
ომებისა	და	5
ოლქის	ტერიტორიაზე	5
ოკეანეში	და	5
ოიდიპოს	მეფე	5
ოთხი	და	5
ოთახის	ტემპერატურაზე	5
ოზურგეთის	მაზრის	5
ოზონის	შრის	5
ოდნავ	შეისრული	5
ოდნავ	აღემატება	5
ოდიშის	დაბლობი	5
ობიექტი	იყო	5
ნუსხურში	მარჯვნივაა	5
ნომრიანი	მაისურით	5
ნომრიანი	მაისური	5
ნოდარ	დუმბაძე	5
ნიშანში	იმყოფება	5
ნიშანი	იყო	5
ნინო	დარბაისელი	5
ნიკარაგუის	მე	5
ნეიტრონული	ვარსკვლავი	5
ნედლად	და	5
ნებისმიერ	სხვა	5
ნებისმიერ	ადამიანს	5
ნება	დართო	5
ნახვის	შემდეგ	5
ნახევრად	დაშლის	5
ნახევარკუნძულსა	და	5
ნახევარკუნძულის	ჩრდილოეთ	5
ნახევარკუნძული	და	5
ნახევარი	ქულით	5
ნახევარი	საათის	5
ნაწილს	შეადგენს	5
ნაწილობრივ	კი	5
ნაწილი	მიეკუთვნება	5
ნაწილი	თვლის	5
ნაწილი	დღესაც	5
ნაცისტური	გერმანია	5
ნაჩვენები	იქნა	5
ნაშთები	ცნობილია	5
ნაყოფი	კოლოფია	5
ნაყოფი	იჭმება	5
ნარინჯისფერი	ან	5
ნაპირები	და	5
ნანა	იოსელიანმა	5
ნანა	ალექსანდრიამ	5
ნამდვილი	წევრი	5
ნამდვილი	სახე	5
ნამდვილი	გვარი	5
ნალექი	მოდის	5
ნაკრებში	შედგა	5
ნაკრების	წევრი	5
ნაკრების	მთავარი	5
ნაკლებობის	გამო	5
ნათელი	გახდა	5
ნავთობი	და	5
ნაგებობას	წარმოადგენს	5
მხრივ	მისი	5
მხოლოდ	ოთხი	5
მხოლოდ	მათ	5
მხოლოდ	ისაა	5
მხოლოდ	ახალი	5
მხედართმთავარი	და	5
მხედართა	მეთაური	5
მხატვრული	ლიტერატურა	5
მხარს	უჭერდნენ	5
მხარის	ხაშურის	5
მხარის	წალენჯიხის	5
მხარის	ფართობი	5
მხარის	ტერიტორიაზე	5
მხარის	მიერ	5
მხარის	ბაღდათის	5
მხარი	დაუჭირეს	5
მხარი	არ	5
მხარეს	კი	5
მხარე	იყო	5
მხარდაჭერა	მოიპოვა	5
მჭიდროდ	იყო	5
მძლავრი	და	5
მძინარე	მზეთუნახავი	5
მძიმე	მეტალ	5
მძივები	და	5
მცხოვრები	ხალხი	5
მცხეთის	მუნიციპალიტეტში	5
მცირე	ქალაქი	5
მცირე	კუნძული	5
მცირე	კავკასიონის	5
მცირე	ზომისაა	5
მცენარეული	და	5
მცდელობის	მიუხედავად	5
მშობლიური	ქალაქის	5
მშობლიური	ქალაქი	5
მშობლიური	ენის	5
მშობლიურ	სოფელში	5
მშობლებთან	ერთად	5
მშენებლობასთან	დაკავშირებით	5
მშენებლობა	მიმდინარეობდა	5
მყოფი	ძეგლების	5
მქონე	პირთა	5
მქონე	ადამიანები	5
მფლობელი	მსახიობი	5
მუხლის	მე	5
მუშაობას	და	5
მუშაობა	არ	5
მუშათა	პარტიის	5
მუშათა	კლასის	5
მუქი	ყავისფერი	5
მუსიკის	ჰანგები	5
მუსიკასა	და	5
მუსიკალური	საკრავები	5
მუსიკალური	ნაწარმოები	5
მუსიკალური	კარიერა	5
მუსიკალური	თემა	5
მუნიციპალიტეტის	საკრებულო	5
მუნიციპალიტეტების	სია	5
მუზეუმში	ინახება	5
მუზეუმი	მდებარეობს	5
მუზეუმი	გაიხსნა	5
მტრების	წინააღმდეგ	5
მსოფლიოს	უდიდეს	5
მსოფლიოს	ისტორიის	5
მსოფლიოს	თითქმის	5
მსოფლიოს	ახალი	5
მსოფლიო	ფედერაცია	5
მსოფლიო	რეკორდი	5
მსოფლიო	ომმა	5
მსოფლიო	კრება	5
მსოფლიო	თასი	5
მრევლთან	ერთად	5
მრავალფეროვნებით	გამოირჩევა	5
მრავალმხრივი	და	5
მრავალი	ქვეყანა	5
მრავალი	კუნძული	5
მრავალ	ადგილას	5
მოხსნა	და	5
მოწაფე	იყო	5
მოძრაობის	მოღვაწე	5
მოძრაობები	და	5
მოცულობა	და	5
მოცემულია	ძირითადი	5
მოყვარული	და	5
მოქმედების	შედეგად	5
მოქალაქეთა	კავშირი	5
მოქალაქე	და	5
მოუყარა	თავი	5
მოულოდნელი	იყო	5
მოსმენის	შემდეგ	5
მოსკოვში	გადავიდა	5
მოსკოვის	უნივერსიტეტში	5
მოსკოვის	უნივერსიტეტი	5
მოსახლეობისა	და	5
მოსახლეობის	ძირითადი	5
მოსახლეობის	ფართო	5
მოსახლეობის	უმეტესობა	5
მოსახლეობის	ნაწილი	5
მოსახლეობის	მხრივ	5
მოსახლეობის	აღწერის	5
მოსავლის	აღება	5
მოსავალს	იძლევა	5
მოპოვების	მიზნით	5
მონაწილეობდა	სხვადასხვა	5
მონაწილეობას	იღებენ	5
მონაწილეობაზე	უარი	5
მონაწილეობა	უნდა	5
მონაცემების	საფუძველზე	5
მონასტრის	წინამძღვარი	5
მომიჯნავე	უფლება	5
მოკლე	მიმოხილვა	5
მოკვლა	და	5
მოიცავს	სამ	5
მოიცავდა	თანამედროვე	5
მოიპოვეს	და	5
მოიკიდა	ფეხი	5
მოთხოვნა	იყო	5
მოთამაშე	იყო	5
მოვლენების	შესახებ	5
მოვლენად	იქცა	5
მოვიდა	და	5
მოეწონა	და	5
მოგვიანებით	მას	5
მოგვიანებით	ის	5
მობილური	ტელეფონების	5
მოახდინა	და	5
მოაწყო	და	5
მნიშვნელოვნად	განსხვავდება	5
მნიშვნელოვნად	ამცირებს	5
მნიშვნელოვანია	ის	5
მნიშვნელოვანი	ცვლილებების	5
მნიშვნელოვანი	ნაწილია	5
მნიშვნელოვანი	მოვლენა	5
მნიშვნელოვან	წარმატებებს	5
მნიშვნელოვან	ნაწილს	5
მნიშვნელობის	საავტომობილო	5
მნიშვნელობა	გააჩნია	5
მმართველი	პარტია	5
მმართველ	მღვდელმთავრად	5
მმ	სიგრძის	5
მმ	სიგანის	5
მლრდ	მ	5
მკურნალობის	მეთოდი	5
მკვლევარი	და	5
მიხო	მოსულიშვილის	5
მიხვდა	რომ	5
მიხეილ	ტალი	5
მიხედვით	კი	5
მიხედვით	იყოფა	5
მიხედვით	აქ	5
მიწისძვრის	დროს	5
მიწისქვეშა	და	5
მიწის	ნაკვეთი	5
მიწვეულ	იქნა	5
მიწები	და	5
მიწას	და	5
მიძინების	ტაძარი	5
მიჩნეული	იყო	5
მიღებულია	ქალაქ	5
მიღებული	გადაწყვეტილება	5
მიღების	მიზნით	5
მიღებას	და	5
მიუღებელი	იყო	5
მიუნხენის	ბაიერნი	5
მიუთითებს	იმ	5
მიუახლოვდა	და	5
მისცეს	და	5
მისცა	მას	5
მისტერ	და	5
მისმა	ძმამ	5
მისმა	შვილმა	5
მისი	ჯარი	5
მისი	ხანგრძლივი	5
მისი	წმინდა	5
მისი	წიგნები	5
მისი	ძველი	5
მისი	ცენტრალური	5
მისი	შენაკადები	5
მისი	შემოგარენი	5
მისი	ქმარი	5
მისი	ქალიშვილი	5
მისი	ფილმები	5
მისი	სტილი	5
მისი	სიტყვებით	5
მისი	სიმღერები	5
მისი	სიმაღლეა	5
მისი	სახლი	5
მისი	საქმე	5
მისი	საფლავი	5
მისი	სამშობლოა	5
მისი	საკუთარი	5
მისი	პირადი	5
მისი	ნახვა	5
მისი	ნაშრომი	5
მისი	მოქმედების	5
მისი	მოკვლა	5
მისი	მმართველობა	5
მისი	მიდამოები	5
მისი	მთავრობა	5
მისი	მესამე	5
მისი	მემკვიდრე	5
მისი	მდგომარეობა	5
მისი	მაქსიმალური	5
მისი	ლიდერი	5
მისი	ლექსების	5
მისი	ისტორიის	5
მისი	ზუსტი	5
მისი	ზოგიერთი	5
მისი	ერთ	5
მისი	ეკონომიკური	5
მისი	დის	5
მისი	დედაქალაქი	5
მისი	დამოკიდებულება	5
მისი	გუნდი	5
მისი	განვითარების	5
მისი	არსებობის	5
მისი	ამჟამინდელი	5
მისი	ადრეული	5
მისთვის	დამახასიათებელია	5
მისგან	ამზადებენ	5
მისაღებად	და	5
მის	ხელში	5
მის	ჩრდილოეთით	5
მის	ჩაწერაში	5
მის	ყველაზე	5
მის	ყველა	5
მის	საპატივსაცემოდ	5
მის	სამხრეთით	5
მის	სამყარო	5
მის	მეუღლეს	5
მის	ზემოთ	5
მის	ზედა	5
მის	ახალ	5
მის	ადრეულ	5
მირანდას	შტატში	5
მინისტრი	იყო	5
მინისტრთა	კაბინეტის	5
მინიმალური	იყო	5
მინერალური	წყლის	5
მიმდინარე	წლის	5
მიმდინარე	პროცესების	5
მიმდინარე	პროცესები	5
მიმართული	და	5
მილიონ	ფუნტად	5
მილანისა	და	5
მილანის	წინააღმდეგ	5
მიკი	მაუსის	5
მიიღო	ხმების	5
მიიღო	უმაღლესი	5
მიიღო	კანონი	5
მიიღო	იურიდიული	5
მიიღო	დადგენილება	5
მიიღებს	მონაწილეობას	5
მიზიდულობის	ძალა	5
მივიდნენ	და	5
მიერ	ჯერ	5
მიერ	წარმოთქმული	5
მიერ	შემოტანილი	5
მიერ	ორგანიზებული	5
მიერ	ოკუპირებულ	5
მიერ	დაპყრობილი	5
მიერ	გაკეთებული	5
მიერ	გავრცელებული	5
მიენიჭა	და	5
მიაშურა	და	5
მიაღწიეს	და	5
მიაქცია	ყურადღება	5
მიატოვა	სწავლა	5
მთრიმლავ	და	5
მთლიანი	შიდა	5
მთლიანად	არ	5
მთის	ძირას	5
მთის	ფერდობზე	5
მთის	მასივი	5
მთის	აღმოსავლეთ	5
მთის	არწივი	5
მთიან	რაიონებში	5
მთელს	საქართველოში	5
მთელს	სამხრეთ	5
მთელი	ქალაქი	5
მთელი	სიცოცხლე	5
მთელი	ისტორიის	5
მთელი	დღეები	5
მთელი	დასავლეთ	5
მთელი	გულით	5
მთელ	ტერიტორიას	5
მთელ	მსოფლიოშია	5
მთელ	მის	5
მთელ	დროს	5
მთებში	და	5
მთების	ეროვნული	5
მთები	და	5
მთავრობის	წინაშე	5
მთავრობის	მეთაურია	5
მთავრობის	მეთაური	5
მთავრობის	თავმჯდომარის	5
მთავრობის	თავმჯდომარე	5
მთავრობა	იძულებული	5
მთავარი	წყარო	5
მთავარი	წიაღისეული	5
მთავარი	ქვეჯგუფის	5
მთავარი	ქედი	5
მთავარი	სამმართველოს	5
მთავარი	პოლიტიკური	5
მთავარი	მუსიკალური	5
მთავარი	მიზანია	5
მთავარი	თემაა	5
მთავარი	დირიჟორი	5
მთავარი	გვერდი	5
მთავარი	გახდა	5
მთავარი	ბუნებრივი	5
მთავარი	ადგილი	5
მთავარ	პერსონაჟს	5
მთავარ	მწვრთნელად	5
მთავარ	მიზანს	5
მთა	სვანეთის	5
მზის	ღმერთის	5
მზის	სხივები	5
მზის	გამოსხივების	5
მზე	ამ	5
მზადება	დაიწყო	5
მეხუთე	სეზონში	5
მეხუთე	და	5
მეცხრე	ტურში	5
მეცნიერების	სამინისტროს	5
მეცნიერების	განვითარების	5
მექსიკის	ყურის	5
მექსიკის	ყურეში	5
მეფობის	ხანაში	5
მეფობის	პერიოდში	5
მეფის	რუსეთის	5
მეფის	კარზე	5
მეფის	ბრძანებით	5
მეფესა	და	5
მეფეთა	სია	5
მეფეების	სია	5
მეფეები	და	5
მეფე	ლირი	5
მეფე	იყო	5
მეურნეობისა	და	5
მეტრს	აღწევდა	5
მეტოქე	იყო	5
მეტი	ფართობი	5
მეტი	ექსპონატი	5
მეტალ	ჯგუფ	5
მეტად	უნდა	5
მეტად	არის	5
მეტ	ნაწილს	5
მესამე	ჯგუფის	5
მესამე	ქალაქი	5
მესამე	სეზონი	5
მერაბ	კოსტავას	5
მეორედ	კი	5
მეორე	ჯგუფი	5
მეორე	ყველაზე	5
მეორე	ქალაქია	5
მეორე	ფილმი	5
მეორე	პუნიკური	5
მეორე	ნაწილის	5
მეორე	იყო	5
მეოთხე	სეზონში	5
მეინსტრიმული	როკ	5
მეთოდის	გამოყენების	5
მეთოდის	გამოყენებით	5
მეთაური	და	5
მეექვსე	ადგილი	5
მეგრული	და	5
მეგობართან	ერთად	5
მე	მაშინ	5
მე	იქ	5
მე	თვითონ	5
მე	არა	5
მდინარის	წყალი	5
მდინარის	ნაპირებზე	5
მდინარე	ხევისწყალი	5
მდინარე	ჩილეში	5
მდინარე	ქვაბლიანი	5
მდინარე	ურუბამბა	5
მდინარე	რიონი	5
მდინარე	პო	5
მდინარე	მულხრა	5
მდინარე	კინტრიშის	5
მდინარე	კელასური	5
მდინარე	გუბისწყალი	5
მდინარე	არაგვის	5
მდივანი	იყო	5
მდიდარია	სასარგებლო	5
მდელოებსა	და	5
მდელოები	და	5
მდედრობითი	სქესის	5
მდებარეობს	ცენტრალური	5
მდებარეობს	შავი	5
მდებარეობს	ქალაქის	5
მდებარეობს	საქართველოს	5
მდებარეობს	სამხრეთი	5
მდებარეობს	რამდენიმე	5
მდებარეობს	პატარა	5
მდებარეობს	პანკისის	5
მდებარეობს	მდ	5
მდებარეობს	კოლხეთის	5
მდებარეობს	კენიის	5
მდებარეობს	თორის	5
მდებარეობს	დედაქალაქ	5
მდებარეობს	დასავლეთი	5
მდებარეობს	ახალქალაქის	5
მდებარეობს	ავსტრალია	5
მდებარეობისა	და	5
მდებარე	ქალაქ	5
მდებარე	სოფელ	5
მდე	შემცირდა	5
მდე	გვარის	5
მდგომარეობაში	მყოფ	5
მახლობლად	არის	5
მაცივარ	აგენტი	5
მაშინ	მას	5
მაშინ	მათ	5
მაშინ	ასეთ	5
მაშინ	არ	5
მაშინ	ამ	5
მაღლა	დგას	5
მაღალი	საზოგადოების	5
მაღალი	მთის	5
მაღალი	კლასის	5
მაღალი	თანამდებობის	5
მაქსველის	განტოლებების	5
მაქს	პლანკის	5
მატჩში	გაიტანა	5
მატჩის	წინ	5
მატჩი	მოიგო	5
მატჩი	და	5
მატჩი	აქვს	5
მატჩები	მსოფლიოს	5
მასში	შემავალი	5
მასში	მონაწილეობა	5
მასში	დაცულია	5
მასში	ასახულია	5
მასის	მიხედვით	5
მასზე	ასევე	5
მასა	და	5
მას	ხომ	5
მას	უფლება	5
მას	მხარს	5
მას	მსოფლიოს	5
მას	მოჰყვა	5
მას	მთელი	5
მას	იყენებენ	5
მას	ეკუთვნოდა	5
მარჯვენა	შენაკადები	5
მარჯვენა	ფლანგზე	5
მარჯვენა	მცველის	5
მარცხით	დამთავრდა	5
მარცხენა	ნაპირის	5
მარცხენა	ზედა	5
მარცვლეული	კულტურები	5
მარცვლეული	და	5
მარტყოფის	ბრძოლა	5
მარტს	და	5
მარტოხელა	დედა	5
მარტო	ჩემი	5
მარტო	ეს	5
მარტივი	რიცხვის	5
მარტივად	რომ	5
მარმარილო	და	5
მარიამ	ღვთისმშობელი	5
მართლმადიდებლური	ეთიკა	5
მართვა	და	5
მანძილზე	იგი	5
მანჩესტერ	იუნაიტედთან	5
მანფრედ	ფონ	5
მანანა	მენაბდე	5
მანამდე	სანამ	5
მანამდე	არ	5
მან	სწავლა	5
მან	მისი	5
მან	მთელი	5
მან	მალევე	5
მან	კიდევ	5
მან	იცის	5
მან	დაასრულა	5
მან	გამოსცა	5
მან	გადაიღო	5
მან	აიღო	5
მამუკა	ნოზაძე	5
მამისონის	უღელტეხილი	5
მამა	გიორგი	5
მამა	ბასილი	5
მალე	მან	5
მალე	გახდა	5
მალდერი	და	5
მალაკის	ნახევარკუნძული	5
მალაის	არქიპელაგის	5
მალაის	არქიპელაგი	5
მალავის	ცენტრალური	5
მაისში	დებს	5
მაისის	ბოლოს	5
მაინც	რჩება	5
მაინც	განაგრძობდა	5
მათი	შვილი	5
მათი	პოლიტიკური	5
მათი	მუსიკა	5
მათი	ერთადერთი	5
მათგანი	კი	5
მათ	ჰყავთ	5
მათ	ჰქონდათ	5
მათ	ძალიან	5
მათ	პირველად	5
მათ	თავისი	5
მათ	თავზე	5
მათ	გადაწყვიტეს	5
მაზრის	ცენტრი	5
მადრიდის	რეალში	5
მადრიდის	რეალის	5
მადლობა	შესწირა	5
მადლობა	გადაუხადა	5
მაგრამ	შემდგომში	5
მაგრამ	რუსეთის	5
მაგრამ	რომ	5
მაგრამ	როგორ	5
მაგრამ	მოხდა	5
მაგრამ	მაშინ	5
მაგრამ	თქვენ	5
მაგრამ	ბოლო	5
მაგრამ	ბევრი	5
მაგრამ	ამას	5
მაგნიტური	ველი	5
მ	სიღრმეზე	5
მ	სიგრძის	5
ლუკა	მახარებელი	5
ლოცვის	დროს	5
ლოცვასა	და	5
ლოცვა	და	5
ლონდონსა	და	5
ლონდონისა	და	5
ლომბარდიის	რეგიონში	5
ლისა	და	5
ლიდერობა	და	5
ლიგის	საუკეთესო	5
ლექსის	ავტორი	5
ლექსი	და	5
ლექსებისა	და	5
ლეონტი	მროველი	5
ლეონიდ	ბრეჟნევი	5
ლენტეხის	მუნიციპალიტეტში	5
ლენინური	პრემია	5
ლეგენდა	მოგვითხრობს	5
ლაშა	ჩხარტიშვილი	5
ლაურეატი	გახდა	5
ლაურეატები	მშვიდობის	5
ლათინური	ენის	5
კუნძულის	სამხრეთ	5
კუნძული	წყნარი	5
კუნძულზე	ცხოვრობს	5
კუნძულზე	მდებარე	5
კუნძულების	ჯგუფი	5
კუნძულები	ფართობის	5
კუნძულებზე	და	5
კულტურული	ცენტრია	5
კულტურასა	და	5
კუინზლენდის	შტატში	5
კუბის	რევოლუციის	5
კრიტიკოსის	აზრით	5
კრიზისის	შემდეგ	5
კოხედესის	შტატში	5
კოსმოსური	ხომალდების	5
კორეული	ენა	5
კონცერტის	ჩანაწერი	5
კონცერტის	დროს	5
კონფლიქტის	დროს	5
კონტროლი	და	5
კონტინენტური	ნაწილის	5
კონსტიტუციური	მონარქიის	5
კონსტანტინეს	ძე	5
კონსტანტინე	გამსახურდია	5
კონსერვატორიის	პედაგოგი	5
კომუნისგან	შედგება	5
კომუნიკაციების	ეროვნული	5
კომპოზიცია	არის	5
კომპლექსში	შედის	5
კომპლექსი	მოიცავს	5
კომპაქტ	დისკზე	5
კომპარტიის	ცენტრალური	5
კომისიის	მიერ	5
კომერციულად	წარმატებული	5
კოლხეთის	დაბლობის	5
კოლონიურ	პერიოდში	5
კოდექსის	მე	5
კმაყოფილი	ვარ	5
კმ	და	5
კლუბის	მაისურით	5
კლდეში	გამოკვეთილი	5
კლდეკარის	საერისთავო	5
კლდეებსა	და	5
კლასიკურ	და	5
კლაივ	ლუისი	5
კინოში	სანახავი	5
კინოს	სახელმწიფო	5
კინოს	მსახიობი	5
კინოაკადემიის	ოსკარის	5
კინო	და	5
კილომეტრით	არის	5
კითხულობდა	ლექციებს	5
კიევის	დიდი	5
კიდევ	მრავალი	5
კიდევ	არაა	5
კი	ძირითადად	5
კი	ძალიან	5
კი	ცოტა	5
კი	შავი	5
კი	სულ	5
კი	პირიქით	5
კი	მაგრამ	5
კი	იტალიის	5
კი	იმას	5
კი	თუ	5
კი	თავი	5
კი	ზღვის	5
კი	დამარცხდა	5
კი	აუცილებლად	5
კი	ამავე	5
კვლევის	საგანი	5
კვლევების	შედეგად	5
კვლავ	გამოჩნდა	5
კვლავ	არ	5
კვირას	და	5
კვების	დროს	5
კვალი	დაამჩნია	5
კვადრატულ	კილომეტრს	5
კეკელიძის	სახელობის	5
კეთილშობილთა	სასწავლებელი	5
კედლის	დასავლეთ	5
კედლების	სიმაღლე	5
კახეთსა	და	5
კასპის	მუნიციპალიტეტის	5
კასპიის	ზღვაში	5
კარლოს	დიდი	5
კარის	თავზე	5
კარგს	არაფერს	5
კარგადაა	ცნობილი	5
კარგადაა	გამოხატული	5
კარგად	რომ	5
კარგად	მიიღო	5
კარგად	იცნობდა	5
კარგად	ვერ	5
კარგად	აქვს	5
კარაბობოს	შტატში	5
კაპიტნის	წოდება	5
კაპიტან	გრანტის	5
კანონმდებლობით	განსაზღვრული	5
კანონის	შესაბამისად	5
კანონის	საფუძველზე	5
კანონი	ხალხისათვის	5
კანონები	და	5
კანადის	კუნძულები	5
კამაგუეის	პროვინციაში	5
კალინინგრადის	ოლქი	5
კალთა	ციცაბოა	5
კათოლიკურ	ეკლესიას	5
კავშირისა	და	5
კავშირის	მიერ	5
კავშირი	აქვს	5
კავკასიური	ენების	5
კავკასიის	ხალხთა	5
კავკასიის	ფრონტზე	5
კავკასიის	რეგიონში	5
კავკასიის	რეგიონის	5
იხილეთ	აგრეთვე	5
იწყება	მისი	5
იწვევს	მის	5
იძულებულნი	გახდნენ	5
იცოდა	და	5
იცვლება	და	5
იცავს	მათ	5
იშლება	და	5
იშვიათად	ერთწლოვანი	5
იყოს	როგორც	5
იყოს	ან	5
იყო	წინა	5
იყო	ქართველთა	5
იყო	ქართველ	5
იყო	ქალაქი	5
იყო	სპეციალური	5
იყო	სამხედრო	5
იყო	საკმაოდ	5
იყო	სავსე	5
იყო	სადაც	5
იყო	რუსული	5
იყო	რსდმპ	5
იყო	რაიმე	5
იყო	პატარა	5
იყო	ოქროს	5
იყო	ოსკარი	5
იყო	ნომინირებული	5
იყო	ნიკარაგუელები	5
იყო	ნიკარაგუა	5
იყო	მსოფლიო	5
იყო	მესამე	5
იყო	მაშინ	5
იყო	კარგი	5
იყო	ინგლისის	5
იყო	იგი	5
იყო	თანამედროვე	5
იყო	ერთგვარი	5
იყო	ევროპაში	5
იყო	დედა	5
იყო	დაფუძნებული	5
იყო	გორის	5
იყო	გერმანელი	5
იყო	გაშენებული	5
იყო	განკუთვნილი	5
იყო	გამოჩენილი	5
იყო	ბოლო	5
იყო	ახალი	5
იყო	აშშ	5
იყენებენ	მათ	5
იქორწინა	და	5
იქონია	მის	5
იქნეს	როგორც	5
იქნა	საქართველოს	5
იქნა	რუსეთის	5
იქნა	პირველი	5
იქნა	მიჩნეული	5
იქნა	მისი	5
იქვე	გარდაიცვალა	5
იქ	შეკრებილ	5
იქ	ყოფნის	5
იქ	ის	5
იქ	არის	5
იუსტიციის	სამინისტროს	5
იუსტიციის	მინისტრი	5
იურული	სისტემა	5
იურიდიული	პირის	5
იულიუსის	კალენდრით	5
იულიუსის	კალენდარი	5
იულიუსის	ალპები	5
იუკატანის	ნახევარკუნძულზე	5
იტალიურ	ფეხბურთში	5
იტალიის	უდიდესი	5
იტალიის	რეგიონები	5
იტალიის	თასი	5
ისტორიული	წყაროების	5
ისტორიული	წყაროები	5
ისტორიული	ძეგლი	5
ისტორიული	შენობის	5
ისტორიული	მოვლენების	5
ისტორიული	განვითარების	5
ისტორიულად	ჩამოყალიბებული	5
ისტორიის	საკითხები	5
ისტორიის	მქონე	5
ისტორიის	და	5
ისტორიაში	შევიდა	5
ისტორიაში	მნიშვნელოვანი	5
ისრის	მიმართულებით	5
ისრაელის	სამეფოს	5
ისლანდიური	ენა	5
ისინი	შეიძლება	5
ისინი	მას	5
ისინი	იძულებულნი	5
ისინი	თავიანთ	5
ისინი	არა	5
ისე	უნდა	5
ის	ძირითადად	5
ის	ცნობილია	5
ის	შედგება	5
ის	შეადგენს	5
ის	უნდა	5
ის	საუკეთესო	5
ის	საკმაოდ	5
ის	პირველად	5
ის	მცირე	5
ის	მონაწილეობდა	5
ის	მე	5
ის	კიდევ	5
ის	იძულებული	5
ის	თამაში	5
ის	გახლავთ	5
ის	გამოიყენება	5
ის	გადავიდა	5
ის	ადგილია	5
ის	ადამიანები	5
ის	აგრეთვე	5
ირანი	და	5
ირაკლი	ალასანიას	5
იოჰან	სებასტიან	5
იონიის	ზღვა	5
იოანე	ღვთისმეტყველის	5
იოანე	ღვთისმეტყველი	5
იოანე	და	5
ინფორმაციის	მიღების	5
ინფორმაციის	მისაღებად	5
ინფორმაციას	და	5
ინტერესს	იწვევდა	5
ინტერესების	დაცვის	5
ინტერესების	დაცვა	5
ინსტიტუტში	და	5
ინსტიტუტის	რექტორი	5
ინსტიტუტის	მონაცემებით	5
ინკების	იმპერია	5
ინდოეთის	ეროვნული	5
ინდოევროპულ	ენათა	5
ინდიანა	ჯონსი	5
ინგრიდ	ბერგმანი	5
ინგლისურ	ენებზე	5
ინგლისის	სამეფო	5
ინგლისის	თასი	5
ინგლისელი	ფეხბურთელი	5
ინგვი	მალმსტინი	5
იმყოფებოდა	და	5
იმყოფება	დაახლოებით	5
იმპერიის	ნაწილი	5
იმის	ნიშანია	5
იმის	ნაცვლად	5
იმის	დადგენა	5
იმერეთის	მხარეში	5
იმედი	არ	5
იმდენად	ძლიერი	5
იმდენად	დიდია	5
იმას	თუ	5
იმ	ხალხის	5
იმ	წლის	5
იმ	ღამეს	5
იმ	ქვეყნის	5
იმ	ქვეყანაში	5
იმ	ფაქტს	5
იმ	საღამოს	5
იმ	პერიოდისთვის	5
იმ	მოტივით	5
იმ	დროინდელ	5
იმ	დიდი	5
იმ	ადგილებში	5
იმ	ადამიანის	5
იმ	ადამიანთა	5
ილია	მეორის	5
იკვებებიან	მცენარეულობით	5
იკვებებიან	მცენარეული	5
იკვებება	უმთავრესად	5
ითვლება	მსოფლიოში	5
ითვლება	თანამედროვე	5
ით	გაიზარდა	5
იზრდება	წიწვოვან	5
ივრის	მარცხენა	5
ივლისის	დასაწყისში	5
იდენტური	იყო	5
იგივეა	რაც	5
იგივე	შეიძლება	5
იგი	ხელმძღვანელობდა	5
იგი	ხდება	5
იგი	წარმატებით	5
იგი	ჩაწერილია	5
იგი	შეიცავს	5
იგი	შეიქმნა	5
იგი	შევიდა	5
იგი	უზრუნველყოფს	5
იგი	სასტიკად	5
იგი	სამხედრო	5
იგი	საკუთარ	5
იგი	მცირე	5
იგი	მონაწილეობდა	5
იგი	მის	5
იგი	იწყება	5
იგი	იქცა	5
იგი	ისე	5
იგი	თითქოს	5
იგი	თითქმის	5
იგი	დაარსდა	5
იგი	გახლდათ	5
იგი	გაცილებით	5
იგი	გამოდიოდა	5
იგი	აქტიურად	5
იგი	აგებულია	5
იარაღს	და	5
იაპონია	და	5
იანვარს	და	5
იანვარს	გაიხსნა	5
ია	ანთაძე	5
თქმულების	თანახმად	5
თქვენს	წინაშე	5
თქვენს	ცხოვრებაში	5
თქვენთვის	საინტერესო	5
თქვენ	შეგიძლიათ	5
თქვენ	უნდა	5
თქვენ	რა	5
თქვენ	კი	5
თქვენ	არ	5
თურქეთის	რესპუბლიკაში	5
თუნდაც	ერთი	5
თუნდ	ეგ	5
თუმცა	ძალიან	5
თუმცა	შემდგომში	5
თუმცა	შეიძლება	5
თუმცა	რამდენიმე	5
თუმცა	მრავალი	5
თუმცა	მაინც	5
თუმცა	დიდი	5
თუმცა	ამჟამად	5
თუმცა	ამას	5
თუ	შენ	5
თუ	საქართველოს	5
თუ	რაოდენ	5
თუ	რამდენი	5
თუ	პატარა	5
თუ	კიდევ	5
თუ	ახლა	5
თორის	ქვაბულში	5
თორის	ქვაბული	5
თომას	ჯეფერსონი	5
თომას	მანი	5
თითქოს	ყველაფერი	5
თითქმის	ორჯერ	5
თითქმის	მთელს	5
თითოეული	მათგანის	5
თითო	სარკმელი	5
თვლის	რომ	5
თვლის	და	5
თვისებების	მიხედვით	5
თვითონ	იყო	5
თვითმმართველი	ერთეული	5
თვეში	გარდაიცვალა	5
თვე	ჩრდილოეთი	5
თვალი	და	5
თვალებს	და	5
თერთმეტმეტრიანების	სერიაში	5
თეორიული	ფიზიკის	5
თეორიის	თანახმად	5
თეთრი	ფერი	5
თეთრი	ზღვა	5
თევზებით	და	5
თებერვლის	ბოლოს	5
თებერვალს	და	5
თეატრის	შენობა	5
თეატრის	სამხატვრო	5
თეატრის	საბალეტო	5
თეატრალურ	ინსტიტუტში	5
თეა	კანდელაკი	5
თბილისში	და	5
თბილისში	არ	5
თბილისის	ცენტრში	5
თბილისის	რკინიგზის	5
თბილისის	მე	5
თბილისის	გუბერნია	5
თბილი	ზაფხული	5
თბილ	და	5
თაფლოვანი	მცენარეა	5
თასის	მოგება	5
თარგმნილია	მსოფლიოს	5
თაობას	იძლევა	5
თანეთის	მუნიციპალიტეტში	5
თანამშრომლები	და	5
თანამედროვე	საზოგადოების	5
თანამედროვე	საერთაშორისო	5
თანამედროვე	ლიტერატურული	5
თანამდებობიდან	და	5
თანამდებობაზე	ყოფნის	5
თან	წაიყვანა	5
თან	არ	5
თამაშობდა	და	5
თამაშის	შესახებ	5
თავს	კი	5
თავს	იკავებდნენ	5
თავს	ანებებს	5
თავს	ამ	5
თავმჯდომარედ	აირჩიეს	5
თავისუფალი	ქალაქი	5
თავისუფალი	სახით	5
თავისუფალი	კოლხურის	5
თავისი	ხელით	5
თავისი	ხალხის	5
თავისი	ძმის	5
თავისი	საკუთარი	5
თავისი	მნიშვნელობა	5
თავისი	დიდი	5
თავისი	და	5
თავისი	არსებობის	5
თავის	ძმასთან	5
თავის	ცოლს	5
თავის	შვილებს	5
თავის	სახლში	5
თავის	ნაწარმოებებში	5
თავის	მოკვეთა	5
თავის	კარიერაში	5
თავის	დროს	5
თავის	გარშემო	5
თავის	ადგილს	5
თავის	ადგილზე	5
თავიდან	იგი	5
თავი	შეაფარა	5
თავი	დააღწია	5
თავი	არ	5
თავი	ამ	5
თავდაცვისა	და	5
თავდასხმის	დროს	5
ზღვის	წყლის	5
ზღვის	სანაპიროს	5
ზღვის	სამხრეთ	5
ზღვის	ზღარბები	5
ზღვის	ვარსკვლავები	5
ზღვებისა	და	5
ზღვა	მდებარეობს	5
ზუსტად	იმ	5
ზუსტად	ეს	5
ზუსტად	ამ	5
ზურგს	უკან	5
ზურგის	მხარე	5
ზუგდიდის	რაიონის	5
ზრდის	ტემპი	5
ზომიერი	ჰავის	5
ზოლი	გასდევს	5
ზოდიაქოს	პრინციპების	5
ზოგს	კი	5
ზოგიერთი	საკითხი	5
ზოგიერთი	მკვლევარი	5
ზოგიერთ	ადგილას	5
ზოგი	სახეობის	5
ზოგან	კი	5
ზოგ	ქვეყანაში	5
ზინედინ	ზიდანი	5
ზემოთ	მდებარე	5
ზემოდან	ქვემოთ	5
ზემო	ქართლის	5
ზელანდიასა	და	5
ზედაპირი	დაფარულია	5
ზედაპირზე	და	5
ზედამხედველობას	უწევს	5
ზედა	ზღვარი	5
ზეგავლენა	იქონია	5
ზე	ნაკლებია	5
ზაფხულის	ღამის	5
ზარი	გადის	5
ზამთრის	თვეებში	5
ვულკანური	წარმოშობისაა	5
ვულკანური	კონუსი	5
ვრცელი	ტერიტორია	5
ვიცი	რატომ	5
ვიქტორიას	და	5
ვის	ეშინია	5
ვინაიდან	მისი	5
ვინაიდან	მას	5
ვინაიდან	მან	5
ვინაიდან	ისინი	5
ვინაიდან	არ	5
ვინ	არიან	5
ვიზიტის	შესახებ	5
ვიზიტის	დროს	5
ვიდრე	არ	5
ვიგების	პარტია	5
ვეღარ	შეძლო	5
ვესტ	ჰემი	5
ვერსიის	სახით	5
ვერსიის	მიხედვით	5
ვერსია	არსებობს	5
ვერნერ	ფონ	5
ვერა	მენჩიკი	5
ვერ	პოულობენ	5
ვერ	მოხვდა	5
ვერ	მოიპოვა	5
ვერ	მოაღწია	5
ვერ	მიიღო	5
ვერ	ვიტან	5
ვერ	გაიგო	5
ვერ	გადაურჩა	5
ველისა	და	5
ვახტანგ	გორგასალს	5
ვასკო	და	5
ვარსკვლავი	და	5
ვარდისფერი	და	5
ვარაუდობენ	რომ	5
ვანის	ტბის	5
ვალენსიის	ტბის	5
ვალდებულნი	არიან	5
ვაკეზე	მიედინება	5
ეხება	და	5
ეჭვქვეშ	აყენებს	5
ეწოდება	ისეთ	5
ეწეოდა	ნაყოფიერ	5
ეწევა	და	5
ეშვება	მყინვარი	5
ექიმის	დახმარებით	5
ექიმთა	დახელოვნების	5
ექვსი	თვე	5
ექვსი	ერის	5
ექვთიმე	მთაწმიდელი	5
ექვთიმე	თაყაიშვილის	5
ეფრემ	მცირე	5
ეფექტის	მისაღწევად	5
ეტაპზე	კი	5
ესპანური	ენის	5
ესპანელების	მიერ	5
ესპანეთის	ქალაქ	5
ესპანეთის	თასის	5
ეს	ძირითადად	5
ეს	შესაძლებელია	5
ეს	ფოტო	5
ეს	უბრალო	5
ეს	ტრადიცია	5
ეს	ტექსტი	5
ეს	სხვა	5
ეს	სწორედ	5
ეს	სტილი	5
ეს	სოფელი	5
ეს	საიტი	5
ეს	რაიონი	5
ეს	პოლიტიკური	5
ეს	პატარა	5
ეს	ომი	5
ეს	ნიშნავდა	5
ეს	ნამდვილად	5
ეს	მცენარე	5
ეს	მოსაზრება	5
ეს	მოთხოვნა	5
ეს	მოდელი	5
ეს	მიწა	5
ეს	მთავარი	5
ეს	მაშინ	5
ეს	მათ	5
ეს	კუნძულები	5
ეს	კავშირი	5
ეს	იმის	5
ეს	იდეა	5
ეს	დროშა	5
ეს	დრო	5
ეს	დოკუმენტი	5
ეს	დაყოფა	5
ეს	დასახლება	5
ეს	გზა	5
ეს	გახლავთ	5
ეს	აღმოჩენა	5
ეს	არჩევნები	5
ეროვნული	საკალათბურთო	5
ეროვნული	მოძრაობა	5
ეროვნული	კულტურის	5
ეროვნული	კრება	5
ეროვნული	კომისიის	5
ეროვნული	ერთიანობის	5
ეროვნული	დროშა	5
ეროვნული	დამოუკიდებლობის	5
ეროვნული	გამოცდები	5
ეროვნული	გალერეა	5
ეროვნული	ბანკი	5
ეროვნულ	მუზეუმში	5
ეროვნულ	და	5
ეროვნულ	გუნდში	5
ეროვნულ	გუნდთან	5
ეროვნულ	ბიბლიოთეკაში	5
ერის	საღვთო	5
ერთხელ	უკვე	5
ერთმანეთისაგან	განსხვავდება	5
ერთმანეთთან	დაკავშირებულია	5
ერთიანობა	და	5
ერთიანი	და	5
ერთი	ჯგუფი	5
ერთი	ძმა	5
ერთი	ქულა	5
ერთი	ქვეყნის	5
ერთი	ქართული	5
ერთი	უდიდესი	5
ერთი	სიმღერა	5
ერთი	სახეობის	5
ერთი	საინტერესო	5
ერთი	საათით	5
ერთი	ნაწილის	5
ერთი	მხარე	5
ერთი	მესამედი	5
ერთი	ლიდერი	5
ერთი	კონკრეტული	5
ერთი	კაცი	5
ერთი	კარგი	5
ერთი	თვით	5
ერთი	ვერსიის	5
ერთი	დღე	5
ერთი	ამბავი	5
ერთი	ადამიანის	5
ერთეული	საქართველოში	5
ერთეულების	მიხედვით	5
ერთდროულად	ორი	5
ერთგული	დარჩა	5
ერთადერთი	შვილი	5
ერთადერთი	საშუალებაა	5
ერთადერთი	საშუალება	5
ერთადერთი	გზა	5
ერთად	ცხოვრობს	5
ერთად	ცხოვრობდნენ	5
ერთად	მოიგო	5
ერთად	იბრძოდა	5
ერთად	დიდი	5
ერთად	გახდა	5
ერთა	შორის	5
ერთა	ლიგის	5
ერთ	სტატიაში	5
ერთ	ნაშიერს	5
ერთ	მთლიან	5
ერთ	მატჩში	5
ერთ	ასეთ	5
ერების	ორგანიზაცია	5
ეპარქიის	მთავარეპისკოპოსი	5
ენერგოეფექტურობის	ცენტრი	5
ენერგიის	და	5
ენათა	ოჯახს	5
ენათა	ოჯახის	5
ენაზე	ამ	5
ენა	არ	5
ემირ	ბურჯანაძე	5
ელსა	საქართველოს	5
ელექტრული	დენი	5
ელენე	ახმილოვსკაია	5
ელემენტებს	შეიცავს	5
ეკონომიკური	ცენტრი	5
ეკონომიკური	კრიზისი	5
ეკონომიკური	თავისუფლების	5
ეკონომიკური	ზრდის	5
ეკონომიკის	ძირითადი	5
ეკონომიკის	და	5
ეკონომიკა	ძირითადად	5
ეკლესიის	ნანგრევები	5
ეკლესიის	აშენების	5
ეკლესიასა	და	5
ეკლესია	მოქმედია	5
ეკლესია	მდებარეობს	5
ეკლესია	დგას	5
ეკლესია	არ	5
ეთნიკური	ჯგუფები	5
ეთნიკური	უმცირესობები	5
ეთიოპიასა	და	5
ეთეროვან	ზეთს	5
ევროპული	ტიპის	5
ევროპის	ყველაზე	5
ევროპის	ქვეყნების	5
ევროპის	სხვა	5
ევროპის	სახელმწიფოები	5
ევროპის	საუკეთესო	5
ევროპის	კულტურული	5
ევროპის	კავშირი	5
ევროპის	თასების	5
ევრაზიული	კავშირის	5
ევრაზიის	ზომიერ	5
ედუარდო	ფრეი	5
ედუარდ	შევარდნაძის	5
ეგრისის	ქედის	5
ეგვიპტური	ენა	5
ეგვიპტის	პირამიდები	5
ეგვიპტელები	იყვნენ	5
ები	როუდის	5
ე	ქუჩაზე	5
ე	სკოლის	5
ე	სესიაზე	5
ე	სართულზე	5
ე	გოლი	5
დღეს	აქ	5
დღემდე	მოღწეული	5
დღემდე	მოაღწია	5
დღემდე	მიმდინარეობს	5
დროშისა	და	5
დროშის	ველი	5
დროსაც	კი	5
დროს	ჯერ	5
დროს	ხშირად	5
დროს	შეიქმნა	5
დროს	უკვე	5
დროს	მიღებული	5
დროს	კვლავ	5
დროს	თავს	5
დროს	არის	5
დროისთვის	საკმაოდ	5
დროებითი	მთავრობის	5
დრამატულ	სტუდიაში	5
დოქტორის	წოდება	5
დოქტორის	სამეცნიერო	5
დონის	მიხედვით	5
დონე	და	5
დოლარი	შეადგინა	5
დისნეის	კომპანიამ	5
დისკი	გამოიცა	5
დიდხანს	ვერ	5
დიდმა	ბრიტანეთმა	5
დიდის	დროს	5
დიდი	ხანძარი	5
დიდი	წმენდა	5
დიდი	ცვლილებები	5
დიდი	შლემის	5
დიდი	შეცდომა	5
დიდი	შანსია	5
დიდი	ქვიშიანი	5
დიდი	სისწრაფით	5
დიდი	საფრთხე	5
დიდი	მუზარადის	5
დიდი	მონდომებით	5
დიდი	კედელი	5
დიდი	კავკასიონის	5
დიდი	იმედი	5
დიდი	თეატრის	5
დიდი	დეპრესია	5
დიდი	გზა	5
დიდი	გამოფენა	5
დიდი	არმია	5
დიდი	არ	5
დიდი	ანტილის	5
დიდ	ქალაქებში	5
დიდ	და	5
დიდ	ბრიტანეთსა	5
დიაგნოზი	დაუსვეს	5
დეციუს	მუსი	5
დელ	რეის	5
დედოფლისწყაროს	მუნიციპალიტეტის	5
დედოფალი	და	5
დედათა	მონასტერში	5
დედა	გარდაეცვალა	5
დე	კუნინგი	5
დე	გოლის	5
დგანან	და	5
დაჯილდოებულია	საპატიო	5
დაწყებით	სკოლაში	5
დაწერა	წიგნი	5
დაძაბული	გამოდგა	5
დაცული	ტერიტორიის	5
დაცული	იყოს	5
დაცვის	ქვეშ	5
დაცვის	პოლიციის	5
დაცვის	მარჯვენა	5
დაშლის	შედეგად	5
დაშლის	პერიოდი	5
დაშვებული	შეცდომების	5
დაყოფილი	იყო	5
დაღუპვის	შემდეგ	5
დაფუძნებული	იყო	5
დაფარული	იყო	5
დაუყოვნებლივ	უნდა	5
დატოვეს	და	5
დასდეს	ბრალი	5
დასახლებული	პუნქტიდან	5
დასახლებული	პუნქტების	5
დასახლებული	პუნქტები	5
დასახლებული	მუნიციპალიტეტია	5
დასახლებული	და	5
დასახლებულ	პუნქტებში	5
დასაწყისში	დაიწყო	5
დასაწყისი	და	5
დასავლეთი	ევროპის	5
დასავლეთ	ფასადზე	5
დასავლეთ	საქართველოდან	5
დასავლეთ	კედელში	5
დასავლეთ	კედელზე	5
დასავლეთ	გერმანიის	5
დარწმუნებული	ვიყავი	5
დანიშნულების	მიხედვით	5
დანიელ	ორტეგა	5
დანალექი	ქანების	5
დან	და	5
დამუხტული	ნაწილაკების	5
დამუშავება	და	5
დამსახურებული	ოსტატი	5
დამსახურება	იყო	5
დამოუკიდებელი	იყო	5
დამოკიდებულება	არ	5
დამკვიდრდა	და	5
დამაჯერებელი	გამარჯვება	5
დამაკავშირებელი	გზა	5
დამაარსებელი	იყო	5
დალაი	ლამა	5
დაკომპლექტებული	იყო	5
დაკვრა	დაიწყო	5
დაკარგული	იყო	5
დაკარგვის	გამო	5
დაკავშირებით	არსებობს	5
დაკავებული	და	5
დაიწყო	თავისი	5
დაიწყო	ამ	5
დაიცვა	საკანდიდატო	5
დაინიშნა	და	5
დაინახა	თუ	5
დაიბადა	პარიზი	5
დავიწყებას	მიეცა	5
დავითი	და	5
დავით	ნარინი	5
დავით	და	5
დავით	გიორგის	5
დადებული	სურათი	5
დადების	შემდეგ	5
დაბრუნება	გადაწყვიტა	5
დაბომბვის	შედეგად	5
დაბალია	და	5
დაბალი	წერტილი	5
დაახლოებით	ორი	5
დაარსების	შემდეგ	5
დაანება	თავი	5
და	ჰერეთის	5
და	ჰარის	5
და	ჯულიეტას	5
და	ჯონი	5
და	ჯეიმს	5
და	ხორცის	5
და	ხორციელი	5
და	ხორცი	5
და	ხობის	5
და	ხმა	5
და	ხვდება	5
და	ხელის	5
და	ხედავს	5
და	ხასიათის	5
და	ხანდახან	5
და	ხალხს	5
და	წყალი	5
და	წმიდა	5
და	წიგნის	5
და	წვიმის	5
და	წესრიგი	5
და	წარმატებულ	5
და	წააგო	5
და	ძვირადღირებული	5
და	ცხრა	5
და	ცხოველები	5
და	ცეცხლის	5
და	ცდილობენ	5
და	ცალკეულ	5
და	ჩინური	5
და	ჩილე	5
და	ჩვეულებრივი	5
და	ჩვენც	5
და	ჩამოყალიბდა	5
და	შრომა	5
და	შორს	5
და	შიშველი	5
და	შინაგანი	5
და	შვეიცარიაში	5
და	შეცვალა	5
და	შეუერთდა	5
და	შესთავაზა	5
და	შესაძლებელი	5
და	შესანიშნავი	5
და	შესაბამისი	5
და	შესაბამის	5
და	შერეული	5
და	შერეულ	5
და	შემთხვევით	5
და	შეიცავს	5
და	შეეძინა	5
და	ყოველივე	5
და	ღმერთთან	5
და	ღმერთების	5
და	ღვინის	5
და	ღვთის	5
და	ქრისტიანულ	5
და	ქრისტიანობის	5
და	ქრისტიანობა	5
და	ქვეყანას	5
და	ქვემოთ	5
და	ქართულად	5
და	ქართველების	5
და	ქალაქს	5
და	ქალაქების	5
და	ფსიქოლოგიური	5
და	ფილმი	5
და	ფაუნის	5
და	ფართოდ	5
და	ურჩია	5
და	უპირატესობას	5
და	უნივერსიტეტის	5
და	უნეტარესმა	5
და	ულამაზესი	5
და	უთხრეს	5
და	უზარმაზარი	5
და	უერთდება	5
და	უელსის	5
და	უდიდეს	5
და	ტყვედ	5
და	ტექნოლოგიების	5
და	ტატიანა	5
და	ტანსაცმლის	5
და	სხვებმა	5
და	სურს	5
და	სურვილი	5
და	სულაც	5
და	სტაბილური	5
და	სოფელი	5
და	სომხების	5
და	სომეხი	5
და	სკალი	5
და	სიუჟეტის	5
და	სინათლის	5
და	სიმღერის	5
და	სიმღერები	5
და	სერგო	5
და	საჯაროდ	5
და	საჩხერის	5
და	საშუალება	5
და	საშინლად	5
და	საღვთო	5
და	საქმის	5
და	საქართველომ	5
და	საფუძველი	5
და	საფრანგეთში	5
და	სატელეფონო	5
და	სასიკვდილოდ	5
და	სასახლის	5
და	სამშენებლო	5
და	სამუშაო	5
და	სამეგრელოში	5
და	სამართლის	5
და	სამ	5
და	საკულტო	5
და	საკომუნიკაციო	5
და	საინტერესოა	5
და	სათანადო	5
და	სადიაკვნეს	5
და	სადაზღვევო	5
და	საბუნებისმეტყველო	5
და	რუსებს	5
და	რუსების	5
და	რუსები	5
და	რუმინეთის	5
და	რომელიმე	5
და	რომელ	5
და	როგორი	5
და	რობერტ	5
და	რიჩარდ	5
და	რის	5
და	რვა	5
და	რეჟისორი	5
და	რეგიონში	5
და	რეგიონული	5
და	რასაც	5
და	რადიო	5
და	რად	5
და	ჟურნალი	5
და	ჟურნალ	5
და	პოლონურ	5
და	პოლონეთის	5
და	პოლ	5
და	პოეტის	5
და	პირის	5
და	პირველმა	5
და	პერუ	5
და	პარიზი	5
და	ოთხ	5
და	ნორმალური	5
და	ნორვეგიის	5
და	ნორვეგია	5
და	ნივთიერებათა	5
და	ნელი	5
და	მხარი	5
და	მწვავე	5
და	მძლავრი	5
და	მცენარეების	5
და	მცენარეები	5
და	მშობლიური	5
და	მშვიდობის	5
და	მშვიდობიანი	5
და	მყარი	5
და	მუშაობის	5
და	მტრის	5
და	მტკნარი	5
და	მტკიცე	5
და	მტკვრის	5
და	მტერს	5
და	მოღვაწეობის	5
და	მოღვაწეობდა	5
და	მოსკოვში	5
და	მორთული	5
და	მონტენეგრო	5
და	მონაწილეობდა	5
და	მონაწილეობა	5
და	მოიპოვა	5
და	მოთხრობების	5
და	მკურნალობის	5
და	მკერდი	5
და	მიწათმოქმედების	5
და	მიწა	5
და	მისკენ	5
და	მილანის	5
და	მიედინება	5
და	მიდის	5
და	მთვარე	5
და	მთავრობა	5
და	მთავარ	5
და	მეცხოველეობა	5
და	მეტ	5
და	მესხეთის	5
და	მედიის	5
და	მეგობრობის	5
და	მდელოებით	5
და	მდ	5
და	მაშინვე	5
და	მარტის	5
და	მარკ	5
და	მარიამ	5
და	მართლაც	5
და	მართალი	5
და	მანაც	5
და	მამაკაცი	5
და	მამა	5
და	მაია	5
და	მათაც	5
და	ლუარა	5
და	ლორწოვანი	5
და	ლიტერატურული	5
და	ლევან	5
და	კონსტანტინე	5
და	კონგოს	5
და	კომუნიზმი	5
და	კინო	5
და	კედლის	5
და	კახეთი	5
და	კაცის	5
და	კავშირგაბმულობის	5
და	კავკასიონის	5
და	იწყებს	5
და	იწყება	5
და	იულიუს	5
და	იუგოსლავიის	5
და	ისტორიკოსი	5
და	ისმის	5
და	ისლამის	5
და	ირლანდია	5
და	იოანეს	5
და	ინფრასტრუქტურის	5
და	ინფორმაცია	5
და	ინგლისს	5
და	ინგლისი	5
და	იმავდროულად	5
და	იერუსალიმი	5
და	იარაღის	5
და	იაპონია	5
და	იანვარი	5
და	ი	5
და	თქვენი	5
და	თუშეთის	5
და	თითოეული	5
და	თეორიული	5
და	თემის	5
და	თეატრალური	5
და	თანდათან	5
და	თამბაქოს	5
და	თავისუფლების	5
და	ზედმეტი	5
და	ვიქტორია	5
და	ვისი	5
და	ვის	5
და	ვენაში	5
და	ექსპერიმენტული	5
და	ექვსი	5
და	ეუბნება	5
და	ესპანური	5
და	ერთმანეთის	5
და	ერთმანეთთან	5
და	ერაყი	5
და	ენის	5
და	ენერგეტიკული	5
და	ემოციური	5
და	ელია	5
და	ეკონომისტი	5
და	ეკოლოგიური	5
და	ევრო	5
და	დღესდღეობით	5
და	დღევანდელი	5
და	დროებითი	5
და	დრამატურგი	5
და	დიქტატორი	5
და	დირიჟორი	5
და	დიპლომატი	5
და	დინამიკური	5
და	დიდად	5
და	დეკორატიულ	5
და	დედამიწაზე	5
და	დახურული	5
და	დაცვის	5
და	დატოვა	5
და	დასარტყმელი	5
და	დასარტყამ	5
და	დარჩა	5
და	დანიაში	5
და	დანგრეული	5
და	დანარჩენ	5
და	დამოუკიდებლად	5
და	დამოუკიდებელ	5
და	დამიანე	5
და	დამარცხდა	5
და	დაკრძალულია	5
და	გურიის	5
და	გუნდი	5
და	გრიგოლ	5
და	გია	5
და	გზის	5
და	გზების	5
და	გეოლოგია	5
და	გაძლიერდა	5
და	გასართობი	5
და	გარკვეული	5
და	გარეთ	5
და	გარე	5
და	განსხვავებული	5
და	განსაზღვრავს	5
და	განივი	5
და	განავითარა	5
და	გამჭვირვალეა	5
და	გამოიცა	5
და	გამოიყენებოდა	5
და	გამოიყენება	5
და	გამოაქვეყნა	5
და	გაზრდილი	5
და	გაზის	5
და	გადასცა	5
და	ბუჩქებია	5
და	ბრუნდება	5
და	ბრიტანეთში	5
და	ბრიტანეთის	5
და	ბრაზილიაში	5
და	ბოროტი	5
და	ბოროტების	5
და	ბოლივია	5
და	ბიძის	5
და	ბიქაას	5
და	ბიზნესის	5
და	ბიზანტიის	5
და	ბარსელონა	5
და	ბავშვი	5
და	ახლაც	5
და	ახალგაზრდული	5
და	აჭარის	5
და	აცხადებს	5
და	აღწერა	5
და	აღწევს	5
და	აღმოჩნდა	5
და	აღადგინა	5
და	აქტიური	5
და	აფხაზეთი	5
და	აფრიკა	5
და	არსებული	5
და	არმიის	5
და	არგენტინაში	5
და	არგენტინა	5
და	არაფერს	5
და	არავის	5
და	აპრილში	5
და	ამბობდა	5
და	ამაზე	5
და	ალტერნატიული	5
და	ალპურ	5
და	აიღეს	5
და	აირის	5
და	ავსტრალია	5
და	ადრე	5
და	ადამიანებს	5
და	აგრესიული	5
და	აგებულია	5
გურჯაანის	მუნიციპალიტეტის	5
გურიის	სამთავროს	5
გურიის	მხარეში	5
გუნდის	მიერ	5
გუნდი	ყავდათ	5
გუნდი	გამოიყვანეს	5
გუნდები	ყავდათ	5
გუმბათის	ყელზე	5
გულის	შეტევა	5
გული	და	5
გუდაუთის	მუნიციპალიტეტში	5
გუდამაყრის	ქედის	5
გუბერნატორი	იყო	5
გუარიკოს	შტატი	5
გრძელი	ფეხები	5
გრიგოლ	ღვთისმეტყველი	5
გრიგოლ	რობაქიძე	5
გრემის	ჯილდო	5
გრემის	დაჯილდოება	5
გორკის	სახელობის	5
გოლი	მან	5
გოლი	გაუტანა	5
გოლი	არ	5
გმირის	წოდება	5
გლობუსი	და	5
გირვანქა	სტერლინგის	5
გირვანქა	სტერლინგი	5
გიორგის	ასული	5
გიორგი	ოქროპირიძე	5
გიორგი	მეფემ	5
გიორგი	კვინიტაძე	5
გინესის	რეკორდების	5
გინესის	რეკორდები	5
გინესის	მსოფლიო	5
გიგანტური	ზომის	5
გზის	პირებზე	5
გზით	უკავშირდება	5
გზით	იყო	5
გზები	და	5
გზას	დაადგა	5
გზა	და	5
გვერდებიდან	შებრტყელებული	5
გვარი	აერთიანებს	5
გეშველებათ	კაცო	5
გერმანული	მუშათა	5
გერმანული	ენის	5
გერმანიისა	და	5
გერმანიის	გაერთიანება	5
გერმანელების	მიერ	5
გერბზე	გამოსახულია	5
გეომეტრიული	სისტემის	5
გეოგრაფიული	მდებარეობა	5
გენერალური	გეგმის	5
გენერალური	ასამბლეა	5
გენერალი	და	5
გემო	აქვს	5
გაჰყვა	ცოლად	5
გახლდათ	და	5
გახდნენ	და	5
გახდა	მიზეზი	5
გახდა	თავისი	5
გაძლიერების	მიზნით	5
გაცილებით	ადრე	5
გაცვლითი	კურსი	5
გაცემა	და	5
გაჩერდა	და	5
გაშენებულია	ქალაქები	5
გაქცევით	უშველა	5
გაფართოვდა	და	5
გაუძლო	და	5
გაუშვეს	და	5
გაუსვა	ხაზი	5
გაუარესების	გამო	5
გატანილი	აქვს	5
გარკვეული	წვლილი	5
გარეშე	დარჩენილი	5
გარემოს	დაბინძურების	5
გარეთ	და	5
გარდაცვალების	გამო	5
გარდაბნის	მუნიციპალიტეტის	5
გარდა	ყველა	5
გარდა	აღნიშნულისა	5
განხორციელების	შემდეგ	5
განცხადება	გააკეთა	5
განყოფილების	უფროსი	5
განუყოფელი	ნაწილია	5
განსხვავებული	იყო	5
განსხვავებული	და	5
განსხვავდება	სხვა	5
განსაკუთრებით	საყურადღებოა	5
განსაკუთრებით	პოპულარულია	5
განსაკუთრებით	მდიდარია	5
განსაზღვრული	შემდეგი	5
განსაზღვრული	იყო	5
განპირობებულია	იმით	5
განმასხვავებელი	ნიშანი	5
განმავლობაში	მხოლოდ	5
განმავლობაში	ეს	5
განლაგებული	და	5
განკუთვნილი	იყო	5
განკარგულებაში	იყო	5
განთავსებული	იყო	5
განთავისუფლება	და	5
განვითარებულია	სოფლის	5
განვითარებულია	თევზჭერა	5
განვითარებულია	ზომიერად	5
განვითარებული	მოვლენების	5
განვითარების	პროცესში	5
განვითარების	მაღალ	5
განვითარების	გარკვეულ	5
განაწილება	და	5
გამყინვარების	კვალი	5
გამრავლების	პერიოდში	5
გამოწვეულია	იმით	5
გამოცემაში	შეტანილია	5
გამოც	ამ	5
გამოყენებული	იქნეს	5
გამოყენებულ	იქნა	5
გამოყენებითი	ხელოვნების	5
გამოსცა	კანონი	5
გამოიყენება	მისი	5
გამოიყენება	ასევე	5
გამოირჩევა	მაღალი	5
გამოირჩევა	თავისი	5
გამოდის	და	5
გამოგონილი	პერსონაჟი	5
გამარჯვებული	და	5
გამარჯვება	მოიპოვეს	5
გამართულ	ბრძოლაში	5
გალის	რაიონში	5
გალის	მუნიციპალიტეტი	5
გაიყვანეს	და	5
გაიუს	მარციუს	5
გაიმართა	ბრძოლა	5
გაითქვა	როგორც	5
გაიგებს	რომ	5
გათვლილი	და	5
გათვალისწინებული	იყო	5
გავრცელებულნი	არიან	5
გავრცელებულია	ტროპიკულ	5
გავრცელებულია	ევროპა	5
გავრცელდა	ხმები	5
გავრცელდა	ინფორმაცია	5
გავრცელდა	და	5
გავლენას	და	5
გავლენა	ჰქონდა	5
გაერთიანებული	შტაბის	5
გაერთიანებული	საამიროები	5
გადის	საქართველოს	5
გადახურულია	კრამიტით	5
გადაცემის	წამყვანი	5
გადაცემის	შესახებ	5
გადაშენების	ზღვარზე	5
გადაღებული	ვიდეო	5
გადაღებულ	ფილმში	5
გადამწყვეტ	მომენტში	5
გადაიტანა	და	5
გაბატონებული	იყო	5
გააუქმა	და	5
ბუჩქნარი	და	5
ბუნებრივი	რესურსებია	5
ბუნებრივი	პირობები	5
ბუნებრივ	პირობებში	5
ბუნების	ისტორიის	5
ბუდეს	იკეთებენ	5
ბრძოლის	შესახებ	5
ბრძოლას	და	5
ბრიტანული	იმპერიის	5
ბრიტანელების	მიერ	5
ბრიტანეთის	პროტექტორატის	5
ბრიტანეთის	კოლუმბია	5
ბრიტანეთის	იმპერია	5
ბრინჯი	და	5
ბრინჯაოს	ხანიდან	5
ბრედ	პიტი	5
ბრალი	იყო	5
ბრაიან	დე	5
ბრაზილიელი	პოლიტიკოსი	5
ბრაზილია	და	5
ბოროტად	გამოყენება	5
ბოლო	პერიოდის	5
ბოლო	ერთი	5
ბოლნისის	სიონის	5
ბოლივიის	საგარეო	5
ბიძინა	ივანიშვილს	5
ბილეთის	ფასი	5
ბილ	კლინტონი	5
ბი	ბი	5
ბზინვარება	დაკრავს	5
ბერძნულ	ენაზე	5
ბერძნულ	და	5
ბენგალის	ყურე	5
ბევრი	რომ	5
ბევრ	ადამიანს	5
ბედნიერება	და	5
ბედის	შესახებ	5
ბედი	ქართლისა	5
ბებერი	ქალბატონის	5
ბასილი	დიდი	5
ბარინასის	შტატში	5
ბალტიის	ზღვიდან	5
ბალკანეთის	ნახევარკუნძულის	5
ბალეტის	სახელმწიფო	5
ბალახოვანი	მცენარეების	5
ბაიკალის	ტბის	5
ბაგრატის	ტაძარი	5
ბაბანეურის	სახელმწიფო	5
აჯანყების	ჩახშობა	5
აჯანყების	შემდეგ	5
ახლო	ურთიერთობა	5
ახლო	მომავალში	5
ახლო	მეგობარი	5
ახლო	მდებარე	5
ახლანდელი	გორის	5
ახლად	შექმნილი	5
ახლა	მხოლოდ	5
ახლა	და	5
ახალი	წევრი	5
ახალი	წევრების	5
ახალი	ძალით	5
ახალი	ქალაქის	5
ახალი	ტალღა	5
ახალი	სისტემის	5
ახალი	სახელმწიფო	5
ახალი	მთავრობის	5
ახალი	ამბავი	5
ახალგორის	მუნიციპალიტეტში	5
ახალგაზრდულ	გუნდში	5
ახალგაზრდობის	საქმეთა	5
ახალგაზრდა	ქართველი	5
ახალგაზრდა	კაცი	5
ახალგაზრდა	გოგონა	5
ახალ	მიმართულებას	5
ახალ	ზელანდიასა	5
ახალ	გვინეაში	5
ახალ	ალბომზე	5
აძლევს	საშუალებას	5
აშენდა	ახალი	5
აღწერილი	იყო	5
აღწერა	და	5
აღსანიშნავია	ასევე	5
აღორძინების	ეპოქის	5
აღმოსავლურ	და	5
აღმოსავლეთში	და	5
აღმოსავლეთის	მიმართულებით	5
აღმოსავლეთის	ისტორიის	5
აღმოსავლეთი	საქართველო	5
აღმოსავლეთი	კავკასიონი	5
აღმოსავლეთ	ნაწილს	5
აღმოსავლეთ	ნაწილის	5
აღმოსავლეთ	კედლის	5
აღმოსავლეთ	კედელში	5
აღმოსავლეთ	თურქეთი	5
აღიარა	ქრისტე	5
აღარაფერი	ვთქვათ	5
აღარ	მინდა	5
აქტიური	პოლიტიკური	5
აქტიური	მონაწილე	5
აქტიურად	იბრძოდა	5
აქვს	საქართველოს	5
აქვს	როგორც	5
აქვს	მუსიკა	5
აქვს	მონაწილეობა	5
აქვს	მნიშვნელოვანი	5
აქვს	თავის	5
აქვს	დაფარული	5
აქვს	გაყიდული	5
აქვს	განვითარებული	5
აქვს	გაკეთებული	5
აქვთ	საერთო	5
აქამდე	არ	5
აქ	ცხოვრობენ	5
აქ	ყველაზე	5
აქ	მცხოვრები	5
აქ	მდებარეობდა	5
აქ	მას	5
აქ	ვარ	5
აქ	და	5
აქ	აღმოჩენილია	5
აფხაზთა	და	5
აფხაზეთსა	და	5
აფხაზეთის	ტერიტორიაზე	5
აფხაზეთის	კონფლიქტის	5
აფრიკის	კონტინენტის	5
აფრიკაში	და	5
აფარებდა	თავს	5
აუზის	ფართობია	5
ატომური	ნომერი	5
ატომური	მასა	5
ატომური	ელექტროსადგურის	5
ასწავლიდა	თბილისის	5
ასტრიდ	ლინდგრენი	5
ასოციაციის	თასი	5
ასი	წლის	5
ასეთია	მაგალითად	5
ასეთი	შემთხვევა	5
ასევე	ძველი	5
ასევე	შემორჩენილია	5
ასევე	პირველი	5
ასევე	მუშაობდა	5
ასევე	მოიგო	5
ასევე	მნიშვნელოვანი	5
ასევე	მნიშვნელოვან	5
ასევე	დიდ	5
ასეა	და	5
ასე	ხდებოდა	5
ასე	უნდა	5
ასე	დაიწყო	5
ასე	გაჩნდა	5
ასე	ახსნა	5
ასამბლეის	მიერ	5
ასაკში	კი	5
არცერთი	არ	5
არც	ნაკლები	5
არც	მეტი	5
არც	მაშინ	5
არც	იყო	5
არც	ისაა	5
არც	იმის	5
არჩევნები	იყო	5
არქიტექტურული	თვალსაზრისით	5
არქეოლოგიური	ძეგლია	5
არქეოლოგიური	მუზეუმი	5
არქეოლოგების	მიერ	5
არსიანის	ქედის	5
არსებული	სხვა	5
არსებობს	უამრავი	5
არსებობს	ისეთი	5
არსებობს	გარკვეული	5
არსებობს	ამ	5
არსებით	სახელს	5
არსებით	სახელთან	5
არსად	არ	5
არს	ღმერთი	5
არმიის	მიერ	5
არმია	და	5
არის	შუა	5
არის	შემდეგი	5
არის	ყველა	5
არის	ქვეყნის	5
არის	ქალაქ	5
არის	უძველესი	5
არის	სწორი	5
არის	საკმაოდ	5
არის	საბავშვო	5
არის	როგორც	5
არის	პოლიტიკური	5
არის	ნახსენები	5
არის	მათი	5
არის	კუნძულის	5
არის	ეროვნული	5
არის	ევროპა	5
არის	დეპარტამენტი	5
არის	განსაზღვრული	5
არის	გამოსახული	5
არის	გათვალისწინებული	5
არის	გადმოცემული	5
არის	ახალი	5
არის	აღიარებული	5
არის	აღებული	5
არის	ადგილობრივი	5
არის	ადამიანი	5
არიან	ყველა	5
არიან	თუ	5
არიან	დაკავშირებული	5
არიან	დაკავებულნი	5
არიან	ასევე	5
არიან	არა	5
არაფერი	იცოდა	5
არაფერი	ვთქვათ	5
არაუკანიის	რეგიონში	5
არასოდეს	ყოფილა	5
არასდროს	ყოფილა	5
არასამთავრობო	ორგანიზაციების	5
არარსებობის	გამო	5
არანაირად	არ	5
არავის	აქვს	5
არავინ	იცის	5
არაერთხელ	იქნა	5
არაგვის	ერისთავი	5
არაა	დამოკიდებული	5
არაა	და	5
არა	საქართველოს	5
არა	რაიმე	5
არა	ვართ	5
არა	გვაქვს	5
არ	ჰგავს	5
არ	ხერხდება	5
არ	წყდებოდა	5
არ	წყდება	5
არ	ცნობდა	5
არ	ცვლის	5
არ	შეუშლია	5
არ	შეუსრულებია	5
არ	შემხვედრია	5
არ	ყოფილიყო	5
არ	ღირს	5
არ	სარგებლობდა	5
არ	მჯერა	5
არ	მჭირდება	5
არ	მქონია	5
არ	მონაწილეობს	5
არ	მიეკუთვნება	5
არ	მაინტერესებს	5
არ	იძლეოდა	5
არ	იყენებს	5
არ	ვცდები	5
არ	ექნება	5
არ	ერიდება	5
არ	ეთანხმებოდა	5
არ	ეთანხმება	5
არ	დგას	5
არ	დატოვეს	5
არ	დასრულებულა	5
არ	გაქვთ	5
არ	განუცდია	5
არ	გამოჩნდა	5
არ	ახასიათებს	5
არ	აღემატებოდა	5
არ	აპირებენ	5
აპურეს	შტატში	5
აპურეს	შტატი	5
აპრილის	ტრაგედია	5
აპოლონიოს	როდოსელი	5
აპელაციის	შედეგები	5
ანჯელინა	ჯოლი	5
ანუ	მისი	5
ანტონიო	ხოსე	5
ანტიოქიის	მართლმადიდებელი	5
ანტიკურ	ეპოქაში	5
ანთების	საწინააღმდეგო	5
ანდრია	მოციქული	5
ანდის	ყოისუს	5
ანალიზის	საფუძველზე	5
ანალიზი	და	5
ან	შეიძლება	5
ან	ღია	5
ან	საქართველოს	5
ან	სამი	5
ან	საკუთარი	5
ან	საერთაშორისო	5
ან	რა	5
ან	მოწითალო	5
ან	მთლიანად	5
ან	იშვიათად	5
ან	იისფერი	5
ან	ვერ	5
ან	ბუჩქებია	5
ამჟამინდელი	სახელი	5
ამჟამად	ცხოვრობს	5
ამჟამად	საქართველოს	5
ამჟამად	მისი	5
ამჟამად	მიმდინარეობს	5
ამჟამად	თამაშობს	5
ამიტომაც	იყო	5
ამიტომ	საჭიროა	5
ამისათვის	იგი	5
ამისა	იგი	5
ამის	უფლება	5
ამის	საპირისპიროდ	5
ამის	პარალელურად	5
ამის	გათვალისწინებით	5
ამინდის	პროგნოზი	5
ამით	ისარგებლეს	5
ამით	ისარგებლა	5
ამით	დასრულდა	5
ამერიკის	ღია	5
ამერიკის	სამხრეთ	5
ამერიკის	რევოლუცია	5
ამერიკის	პირველი	5
ამერიკის	ისტორიაში	5
ამერიკა	და	5
ამბროლაურის	მუნიციპალიტეტში	5
ამასობაში	კი	5
ამასთან	მათ	5
ამას	თან	5
ამაზე	მიუთითებს	5
ამავე	სახელობის	5
ამადეუს	მოცარტი	5
ამაგი	დასდო	5
ამ	ხელშეკრულებით	5
ამ	ხატს	5
ამ	ხატის	5
ამ	ხანის	5
ამ	წლის	5
ამ	წლების	5
ამ	წიგნში	5
ამ	წიგნს	5
ამ	შეთანხმების	5
ამ	ყველაფერზე	5
ამ	ქვეყანას	5
ამ	ფრაზის	5
ამ	ფილმით	5
ამ	ფაქტმა	5
ამ	უკანასკნელთა	5
ამ	ტერმინს	5
ამ	ტერიტორიებზე	5
ამ	ტერიტორიას	5
ამ	სტატიაში	5
ამ	სისტემას	5
ამ	სიმღერამ	5
ამ	სერიაში	5
ამ	სახის	5
ამ	სახელწოდებით	5
ამ	რომანს	5
ამ	პერიოდისათვის	5
ამ	პარტიის	5
ამ	ორდენით	5
ამ	ორგანიზაციაში	5
ამ	ნიშანში	5
ამ	ნაწილის	5
ამ	ნაწარმოების	5
ამ	ნაშრომში	5
ამ	მხარის	5
ამ	მოძრაობის	5
ამ	მოქმედების	5
ამ	მონაცემებით	5
ამ	მიდამოებში	5
ამ	მდგომარეობაში	5
ამ	მატჩში	5
ამ	კომპლექსის	5
ამ	კომპანიის	5
ამ	კითხვაზე	5
ამ	ისტორიული	5
ამ	თეორიის	5
ამ	თემის	5
ამ	ერთი	5
ამ	ეპოქის	5
ამ	ენების	5
ამ	ეკლესიის	5
ამ	დოკუმენტის	5
ამ	და	5
ამ	გუნდში	5
ამ	გადაწყვეტილებით	5
ამ	ახალი	5
ამ	ასაკში	5
ამ	ამბავმა	5
ამ	ადგილის	5
ამ	ადგილების	5
ამ	ადამიანებს	5
ალყაში	მოაქციეს	5
ალტერნატიული	როკი	5
ალპური	ზონა	5
ალპების	ჩრდილოეთით	5
ალიანსი	საქართველოსთვის	5
ალვის	ხე	5
ალექსანდრე	ჯავახიშვილი	5
ალექსანდრა	ნიკოლაუ	5
ალესანდრო	ნესტა	5
ალბომში	შეტანილი	5
ალბომის	ყდის	5
ალბომის	გამოსვლის	5
ალბომი	ითვლება	5
ალბომი	გამოვიდა	5
ალბომების	ჩარტში	5
აკუსტიკური	გიტარა	5
აკირა	კუროსავას	5
აკადემიური	თეატრის	5
აკადემიური	თეატრი	5
აკადემიის	წევრად	5
აკადემიის	ფერწერის	5
აკადემიაში	და	5
აირის	და	5
აიათოლა	ხომეინი	5
აი	ეს	5
ათწლეულის	განმავლობაში	5
ათი	წელი	5
ათასობით	წლის	5
ათასი	ჯარისკაცი	5
აზიის	ქვეყნებში	5
აზია	და	5
აზერბაიჯანის	სსრ	5
აზერბაიჯანის	დიდი	5
აზერბაიჯანის	დემოკრატიული	5
ავღანეთმა	ზაფხულის	5
ავტონომიური	ოკრუგი	5
ავსტრიისა	და	5
ადრინდელი	ფეოდალური	5
ადრიატიკის	ზღვის	5
ადრიატიკის	ზღვა	5
ადრეული	პერიოდის	5
ადრეული	ნამუშევრები	5
ადრეულ	პერიოდში	5
ადრე	გარდაიცვალა	5
ადრე	გაზაფხულზე	5
ადმინისტრაციული	კოდექსის	5
ადიღეური	ენის	5
ადვილი	იყო	5
ადგილობრივ	ენებზე	5
ადგილობრივ	არჩევნებში	5
ადგილის	დაკავება	5
ადგილი	უნდა	5
ადგილი	უკავიათ	5
ადგილი	სადაც	5
ადგილზე	იყო	5
ადგილზე	და	5
ადგილზე	გასული	5
ადგილზე	გავიდნენ	5
ადგილას	სადაც	5
ადამიანის	სხეულში	5
ადამიანი	არ	5
აგურით	ნაგები	5
აგრეთვე	ცნობილია	5
აგრეთვე	შუა	5
აგებულია	შუაიურული	5
აგებული	იყო	5
აბრეშუმის	დიდი	5
აბრაამ	ლინკოლნი	5
ააგო	და	5
ააგეს	და	5
ჰყავს	თავისი	4
ჰყავდათ	და	4
ჰქონდა	რამდენიმე	4
ჰქონდა	იმ	4
ჰქონდა	ამ	4
ჰქვია	და	4
ჰილარი	კლინტონი	4
ჰიდროკარბონატული	ნატრიუმიანი	4
ჰევი	მეტალი	4
ჰაფმანის	კოდი	4
ჰავა	ნოტიო	4
ჯუჯა	პლანეტა	4
ჯუზეპე	ვერდი	4
ჯორჯის	კუნძული	4
ჯორჯ	სოროსი	4
ჯორჯ	ბუშის	4
ჯონი	უილკინსონი	4
ჯონ	რონალდ	4
ჯიხურების	აღების	4
ჯიმი	პეიჯი	4
ჯილდო	აქვს	4
ჯვრის	უღელტეხილი	4
ჯვრის	მცირე	4
ჯვრის	მონასტრის	4
ჯექსონ	პოლოკი	4
ჯერჯერობით	ვერ	4
ჯერაც	ვერ	4
ჯერ	ისევ	4
ჯეკ	ნიკოლსონი	4
ჯეიმზ	ჰეტფილდის	4
ჯეიმზ	ჰეტფილდი	4
ჯეიმზ	კუკი	4
ჯეიმზ	კლარკ	4
ჯეიმზ	ბონდი	4
ჯგუფში	დაბრუნდა	4
ჯგუფს	შეუერთდა	4
ჯგუფმა	ჩაწერა	4
ჯგუფის	პირველ	4
ჯგუფი	იყო	4
ჯგუფი	დაიშალა	4
ჯგუფ	ჯენესისი	4
ჯგუფ	პინკ	4
ჯგუფ	ბითლზის	4
ჯაჭვის	გაწყვეტის	4
ჯარის	ნაწილებს	4
ჯარიმის	გადახდა	4
ჯარი	გამოგზავნა	4
ჯარებს	შორის	4
ჯანმრთელობის	პრობლემები	4
ჯანმრთელობის	გამო	4
ჯანდაცვის	სამინისტროს	4
ჯანდაცვის	სამინისტრო	4
ჯანდაცვის	რეფორმის	4
ჯანდაცვის	რეფორმირების	4
ჯაზის	ისტორიაში	4
ჯავის	მუნიციპალიტეტში	4
ჯავახიშვილის	აზრით	4
ხშირად	შევხვდებით	4
ხშირად	უბრალოდ	4
ხშირად	მიმართავდა	4
ხშირად	იცვლება	4
ხშირად	იყო	4
ხშირად	იყენებდა	4
ხშირად	იგი	4
ხშირად	თან	4
ხშირად	ატარებს	4
ხუროთმოძღვრების	ძეგლები	4
ხუთქიმიანი	ვარსკვლავი	4
ხუთი	ეროვნული	4
ხუთ	პარ	4
ხუან	კრისოსტომო	4
ხსენების	დღეს	4
ხოსე	მარტის	4
ხოსე	დე	4
ხორცს	და	4
ხორცი	და	4
ხორნაბუჯისა	და	4
ხომ	ლამაზია	4
ხოლო	წმინდა	4
ხოლო	წლის	4
ხოლო	ძვ	4
ხოლო	ჩრდილოეთი	4
ხოლო	ჩრდილოეთ	4
ხოლო	შედარებით	4
ხოლო	ყველა	4
ხოლო	ქვედა	4
ხოლო	ქალები	4
ხოლო	სიმაღლე	4
ხოლო	საერთო	4
ხოლო	ორი	4
ხოლო	მცირე	4
ხოლო	მსოფლიო	4
ხოლო	მომდევნო	4
ხოლო	მასა	4
ხოლო	მარცხნივ	4
ხოლო	კანადის	4
ხოლო	დიდი	4
ხოლო	დანარჩენ	4
ხოლო	ბრიტანეთში	4
ხოლო	ბოლო	4
ხოლო	აშშ	4
ხოლო	აფხაზეთის	4
ხოლო	ადგილობრივი	4
ხოლმე	თავს	4
ხმის	ჩამწერი	4
ხის	ტოტი	4
ხიბლი	აქვს	4
ხვდებოდნენ	ერთმანეთს	4
ხვდათ	წილად	4
ხეობის	სხვა	4
ხეობაში	მდებარეობს	4
ხეობას	აკავშირებს	4
ხელში	ჩასაგდებად	4
ხელში	აიღო	4
ხელშეკრულების	პირობები	4
ხელშეკრულება	დადო	4
ხელოვნური	თანამგზავრი	4
ხელოვნების	ყველა	4
ხელოვნების	სხვადასხვა	4
ხელოვნების	ნაწარმოებთა	4
ხელოვნების	აკადემია	4
ხელნაწერთა	ინსტიტუტის	4
ხელმძღვანელობით	დაიწყო	4
ხელმძღვანელობდა	და	4
ხელისუფლებისა	და	4
ხელისუფლებას	შორის	4
ხელისუფლებას	ახორციელებს	4
ხელის	მტევნები	4
ხელი	შეუშალოს	4
ხელი	უნდა	4
ხელი	მოიტეხა	4
ხელახლა	აირჩიეს	4
ხევისწყლის	ხეობაში	4
ხეებზე	და	4
ხდებიან	და	4
ხდება	სხვადასხვა	4
ხდება	იმ	4
ხდება	ამ	4
ხახულის	ღვთისმშობლის	4
ხახულის	მონასტრის	4
ხატს	და	4
ხასიათისაა	და	4
ხარობს	ტენიან	4
ხარკის	სახით	4
ხარისხის	უზრუნველყოფის	4
ხარისხის	ორდენით	4
ხარისხი	არ	4
ხარ	შენ	4
ხანში	კი	4
ხანს	და	4
ხანისწყლის	მარჯვენა	4
ხანის	ქართული	4
ხანგრძლივი	ისტორია	4
ხანგრძლივი	ავადმყოფობის	4
ხანაში	ეს	4
ხანას	მიეკუთვნება	4
ხამურაბის	კანონები	4
ხალხური	ცეკვის	4
ხალხური	სიმღერის	4
ხალხური	სიმღერა	4
ხალხური	მუსიკის	4
ხალხურ	სიმღერებს	4
ხალხსა	და	4
ხალხს	და	4
ხალხის	სულიერი	4
ხალხი	შეიკრიბა	4
ხალხი	კი	4
ხალხთან	ერთად	4
ხალხთა	მეგობრობის	4
ხაზისა	და	4
ხაზი	და	4
ხაზებისა	და	4
ჭავჭავაძის	სახელობის	4
ჭავჭავაძემ	და	4
ჭავჭავაძე	და	4
წყლის	ორთქლის	4
წყლის	ზემოთ	4
წყაროს	და	4
წყარო	და	4
წყალში	ხსნადი	4
წყალს	და	4
წუთში	კი	4
წრის	შემდეგ	4
წონით	კატეგორიაში	4
წონა	კი	4
წოდება	კი	4
წნეხის	ქვეშ	4
წმინდა	საყდრის	4
წმინდა	ნიკოლოზი	4
წმინდა	მარიამის	4
წმინდა	ვალენტინის	4
წმინდა	ექვთიმე	4
წმინდა	ეკლესიის	4
წმინდა	ანდრიას	4
წმიდა	მამა	4
წლიური	ჯამი	4
წლისამ	დაიწყო	4
წლისათვის	უკვე	4
წლის	ჩემპიონატზე	4
წლის	ჩათვლით	4
წლის	შვილი	4
წლის	ღამეს	4
წლის	ქალი	4
წლის	ფილმში	4
წლის	ფილმის	4
წლის	ტურზე	4
წლის	საქართველო	4
წლის	რაგბის	4
წლის	ოლიმპიურ	4
წლის	მიწისძვრის	4
წლის	მეათე	4
წლის	კუბის	4
წლის	კოპა	4
წლის	კანის	4
წლის	ივნისამდე	4
წლის	ივლისის	4
წლის	იანვარს	4
წლის	თებერვლიდან	4
წლის	ზაფხულიდან	4
წლის	დეკემბრის	4
წლის	დამდეგს	4
წლის	გოგონა	4
წლის	გიორგი	4
წლის	გახლდათ	4
წლის	გამოცემას	4
წლის	ბოლოსთვის	4
წლის	ბოლო	4
წლის	ახალ	4
წლის	არჩევნების	4
წლის	აპრილის	4
წლის	ანიმაციური	4
წლის	აგვისტო	4
წლიდან	ცხოვრობდა	4
წლიდან	სწავლობდა	4
წლიდან	მონაწილეობდა	4
წლიდან	კვლავ	4
წლებშია	აგებული	4
წლებში	ჯგუფის	4
წლებში	შეიქმნა	4
წლებში	რამდენიმე	4
წლებში	იმერეთის	4
წლებში	თბილისში	4
წლებში	გუნდი	4
წლებში	განხორციელდა	4
წლების	სეზონზე	4
წლების	ომის	4
წლების	ომი	4
წლების	მიხედვით	4
წლების	დასასრულს	4
წლების	დამლევს	4
წლების	ბოლოსა	4
წლებით	თარიღდება	4
წლამდე	მსოფლიო	4
წლამდე	იარსება	4
წლამდე	ეწოდებოდა	4
წიწვოვანი	ტყე	4
წიწვოვანი	და	4
წიწვოვან	ტყეებში	4
წიწვოვან	და	4
წირვის	დროს	4
წინაშე	მდგარი	4
წინაშე	აღმოჩნდა	4
წინაშე	არ	4
წინაპრები	იყვნენ	4
წინააღმდეგობის	მოძრაობაში	4
წინააღმდეგობის	გამო	4
წინააღმდეგობას	ვერ	4
წინააღმდეგობა	ვერ	4
წინააღმდეგობა	გაუწიეს	4
წინააღმდეგ	შეთქმულების	4
წინააღმდეგ	მებრძოლი	4
წინააღმდეგ	მებრძოლ	4
წინააღმდეგ	იყო	4
წინააღმდეგ	ერთობლივი	4
წინააღმდეგ	გამოსვლა	4
წინააღმდეგ	გამოვიდა	4
წინააღმდეგ	გაიტანა	4
წინა	პოსტში	4
წინ	უნდა	4
წინ	დგას	4
წინ	არის	4
წინ	ამ	4
წითელმა	არმიამ	4
წითელი	ჯვრის	4
წითელი	ხაზი	4
წითელი	შავი	4
წითელი	ზღვის	4
წითელ	ზღვაზე	4
წიგნში	აღწერილია	4
წიგნისა	და	4
წვრილი	უხერხემლოებით	4
წვრილად	დაჭრილი	4
წვლილის	გამო	4
წვის	შედეგად	4
წვიმების	დროს	4
წესრიგს	და	4
წესრიგი	და	4
წერტილია	მთა	4
წერტილი	ზღვის	4
წერს	და	4
წერილები	და	4
წერეთლის	სახელმწიფო	4
წერა	და	4
წელს	ჯონ	4
წელს	ჯგუფს	4
წელს	ჯგუფმა	4
წელს	წარმოიშვა	4
წელს	ჩემპიონთა	4
წელს	ჩავიდა	4
წელს	შეიყვანეს	4
წელს	ქუთაისი	4
წელს	ქართველი	4
წელს	სხვა	4
წელს	სწავლობდა	4
წელს	საქართველომ	4
წელს	საფრანგეთში	4
წელს	რუსეთში	4
წელს	პრეზიდენტმა	4
წელს	მხოლოდ	4
წელს	მუშაობა	4
წელს	მოსკოვში	4
წელს	მოსკოვის	4
წელს	მოსკოვი	4
წელს	მოიპოვა	4
წელს	მიიღეს	4
წელს	მეორედ	4
წელს	მდინარე	4
წელს	მარჯანიშვილის	4
წელს	მათი	4
წელს	ლიტვის	4
წელს	კლუბმა	4
წელს	კიდევ	4
წელს	იტალიის	4
წელს	იაპონიის	4
წელს	ერთ	4
წელს	დაწერილი	4
წელს	დაქორწინდა	4
წელს	დასავლეთ	4
წელს	დადებული	4
წელს	გუნდს	4
წელს	გუნდმა	4
წელს	გასტანა	4
წელს	განხორციელდა	4
წელს	განქორწინდნენ	4
წელს	გამოაცხადა	4
წელს	გაიწვიეს	4
წელს	გაიმართა	4
წელს	გადაწყვიტა	4
წელს	გადაიღო	4
წელს	გადაიღეს	4
წელს	აშენებული	4
წელი	იმუშავა	4
წელთაღრიცხვის	პირველი	4
წელზე	მეტია	4
წევრობის	კანდიდატი	4
წევრთა	რაოდენობა	4
წევრების	მიერ	4
წევრ	სახელმწიფოებს	4
წასვლის	წინ	4
წარწერების	ფრაგმენტები	4
წარუშლელი	კვალი	4
წარმოშობის	ამერიკელი	4
წარმოქმნის	პროცესი	4
წარმომავლობა	უცნობია	4
წარმომადგენლებს	შორის	4
წარმომადგენლები	და	4
წარმოდგენილია	ყველა	4
წარმოდგენილი	და	4
წარმოდგენას	იძლევა	4
წარმოდგენა	არ	4
წარმოადგენს	ყველაზე	4
წარმოადგენს	ქვეყნის	4
წარმოადგენს	საზღვარს	4
წარმოადგენს	მცირე	4
წარმოადგენს	მნიშვნელოვან	4
წარმოადგენს	იუნესკოს	4
წარმოადგენს	ის	4
წარმოადგენს	ამ	4
წარმატებული	სეზონის	4
წარმატებული	და	4
წარმატებულ	და	4
წარმატებისა	და	4
წარმატების	შემთხვევაში	4
წარმატების	მიღწევა	4
წარმატებით	ჩაიარა	4
წარმატება	ჰქონდა	4
წარმატება	იყო	4
წარმატება	და	4
წარმართი	მოაქცია	4
წამებით	მოკლეს	4
წაგრძელებული	სხეული	4
წაბლა	ნიადაგები	4
ძნელი	არ	4
ძმები	იყვნენ	4
ძმა	და	4
ძლიერ	დაზიანებული	4
ძლიერ	დააზიანა	4
ძირითადი	წყარო	4
ძირითადი	შემადგენლობის	4
ძირითადი	პრინციპი	4
ძირითადი	მოქმედება	4
ძირითადი	კბილები	4
ძირითადი	კანონი	4
ძირითადად	შედგება	4
ძირითადად	მხოლოდ	4
ძირითადად	დასავლეთ	4
ძირითადად	არის	4
ძირითად	წყაროდ	4
ძვირფასი	სარეწაო	4
ძველმა	ბერძნებმა	4
ძველი	ქვის	4
ძველი	ქართველი	4
ძველი	სამყაროს	4
ძველი	რომაელები	4
ძველი	მეგობარი	4
ძველი	ისტორია	4
ძველი	თბილისი	4
ძველი	ეკლესია	4
ძველი	გერმანული	4
ძველ	ეგვიპტურ	4
ძველ	ეგვიპტეში	4
ძველ	დროში	4
ძველ	აღთქმაში	4
ძენი	და	4
ძეგლის	სტატუსი	4
ძეგლთა	დაცვისა	4
ძეგლები	და	4
ძე	და	4
ძე	ბაგრატიონი	4
ძე	აბაშიძე	4
ძალის	მქონე	4
ძალის	გავლენით	4
ძალიან	რთულია	4
ძალიან	რთული	4
ძალიან	პატარა	4
ძალიან	ნელა	4
ძალიან	მომწონს	4
ძალიან	გაუჭირდა	4
ძალიან	გავს	4
ძალიან	ბევრს	4
ძალიან	ახალგაზრდა	4
ძალზე	დიდი	4
ძალებს	და	4
ძალები	და	4
ძალაში	შევიდა	4
ძალას	წარმოადგენდნენ	4
ძალა	იყო	4
ძალა	დამოკიდებულია	4
ცხრილში	შეტანილია	4
ცხოვრების	წესს	4
ცხოვრების	წესით	4
ცხოვრების	შემდეგ	4
ცხოვრების	პერიოდში	4
ცხოვრების	გამო	4
ცხოვრების	არც	4
ცხოვრებაში	ყველაზე	4
ცხოვრებაში	ახალი	4
ცხოვრება	კი	4
ცხოვრება	ვარდისფერ	4
ცხინვალის	კონფლიქტის	4
ცხინვალის	ეპარქია	4
ცხენისწყლისა	და	4
ცუდად	იყო	4
ცოცხალი	იყო	4
ცოცხალი	ალბომი	4
ცოტნე	დადიანი	4
ცოტა	სხვა	4
ცოტა	მეტი	4
ცოტა	დრო	4
ცოლთან	ერთად	4
ცოლად	მიჰყვება	4
ცოდნას	და	4
ცნობილია	სახელით	4
ცნობილია	ამ	4
ცნობილი	შვედი	4
ცნობილი	ფრაზა	4
ცნობილი	სიმღერები	4
ცნობილი	რუსი	4
ცნობილი	პოეტი	4
ცნობილი	ისტორიული	4
ცნობილი	ასევე	4
ცნობილი	არიან	4
ცნობილი	ადამიანი	4
ცნობილი	ადამიანები	4
ცნობილ	და	4
ციფრული	სახით	4
ცისფერი	და	4
ცის	მექანიკის	4
ციმბირში	და	4
ციმბირში	გადაასახლეს	4
ცილინდრული	ფორმის	4
ცივი	ჰაერის	4
ცივი	იარაღი	4
ცვლილება	და	4
ცეცხლსასროლი	იარაღის	4
ცეცხლისა	და	4
ცენტრში	მოექცა	4
ცენტრში	კი	4
ცენტრს	წარმოადგენს	4
ცენტრი	ხდება	4
ცენტრი	ქალაქი	4
ცენტრალური	სტადიონი	4
ცენტრალური	სამხედრო	4
ცენტრალური	საარჩევნო	4
ცენტრალურ	რეგიონში	4
ცენტრალურ	იტალიაში	4
ცენტრალურ	თურქეთი	4
ცენტრალურ	ბოლივიაში	4
ცენტრ	სიდნეის	4
ცენტრ	სიდნეიდან	4
ცენზურის	გამო	4
ცდის	შემდეგ	4
ცდილობდა	მისი	4
ცარცული	კირქვებით	4
ცალკე	რაიონად	4
ცაიშის	საეპისკოპოსოს	4
ცაგერისა	და	4
ცა	და	4
ჩქიმ	ხოლოს	4
ჩუკოტკის	ნახევარკუნძული	4
ჩრდილოეთის	ზღვის	4
ჩრდილოეთის	ზღვაში	4
ჩრდილოეთით	კი	4
ჩრდილოეთიდან	და	4
ჩრდილოეთი	კალთა	4
ჩრდილოეთი	ამერიკის	4
ჩრდილოეთ	შვედეთი	4
ჩრდილოეთ	სირიაში	4
ჩრდილოეთ	პერუში	4
ჩრდილოეთ	მთისწინეთში	4
ჩრდილოეთ	კაროლინის	4
ჩრდილოეთ	კალთის	4
ჩრდილოეთ	კავკასიასა	4
ჩრდილოეთ	ესპანეთი	4
ჩრდილოატლანტიკური	ხელშეკრულების	4
ჩრდილო	კავკასიაში	4
ჩრდილო	დასავლეთით	4
ჩინოვნიკის	ოჯახში	4
ჩილეს	სახელმწიფო	4
ჩილეს	სამხრეთ	4
ჩილეს	კომუნები	4
ჩილეს	დროებითი	4
ჩილე	და	4
ჩიკაგოს	უნივერსიტეტი	4
ჩვიდმეტი	წლის	4
ჩვენს	ხელთ	4
ჩვენს	ეთერში	4
ჩვენს	დრომდე	4
ჩვენი	საქართველო	4
ჩვენი	სამშობლო	4
ჩვენი	ეზო	4
ჩვენთვის	ცნობილი	4
ჩვენთვის	უცნობია	4
ჩვენ	შეგვიძლია	4
ჩვენ	ვცდილობთ	4
ჩვენ	ვფიქრობთ	4
ჩვენ	და	4
ჩვენ	გვყავს	4
ჩვენ	ამას	4
ჩეჩნეთის	პირველი	4
ჩემს	შვილს	4
ჩემპიონის	წოდება	4
ჩემპიონი	და	4
ჩემპიონატის	შემდეგ	4
ჩემპიონატის	სიმბოლურ	4
ჩემპიონატის	საკვალიფიკაციო	4
ჩემპიონატის	პირველი	4
ჩემპიონატი	წყალბურთში	4
ჩემის	აზრით	4
ჩემი	შვილის	4
ჩემი	ფავორიტი	4
ჩემი	თაობის	4
ჩემ	მიერ	4
ჩელენჯერის	სერიის	4
ჩაწერის	დროს	4
ჩაწერაში	მონაწილეობდა	4
ჩაწერა	მიმდინარეობდა	4
ჩაცმის	სტილი	4
ჩაუტარდა	და	4
ჩატარებული	მატჩების	4
ჩატარებული	კონცერტის	4
ჩატარებული	არქეოლოგიური	4
ჩატარების	შესახებ	4
ჩატარდა	საქართველოს	4
ჩარტების	სათავეში	4
ჩარტების	სათავეებში	4
ჩარლზ	იქსევიერი	4
ჩარევა	არ	4
ჩანს	როგორ	4
ჩანს	მის	4
ჩამქრალი	ვულკანი	4
ჩამოყალიბებული	სახე	4
ჩამოყალიბების	შემდეგ	4
ჩამოყალიბების	პერიოდში	4
ჩამოვიდა	და	4
ჩაის	ჭიქა	4
ჩათვალა	და	4
ჩაეყარა	საფუძველი	4
ჩაედინება	კარიბის	4
ჩაება	რევოლუციურ	4
ჩაგდების	შემდეგ	4
ჩაბარების	შემდეგ	4
შუაოკეანური	ქედები	4
შუალედური	კულტურები	4
შუა	ხნის	4
შუა	საუკუნეთა	4
შუა	საუკუნეებს	4
შუა	ორ	4
შუა	ეკლესიის	4
შუა	გზაზე	4
შუა	ბრინჯაოს	4
შუა	აზიასა	4
შტატს	სახელი	4
შტატის	ვიქტორია	4
შტატებსა	და	4
შტატებს	შორის	4
შტატების	რიგით	4
შს	მინისტრი	4
შრომები	ძირითადად	4
შრომა	და	4
შორს	მყოფი	4
შორს	იყო	4
შორს	არ	4
შორისაა	მოქცეული	4
შორის	შეიძლება	4
შორის	ურთიერთქმედება	4
შორის	საქართველოშიც	4
შორის	საქართველოს	4
შორის	საუკეთესო	4
შორის	სამი	4
შორის	რამდენიმე	4
შორის	პირველი	4
შორის	პირველ	4
შორის	მოხდა	4
შორის	მთავარი	4
შორის	მერყეობს	4
შორის	მანძილის	4
შორის	მან	4
შორის	კიდევ	4
შორის	თავად	4
შორის	დაპირისპირების	4
შორის	დაიწყო	4
შორის	განსხვავება	4
შორის	განსაკუთრებული	4
შორის	გამართული	4
შორის	გაიმართა	4
შორის	ბრძოლაში	4
შორის	ბევრი	4
შორ	მანძილზე	4
შობს	ერთ	4
შიში	და	4
შიო	არაგვისპირელი	4
შინაგანი	და	4
შინაარსი	და	4
შიდა	რაიონებში	4
შთამომავლები	იყვნენ	4
შთაბეჭდილებას	ახდენს	4
შვილს	და	4
შვილიშვილი	იყო	4
შვილი	ჰყავდა	4
შვიდი	ჯუჯა	4
შვა	ძენი	4
შეხვედრები	და	4
შეხვედრა	და	4
შეხვედრა	გაიმართა	4
შეხვდნენ	და	4
შეხედულებები	და	4
შეცდომა	იყო	4
შეყვარებული	და	4
შეყვანილი	იქნა	4
შექმნისა	და	4
შექმნის	იდეას	4
შექმნილი	მუსიკალური	4
შექმნილი	ვითარებით	4
შეფასების	საფუძველზე	4
შეფასებები	დაიმსახურა	4
შეუძლია	საკუთარი	4
შეუძლია	მხოლოდ	4
შეუძლია	მათი	4
შეუძლია	გამოიწვიოს	4
შეუძლია	ადამიანის	4
შეუიარაღებელი	თვალით	4
შეტანილია	ძეგლები	4
შეტანილია	როგორც	4
შეტანილი	წვლილისათვის	4
შეტანილი	ყველა	4
შეტანილი	დიდი	4
შეტაკების	შემდეგ	4
შესწავლისა	და	4
შესწავლის	საგანი	4
შესწავლა	დაიწყო	4
შესრულებულად	ითვლება	4
შესრულების	ხარისხით	4
შესრულების	მანერა	4
შესახებ	ძალიან	4
შესახებ	ცოტა	4
შესახებ	კანონის	4
შესახებ	თუ	4
შესაძლოა	ყველაზე	4
შესაძლოა	მათ	4
შესაძლებლობების	მქონე	4
შესაძლებელს	ხდის	4
შესაძლებელია	იყოს	4
შესაძლებელია	ამ	4
შესაძლებელი	იქნება	4
შესაქმნელად	და	4
შესარჩევი	ტური	4
შესანიშნავად	გაართვა	4
შესაბამისად	არ	4
შერჩევა	ხდება	4
შერჩევა	და	4
შერეული	ტყით	4
შენობის	საერთო	4
შენობა	მდებარეობს	4
შენობა	აშენდა	4
შენიშნა	და	4
შენი	საიტი	4
შენი	მტერი	4
შენი	და	4
შენახვა	და	4
შენატანების	ზომა	4
შენარჩუნებას	და	4
შენ	უნდა	4
შენ	რომ	4
შენ	მიყვარხარ	4
შენ	თუ	4
შემცველობა	დედამიწის	4
შემოღების	შემდეგ	4
შემოქმედების	მთავარი	4
შემოსაზღვრულია	ესპანეთის	4
შემოსავალი	მოუტანა	4
შემორჩენილია	ქართული	4
შემორჩენილია	აგრეთვე	4
შემონახულია	შუა	4
შემოდგომის	დასაწყისში	4
შემიძლია	ვთქვა	4
შემთხვევაში	უფრო	4
შემთხვევაში	მე	4
შემთხვევაში	მას	4
შემთხვევაში	ისინი	4
შემდეგი	ფილმი	4
შემდეგი	რეგიონები	4
შემდეგი	ორი	4
შემდეგი	თანმიმდევრობით	4
შემდეგაც	ის	4
შემდეგ	ჯგუფი	4
შემდეგ	ხდება	4
შემდეგ	წმინდანი	4
შემდეგ	წელს	4
შემდეგ	ძვ	4
შემდეგ	ცხადი	4
შემდეგ	ჩააბარა	4
შემდეგ	უკან	4
შემდეგ	სხვა	4
შემდეგ	საბჭოთა	4
შემდეგ	პირველად	4
შემდეგ	ორი	4
შემდეგ	მიიღეს	4
შემდეგ	მე	4
შემდეგ	მალევე	4
შემდეგ	იქნა	4
შემდეგ	თქვა	4
შემდეგ	თეატრის	4
შემდეგ	დარჩა	4
შემდეგ	განაცხადა	4
შემდეგ	გადავიდა	4
შემდეგ	ბევრი	4
შემდეგ	აღარ	4
შემდეგ	არის	4
შემდეგ	ალექსანდრე	4
შემდგომში	კი	4
შემდგომი	განვითარება	4
შემდგომ	ის	4
შემდგომ	იგი	4
შემადგენლობაში	არ	4
შემადგენელ	ნაწილს	4
შეკრიბა	ჯარი	4
შეიჭრნენ	და	4
შეიძლებოდა	ყოფილიყო	4
შეიძლება	ჩაიწეროს	4
შეიძლება	რამდენიმე	4
შეიძლება	რაიმე	4
შეიძლება	ორ	4
შეიძლება	მოიცავდეს	4
შეიძლება	მალე	4
შეიძლება	იყვნენ	4
შეიძლება	განხორციელდეს	4
შეიძლება	განისაზღვროს	4
შეიძლება	გაგრძელდეს	4
შეიძლება	აღმოჩნდეს	4
შეიცავს	სხვადასხვა	4
შეიცავს	ეთეროვან	4
შეიტანა	მსოფლიო	4
შეიარაღებულ	ძალებში	4
შეთანხმების	თანახმად	4
შეეცვალა	და	4
შეერთება	რუსეთთან	4
შედის	რუსეთის	4
შედის	და	4
შედის	ასევე	4
შედის	აგრეთვე	4
შედეგების	საფუძველზე	4
შედეგად	შეიძლება	4
შედეგად	შეიქმნა	4
შედეგად	მოპოვებული	4
შედეგად	დადგინდა	4
შედეგად	ამ	4
შედგებოდა	რამდენიმე	4
შედგებოდა	და	4
შედგება	ხუთი	4
შედგება	შვიდი	4
შედგება	რამდენიმე	4
შედგება	მხოლოდ	4
შედგება	ერთი	4
შედარებით	ძლიერი	4
შედარებით	ნაკლები	4
შედარებით	მოკლე	4
შედარებით	იშვიათია	4
შედარებით	დაბალ	4
შეასრულა	და	4
შეადგენს	მიახლოებით	4
შაჰ	აბასის	4
შარდის	საერთო	4
შანსი	მისცა	4
შანსი	არ	4
შალვა	და	4
შავი	ხვრელი	4
შავი	ფიგურებით	4
შავი	ტბა	4
შავი	ზღვისპირა	4
შავი	აქვს	4
შავად	ჩაწერილია	4
შავ	ზღვასთან	4
ყურეში	მდებარეობს	4
ყურე	და	4
ყურადღებას	და	4
ყურადღებას	აქცევს	4
ყურადღებას	ამახვილებდა	4
ყურადღება	მიაქცია	4
ყურადღება	გაამახვილა	4
ყრილობის	დელეგატი	4
ყოფნის	პერიოდში	4
ყოფილი	წევრი	4
ყოფილი	პრეზიდენტის	4
ყოფილი	მწვრთნელი	4
ყოველწლიურად	დაახლოებით	4
ყოველკვირეული	გაზეთი	4
ყოველი	თვის	4
ყოველთვის	იყო	4
ყოველ	ჩვენგანს	4
ყოველ	საღამოს	4
ყოველ	კუთხეში	4
ყირიმსა	და	4
ყირიმის	სამხრეთ	4
ყვირილისა	და	4
ყვირილის	აუზი	4
ყვითელი	ყვავილები	4
ყვითელი	ფერის	4
ყვითელი	ფერი	4
ყვითელი	პრესა	4
ყველაფერი	შეიცვალა	4
ყველაფერი	კარგადაა	4
ყველაფერი	გააკეთა	4
ყველასთვის	მოულოდნელად	4
ყველას	გირჩევთ	4
ყველანაირად	ცდილობდა	4
ყველაზე	ხანდაზმული	4
ყველაზე	ძვირადღირებული	4
ყველაზე	შემოსავლიანი	4
ყველაზე	ფართო	4
ყველაზე	უფროსი	4
ყველაზე	ტიტულოვანი	4
ყველაზე	სრულყოფილი	4
ყველაზე	სრულყოფილ	4
ყველაზე	სექსუალური	4
ყველაზე	საშიში	4
ყველაზე	სასაცილო	4
ყველაზე	ნაკლებად	4
ყველაზე	მძლავრი	4
ყველაზე	მრავალრიცხოვანი	4
ყველაზე	მკაფიოდ	4
ყველაზე	მეტჯერ	4
ყველაზე	მდიდარი	4
ყველაზე	ერთგული	4
ყველაზე	დახვეწილი	4
ყველაზე	დასავლეთით	4
ყველაზე	გრძელია	4
ყველაზე	გვიან	4
ყველაზე	გაყიდვად	4
ყველაზე	ახალი	4
ყველა	შემთხვევაში	4
ყველა	ქართული	4
ყველა	ფორმა	4
ყველა	ტექსტი	4
ყველა	სოფელში	4
ყველა	საშუალება	4
ყველა	საბჭოთა	4
ყველა	რაიონში	4
ყველა	პირობა	4
ყველა	მნიშვნელოვან	4
ყველა	კუთხიდან	4
ყველა	კუთხე	4
ყველა	კონტინენტზე	4
ყველა	კომპოზიცია	4
ყველა	ვინც	4
ყველა	ენაში	4
ყველა	დიდი	4
ყველა	დანარჩენს	4
ყველა	ბავშვი	4
ყვარლის	მუნიციპალიტეტის	4
ყვავილედებად	შეკრებილი	4
ყვავილები	აქვს	4
ყდის	ავტორია	4
ყაზბეგის	რაიონი	4
ღრმად	არის	4
ღრმა	ზღვის	4
ღმერთის	და	4
ღირსი	მამის	4
ღირსი	იოანე	4
ღირსეული	ადგილი	4
ღირსებისა	და	4
ღირსებას	იცავდა	4
ღირებულების	გამო	4
ღია	გასაღების	4
ღია	ბოქლომმა	4
ღია	ადგილებში	4
ღვინოს	და	4
ღვინო	და	4
ღვინის	და	4
ღვთისმშობლის	ხატს	4
ღვთისმშობლის	შობის	4
ღვთის	წყალობით	4
ღვთის	წინაშე	4
ღვთის	მიმართ	4
ღვთის	მადლით	4
ღვთაებრივი	კომედია	4
ღეროსა	და	4
ღეროს	სიმაღლე	4
ღეროებსა	და	4
ღამის	ხედვის	4
ღამის	კლუბები	4
ღამით	კი	4
ქცევითი	დარღვევების	4
ქუჩაზე	მდებარე	4
ქურუმი	იყო	4
ქურთული	ენის	4
ქულების	მიხედვით	4
ქუთაისისა	და	4
ქუთაისის	ქართული	4
ქუთაისის	სააპელაციო	4
ქუდის	დიამეტრი	4
ქსნის	ხეობა	4
ქსნის	მარცხენა	4
ქრისტიანული	წესით	4
ქრისტიანული	სარწმუნოება	4
ქრისტიანული	მოძღვრების	4
ქრისტიანულ	სამყაროში	4
ქრისტეს	მეორედ	4
ქონების	კონფისკაცია	4
ქმნის	მდინარე	4
ქლორი	და	4
ქიმიური	თვისებების	4
ქიმიური	ელემენტების	4
ქიმიურ	ელემენტთა	4
ქვიშიანი	უდაბნო	4
ქვიშიანი	და	4
ქვის	ხანა	4
ქვეშ	კი	4
ქვეშ	იმყოფება	4
ქვეშ	დააყენა	4
ქვეყნის	ძირითადი	4
ქვეყნის	ცხოვრებაში	4
ქვეყნის	ჩრდილოეთში	4
ქვეყნის	ფართობის	4
ქვეყნის	ფარგლებს	4
ქვეყნის	უმსხვილესი	4
ქვეყნის	უმაღლესი	4
ქვეყნის	სიდიდით	4
ქვეყნის	პოლიტიკურ	4
ქვეყნის	მთელ	4
ქვეყნის	მთავარ	4
ქვეყნის	მართვას	4
ქვეყნის	ისტორიაში	4
ქვეყნის	დიდი	4
ქვეყნის	და	4
ქვეყნები	და	4
ქვეყანაში	მიმდინარე	4
ქვეყანაში	არ	4
ქვეყანას	და	4
ქვეყანას	არ	4
ქვეყანა	იყოფა	4
ქვემოთ	ჩამოთვლილია	4
ქვემოთ	მოყვანილია	4
ქვემოთ	არის	4
ქვეითი	ჯარის	4
ქვეითთა	პოლკში	4
ქვეითთა	პოლკი	4
ქვედა	სარტყელში	4
ქვედა	ნაწილის	4
ქვაზე	ამოკვეთილია	4
ქვა	ქვაზე	4
ქეთევან	არახამია	4
ქედს	შორის	4
ქედის	სამხრეთი	4
ქედის	დასავლეთით	4
ქაქუცა	ჩოლოყაშვილის	4
ქართულმა	ეკლესიამ	4
ქართული	ჯარი	4
ქართული	ხუროთმოძღვრული	4
ქართული	ხმები	4
ქართული	წიგნი	4
ქართული	ძეგლების	4
ქართული	ტომები	4
ქართული	სული	4
ქართული	სიტყვა	4
ქართული	სახელმძღვანელო	4
ქართული	სამეცნიერო	4
ქართული	სამართლის	4
ქართული	საისტორიო	4
ქართული	პროზის	4
ქართული	ოპერა	4
ქართული	მხარე	4
ქართული	მართლმადიდებლური	4
ქართული	კულტურული	4
ქართული	კულტურა	4
ქართული	ისტორიული	4
ქართული	თეატრი	4
ქართული	ვერსიის	4
ქართული	ენციკლოპედიის	4
ქართული	დელეგაცია	4
ქართული	დამწერლობის	4
ქართული	დამწერლობა	4
ქართული	არქიტექტურის	4
ქართულ	ფილმში	4
ქართულ	საზოგადოებაში	4
ქართულ	საზოგადოებას	4
ქართულ	მწერლობაში	4
ქართულ	თეატრში	4
ქართულ	ეროვნულ	4
ქართულ	ანბანში	4
ქართლის	ცხოვრების	4
ქართლის	ქედის	4
ქართლის	ვაკის	4
ქართველი	საზოგადო	4
ქართველი	პუბლიცისტი	4
ქართველი	მორაგბე	4
ქართველი	მეფეები	4
ქართველი	კომპოზიტორების	4
ქართველი	იყო	4
ქართველი	გეოგრაფია	4
ქართველი	ბიზნესმენი	4
ქართველთა	ჯარი	4
ქართველთა	ლაშქარმა	4
ქართველთა	ლაშქარი	4
ქართველებს	შორის	4
ქართველები	იყვნენ	4
ქართველ	ხალხთა	4
ქართველ	პოლიტიკოსთა	4
ქართველ	მხატვართა	4
ქალკედონის	მსოფლიო	4
ქალიშვილი	მისი	4
ქალიშვილი	იყო	4
ქალთა	უმაღლესი	4
ქალთა	საერთაშორისო	4
ქალებისა	და	4
ქალაქში	მიედინება	4
ქალაქში	ასევე	4
ქალაქური	ტიპის	4
ქალაქს	შორის	4
ქალაქს	კანადის	4
ქალაქის	ძირითადი	4
ქალაქის	ცენტრიდან	4
ქალაქის	ყველა	4
ქალაქის	ქუჩებში	4
ქალაქის	ფართობია	4
ქალაქის	სახელი	4
ქალაქის	პირველი	4
ქალაქის	მთავარ	4
ქალაქის	ეკონომიკა	4
ქალაქი	წარმოადგენს	4
ქალაქი	უძველესი	4
ქალაქი	რომი	4
ქალაქი	კანადაში	4
ქალაქი	დასავლეთ	4
ქალაქი	განლაგებულია	4
ქალაქი	არგენტინაში	4
ქალაქი	ავსტრალია	4
ქალაქთან	ახლოს	4
ქალაქებსა	და	4
ქალაქად	ითვლება	4
ქალაქ	ფოთის	4
ფუძემდებლად	ითვლება	4
ფუძე	და	4
ფუნქცია	ჰქონდა	4
ფუნქცია	და	4
ფულისა	და	4
ფული	არ	4
ფუკოს	ქანქარა	4
ფსიქიკური	განვითარების	4
ფსიქიკურ	და	4
ფრონტი	უცვლელია	4
ფრინველები	არიან	4
ფრიდრიხ	კარლ	4
ფრიდრიხ	ენგელსის	4
ფრედ	ითმაშეს	4
ფრანცისკანელთა	ორდენი	4
ფრანგი	მსახიობი	4
ფრანგი	და	4
ფრანგების	მიერ	4
ფოტოების	გადაღება	4
ფორტეპიანოზე	დაკვრა	4
ფორტეპიანოზე	და	4
ფორმა	ჰქონდა	4
ფორმა	აქვთ	4
ფორესტ	გამპი	4
ფონდის	საქმიანობას	4
ფონდის	მიერ	4
ფონდების	რიცხვი	4
ფოთლოვანი	ტყით	4
ფოთის	პორტი	4
ფლორითა	და	4
ფიქლები	და	4
ფირფიტისა	და	4
ფირფიტა	და	4
ფინანსური	ცენტრი	4
ფინანსური	პრობლემების	4
ფინალური	ტურნირის	4
ფინალურ	მატჩში	4
ფილოსოფიური	სისტემის	4
ფილოსოფიასა	და	4
ფილოლოგიურ	მეცნიერებათა	4
ფილოლოგიის	ფაკულტეტზე	4
ფილმში	მოთხრობილია	4
ფილმში	ასევე	4
ფილმმა	მიიღო	4
ფილმისთვის	და	4
ფილმის	შემდეგ	4
ფილმის	სახელწოდება	4
ფილმის	მოკლე	4
ფილმის	გმირი	4
ფილმი	გადაიღო	4
ფილმი	ასახავს	4
ფილმი	ამ	4
ფილიპე	მახარაძის	4
ფიზიკური	შეურაცხყოფა	4
ფიზიკური	აღზრდის	4
ფიზიკურად	არ	4
ფიზიკოსი	და	4
ფიზიკის	დარგში	4
ფიდელ	კასტროს	4
ფეხზე	და	4
ფეხბურთიდან	წასვლის	4
ფეხბურთელის	ტიტული	4
ფეხბურთელი	და	4
ფესტივალის	ფარგლებში	4
ფერწერისა	და	4
ფეოდალური	საგვარეულო	4
ფეოდალური	კლასის	4
ფენიქსის	ორდენი	4
ფელიქს	რიბასის	4
ფედერაციის	წევრი	4
ფედერალური	სამსახურის	4
ფედერალური	რეზერვის	4
ფედერალური	ოკრუგი	4
ფედერალური	მხარის	4
ფაშისტური	იდეოლოგიის	4
ფაშისტური	გერმანიის	4
ფაქტობრივად	არ	4
ფაქტია	რომ	4
ფაქტი	რომ	4
ფაქტი	დაედო	4
ფართოფოთლოვანი	ტყით	4
ფართობით	ყველაზე	4
ფართო	საზოგადოებისთვის	4
ფართო	მნიშვნელობით	4
ფართო	დიაპაზონის	4
ფარდობითობის	სპეციალურ	4
ფარდობითობის	ზოგადი	4
ფარდის	მიღმა	4
ფანჯარა	ეზოს	4
ფანტასტიკური	ჟანრის	4
ფაბიო	კაპელოს	4
უხრწნელი	ნაწილები	4
უხეში	ძალის	4
უწევდა	მეტოქეობას	4
უძლიერესი	სახელმწიფო	4
უძველესი	ქალაქია	4
უძველესი	დროიდანვე	4
უძველეს	ხანაში	4
უცხოური	ენების	4
უცხო	ენებზე	4
უცნობია	თუ	4
უცნაური	და	4
უცენზურო	სიტყვებით	4
უშუალო	მონაწილეობით	4
უშიშროების	სამსახურის	4
უშიშროების	საბჭო	4
უშიშროების	კომიტეტი	4
უშვებს	და	4
უშედეგო	აღმოჩნდა	4
უფსკრულის	პირას	4
უფროსმა	ძმამ	4
უფროსი	ძმის	4
უფრო	ძლიერია	4
უფრო	ძველია	4
უფრო	ქვემოთ	4
უფრო	უკეთ	4
უფრო	სწრაფი	4
უფრო	რთულია	4
უფრო	პატარა	4
უფრო	ნაკლები	4
უფრო	მჭიდროდ	4
უფრო	მსხვილი	4
უფრო	მალე	4
უფრო	კარგი	4
უფრო	თანამედროვე	4
უფრო	ეფექტურია	4
უფრო	ენერგიული	4
უფრო	დაწვრილებით	4
უფრო	დაბალია	4
უფრო	გვიანდელი	4
უფრო	ახლო	4
უფრო	ადრეული	4
უფლის	რჩეულმა	4
უფლების	მქონე	4
უფლებების	დამცველი	4
უფლებამოსილების	ვადა	4
უფლებათა	ცენტრის	4
უფლებათა	და	4
უფალმა	იესო	4
უფალი	ღმერთი	4
უფალი	იესო	4
უფალი	და	4
უსიამოვნო	სუნი	4
უსახლკაროდ	დარჩა	4
უსაფრთხოების	დაცვის	4
ურიელ	აკოსტა	4
ურთიერთობებისა	და	4
ურთიერთობები	რუსეთთან	4
ურთიერთობები	დამყარდა	4
ურთიერთობა	ჰქონდათ	4
ურთიერთობა	და	4
ურთიერთობა	არ	4
ურალის	მთების	4
უოლკერ	ბუშის	4
უოლკერ	ბუში	4
უნიკალური	და	4
უნივერსიტეტის	სამეცნიერო	4
უნივერსიტეტის	მიერ	4
უნივერსიტეტის	მეცნიერებმა	4
უნივერსიტეტის	დაარსების	4
უნივერსიტეტის	აღმოსავლეთმცოდნეობის	4
უნდა	შესულიყო	4
უნდა	შეეძლოს	4
უნდა	მოთავსდეს	4
უნდა	მიმართოს	4
უნდა	მიიღონ	4
უნდა	მივცეთ	4
უნდა	იცოდე	4
უნდა	ვიყოთ	4
უნდა	დარჩეს	4
უნდა	დარჩენილიყო	4
უნდა	დავივიწყოთ	4
უნდა	გასულიყო	4
უნდა	განახორციელოს	4
უნდა	გამოსულიყო	4
უნდა	გამოიყენოს	4
უნდა	გავიგოთ	4
უნდა	გავაკეთო	4
უნდა	გაევლო	4
უნდა	გადაეხადა	4
უნდა	აღვნიშნოთ	4
უნდა	აღემატებოდეს	4
უნდა	არსებობდეს	4
უნარებისა	და	4
უმცროსი	შვილი	4
უმსხვილესი	ქალაქი	4
უმრავლესობა	და	4
უმნიშვნელოვანეს	როლს	4
უმთავრესი	მიზეზი	4
უმთავრესი	და	4
უმეტესობა	ცხოვრობს	4
უმეტეს	ნაწილში	4
უმაღლესმა	სასამართლომ	4
უმაღლესი	სასამართლო	4
უმაღლესი	პოზიცია	4
უმაღლესი	თანამდებობის	4
უმაღლესი	და	4
უმაღლეს	საფეხბურთო	4
უკიდურეს	ჩრდილოეთში	4
უკიდურეს	ჩრდილოეთ	4
უკვე	ძვ	4
უკვე	ჩამოყალიბებული	4
უკვე	ორი	4
უკვე	იყო	4
უკვე	ერთი	4
უკვე	ახალი	4
უკვე	აქვს	4
უკვე	არსებულ	4
უკვე	არსებობდა	4
უკვე	არ	4
უკეთესი	ცხოვრების	4
უკეთეს	შემთხვევაში	4
უკანასკნელმა	კი	4
უკანასკნელის	გარდაცვალების	4
უკანასკნელი	წლები	4
უკანასკნელი	მონაცემებით	4
უკანასკნელი	მეფე	4
უკანასკნელ	ხანს	4
უკანა	ნაწილი	4
უკანა	მხარე	4
უკან	კი	4
უკან	დაეხიათ	4
უკან	დაბრუნებისას	4
უკავშირდება	და	4
უკავია	მოსახლეობის	4
უინსტონ	ჩერჩილი	4
უილიამ	ჰენრი	4
უილიამ	შექსპირი	4
უილიამ	მორის	4
უთხრა	მათ	4
უთანასწორო	ბრძოლაში	4
უზენაესმა	საბჭომ	4
უელსის	ოფიციალური	4
უდიდესი	წვლილი	4
უდიდესი	პოპულარობით	4
უდიდესი	ავტორიტეტით	4
უდიდეს	ქალაქს	4
უდევს	საფუძვლად	4
უდაბნოსა	და	4
უბრალო	დამატება	4
უბრალო	და	4
უბრალო	ადამიანები	4
უბედური	შემთხვევის	4
უაღრესად	მნიშვნელოვანი	4
უარყოფითი	მხარეები	4
უარყოფითი	დამოკიდებულება	4
უარყოფითად	მოქმედებს	4
უარყოფითად	დამუხტული	4
უარს	აცხადებს	4
უარის	თქმის	4
უარის	თქმით	4
უარი	უთხრეს	4
უარი	განუცხადა	4
უანუკოს	რეგიონის	4
უამრავი	სახეობა	4
ტყის	ზედა	4
ტყითაა	დაფარული	4
ტყით	დაფარული	4
ტყვეთა	ბანაკში	4
ტყვე	და	4
ტურნირში	უკეთესი	4
ტურნირი	ტურნირი	4
ტურნირი	და	4
ტურნე	დაიწყო	4
ტურისტულ	ღირსშესანიშნაობას	4
ტურისტი	ჩადის	4
ტურის	შედეგები	4
ტურინის	იუვენტუსი	4
ტურიზმის	სფეროში	4
ტურიზმის	განვითარების	4
ტროპიკული	ტყეების	4
ტროპიკული	ტყე	4
ტროპიკულ	ქვეყნებში	4
ტროპიკულ	აფრიკაში	4
ტრირის	უნივერსიტეტი	4
ტრადიციას	და	4
ტრაგიკული	მოვლენების	4
ტრაგიკულად	დაიღუპა	4
ტომ	იორკი	4
ტიხრული	მინანქარი	4
ტიტულის	მოპოვება	4
ტიტიკაკას	ტბა	4
ტირილი	და	4
ტირენიის	ზღვაში	4
ტირაჟით	გაიყიდა	4
ტიპისაა	და	4
ტიპის	ეკლესია	4
ტეხურის	მარცხენა	4
ტეხასის	შტატის	4
ტექტონიკური	მოძრაობები	4
ტექსტის	ავტორი	4
ტექნოლოგია	და	4
ტექნიკური	შესრულების	4
ტექნიკური	მონაცემები	4
ტერიტორიული	წყლები	4
ტერიტორიული	ერთეულების	4
ტერიტორიის	ფართობია	4
ტერიტორიის	ნაწილი	4
ტერიტორიაზე	დაარსდა	4
ტერიტორიაზე	გავრცელებულია	4
ტერიტორიაზე	არსებობდა	4
ტერიტორია	შედის	4
ტერიტორია	მიეკუთვნება	4
ტერიტორია	კი	4
ტენიან	ტროპიკულ	4
ტელე	და	4
ტბის	წყლის	4
ტბის	ფართობი	4
ტბის	სიახლოვეს	4
ტბის	რაიონში	4
ტბის	ნაპირზე	4
ტბის	ნაპირას	4
ტბის	დასავლეთით	4
ტბები	და	4
ტბა	ნიკარაგუა	4
ტახტზე	მჯდომი	4
ტაძრის	ტერიტორიაზე	4
ტაძრის	ეზოში	4
ტაძარში	იყო	4
ტანჯვისა	და	4
ტანისა	და	4
ტანად	პატარა	4
ტალახის	ვულკანი	4
სჯეროდა	რომ	4
სხვადასხვა	წყაროს	4
სხვადასხვა	სიმაღლეზე	4
სხვადასხვა	სახეობა	4
სხვადასხვა	სახელმწიფო	4
სხვადასხვა	საერთაშორისო	4
სხვადასხვა	პერიოდის	4
სხვადასხვა	კულტურული	4
სხვადასხვა	ვარიანტი	4
სხვადასხვა	ენაში	4
სხვადასხვა	ენაზე	4
სხვადასხვა	გზით	4
სხვა	ხალხები	4
სხვა	ხალხებთან	4
სხვა	ცნობილ	4
სხვა	ყველა	4
სხვა	სახელმწიფო	4
სხვა	საერთაშორისო	4
სხვა	პოლიტიკური	4
სხვა	პლანეტებზე	4
სხვა	მხრივ	4
სხვა	მუსიკოსებთან	4
სხვა	მნიშვნელობით	4
სხვა	ენებთან	4
სხვა	გადაფრინდა	4
სხვა	ბუნებრივი	4
სხვა	არაფერია	4
სხვა	ანალოგიური	4
სხვა	ადგილას	4
სხვა	ადამიანების	4
სხეულის	წინა	4
სხეულის	უკანა	4
სხეულის	საერთო	4
სწრაფი	ტემპით	4
სწორკუთხა	ნიშია	4
სწორი	თანამიმდევრობით	4
სწორედ	მას	4
სწორედ	იმიტომ	4
სწორედ	იგი	4
სწორედ	ახლა	4
სწორედ	აქედან	4
სწორედ	ამგვარი	4
სწორედ	ამას	4
სწორად	შეაფასა	4
სწავლასთან	ერთად	4
სწავლა	და	4
სცენის	ტექნიკური	4
სცენაზე	დაიდგა	4
სქესობრივი	პროცესი	4
სქემის	მიხედვით	4
სუფთად	გათლილი	4
სურვილი	გამოთქვა	4
სურვილი	აქვს	4
სურვილი	არ	4
სურათი	და	4
სურათზე	გამოსახული	4
სუპერთასი	და	4
სულიერი	სიმტკიცე	4
სულიერ	და	4
სული	და	4
სულ	ორი	4
სულ	ერთი	4
სუბტროპიკული	ჰავის	4
სუბტროპიკულ	წყლებში	4
სტუმრები	იყვნენ	4
სტუმრად	ჩვენს	4
სტუმარი	იყო	4
სტუდიურ	ალბომს	4
სტუდიურ	ალბომზე	4
სტუდენტობის	პერიოდში	4
სტუდენტი	და	4
სტუდენტებისა	და	4
სტრუქტურასა	და	4
სტრუქტურას	და	4
სტრატეგიული	შესყიდვის	4
სტრატეგიული	კვლევების	4
სტიქიური	უბედურების	4
სტილში	და	4
სტივ	ჯობსის	4
სტატუსით	სარგებლობს	4
სტატისტიკის	ინსტიტუტის	4
სტატიკური	და	4
სტატიის	სათაური	4
სტატია	და	4
სსრ	სახელმწიფო	4
სსრ	დამსახურებული	4
სრულუფლებიანი	წევრი	4
სრულიად	საკავშირო	4
სრულიად	განადგურდა	4
სრული	ჩანაწერი	4
სრული	კრებული	4
სრული	დამოუკიდებლობა	4
სრული	და	4
სპორტული	კომპლექსი	4
სპორტის	სასახლე	4
სპეციალური	წესების	4
სპეციალური	კომისია	4
სპეციალურად	შექმნილი	4
სპექტაკლის	თარიღი	4
სოციალური	წყობა	4
სოციალური	ქსელი	4
სოციალური	სტატუსი	4
სოციალური	დაცვის	4
სოფო	ნიკოლაშვილი	4
სოფლისა	და	4
სოფლის	მეურნეობაა	4
სოფლების	ზედა	4
სოფი	ლორენი	4
სოფელში	შემონახულია	4
სოფელში	მდებარეობს	4
სოფელსა	და	4
სოფელი	ქვემო	4
სოფელი	ლენტეხის	4
სოფელი	თეთრი	4
სოფელი	ამბროლაურის	4
სოფელ	ზედა	4
სოროსის	ფონდის	4
სორბონის	უნივერსიტეტი	4
სონა	და	4
სომხეთს	შორის	4
სომხეთის	სამოციქულო	4
სომხეთის	რესპუბლიკაში	4
სომოსა	დებაილეს	4
სომოსა	დებაილე	4
სომეხი	ხალხის	4
სომეხი	და	4
სოლომონის	ტაძარი	4
სკუდეტოს	დაეუფლა	4
სკანდინავიის	ქვეყნებში	4
სკანდალის	შემდეგ	4
სიღრმე	კი	4
სიღრმე	და	4
სიფრთხილეა	საჭირო	4
სიუხვით	გამოირჩევა	4
სიტყვის	თქმა	4
სიტყვით	რა	4
სიტყვიერი	შეურაცხყოფა	4
სიტყვები	იყო	4
სიტყვა	პირველად	4
სიტყვა	არის	4
სიტუაცია	კიდევ	4
სისხლსა	და	4
სისხლისმღვრელი	ბრძოლა	4
სისხლის	პლაზმაში	4
სისხლითა	და	4
სისტემური	წითელი	4
სისტემის	წინააღმდეგ	4
სისტემის	შექმნის	4
სისტემის	ნაწილი	4
სისტემები	და	4
სირია	და	4
სირთულეს	წარმოადგენდა	4
სიონის	საკათედრო	4
სინონიმი	გახდა	4
სინოდის	განჩინებით	4
სინის	მთის	4
სინგლი	მოხვდა	4
სინამდვილეში	ეს	4
სიმჭიდროვე	არის	4
სიმძიმის	ძალის	4
სიმღერის	ტექსტში	4
სიმღერის	კონკურსის	4
სიმღერებისა	და	4
სიმღერაზე	გადაიღო	4
სიმღერა	ჩაწერილია	4
სიმღერა	სწორედ	4
სიმღერა	პირველად	4
სიმღერა	და	4
სიმფონიური	ორკესტრი	4
სიმფონიური	და	4
სიმრავლის	გამო	4
სიმრავლეთა	თეორია	4
სიმონის	ძე	4
სიმონა	დე	4
სიმონ	მოგვი	4
სიმონ	ბოლივარი	4
სიმდიდრისა	და	4
სიმაღლის	მატებასთან	4
სიმართლე	რომ	4
სიმაგრე	მინერალოგიური	4
სილვიო	ბერლუსკონი	4
სილამაზის	გამო	4
სიკო	დოლიძე	4
სიკვდილის	შესახებ	4
სიკვდილის	მხვრელები	4
სიკვდილი	მიუსაჯეს	4
სიკვდილი	და	4
სითბოს	რაოდენობა	4
სივრცეს	და	4
სიდნეიდან	დაშორებულია	4
სიდიდით	და	4
სიდ	ბარეტის	4
სიგრძით	მეორე	4
სიგრძეა	დაახლოებით	4
სიგრძე	საშუალოდ	4
სიგრძე	რამდენიმე	4
სიგანე	დაახლოებით	4
სიგანე	და	4
სიაში	შედის	4
სთ	სიჩქარეს	4
სველი	წრის	4
სვანეთსა	და	4
სვანეთის	რეგიონში	4
სექტემბერს	გაიხსნა	4
სერიაში	დამარცხდა	4
სერიალი	მოგვითხრობს	4
სერია	და	4
სერგო	კლდიაშვილი	4
სერბეთი	და	4
სენატორი	იყო	4
სეზონში	მან	4
სეზონის	ბოლო	4
სეგუნდა	დივიზიონში	4
სეგოვიის	პროვინცია	4
სახლს	და	4
სახლის	და	4
სახლიდან	წავიდა	4
სახვითი	ხელოვნებისა	4
სახვით	ხელოვნებაში	4
სახეს	იღებს	4
სახეობებს	შორის	4
სახეობათა	უმრავლესობა	4
სახეობაა	გავრცელებული	4
სახეობა	ძირითადად	4
სახეობა	კი	4
სახეობა	დეკორატიულია	4
სახეობა	დეკორატიული	4
სახეობა	და	4
სახელწოდების	ნაწარმოების	4
სახელწოდების	მქონე	4
სახელწოდების	მუნიციპალიტეტის	4
სახელწოდება	უკავშირდება	4
სახელწოდება	კი	4
სახელწოდება	აღებულია	4
სახელს	უკავშირებენ	4
სახელს	ატარებდა	4
სახელობის	ხელნაწერთა	4
სახელობის	უნივერსიტეტის	4
სახელობის	პრემიის	4
სახელობის	ეკლესიის	4
სახელმწიფოს	შექმნას	4
სახელმწიფოთა	თანამეგობრობის	4
სახელმწიფოებრივი	მნიშვნელობის	4
სახელმწიფო	ჰიმნი	4
სახელმწიფო	სისტემა	4
სახელმწიფო	საკონსტიტუციო	4
სახელმწიფო	სავალდებულო	4
სახელმწიფო	საბჭო	4
სახელმწიფო	რწმუნებული	4
სახელმწიფო	მოხელეთა	4
სახელმწიფო	მოწყობის	4
სახელმწიფო	ინსტიტუტის	4
სახელმწიფო	თეატრი	4
სახელმწიფო	ენა	4
სახელმწიფო	დაზღვევის	4
სახელმწიფო	გახდა	4
სახელმწიფო	ანსამბლმა	4
სახელიც	კი	4
სახელითა	და	4
სახელია	და	4
სახელი	უცნობია	4
სახელი	სწორედ	4
სახელი	მოუხვეჭა	4
სახელი	მოიხვეჭა	4
სახელი	მას	4
სახელი	გადაერქვა	4
სახელთანაა	დაკავშირებული	4
სახელზე	და	4
სახეზე	და	4
სახეები	და	4
სახალხო	სეირნობა	4
სახალხო	დამცველს	4
საჭრელი	კბილები	4
საჭმლის	მონელების	4
საჭმლის	მომნელებელ	4
საჭიროდ	არ	4
საჭადრაკო	ოლიმპიადები	4
საწყის	მდგომარეობას	4
საწოლი	და	4
საცდელი	ტესტირების	4
საცდელი	სადგური	4
საჩუქარი	და	4
საშუალოდ	შეადგენს	4
საშუალო	ხანგრძლივობა	4
საშუალო	სიგრძე	4
საშუალო	რაოდენობა	4
საშუალო	ბიზნესის	4
საშუალებას	მისცემდა	4
საშუალება	და	4
საშიში	იყო	4
საშიში	არ	4
საშინაო	პოლიტიკის	4
საშენი	მასალები	4
საშენი	მასალა	4
საყოველთაოდ	ცნობილი	4
საყოველთაოდ	მიღებული	4
საყვარელი	იყო	4
საქმის	კურსში	4
საქმის	გამოძიებას	4
საქმიანობის	ძირითადი	4
საქმიანობას	ხელმძღვანელობს	4
საქმეში	და	4
საქმეთა	მინისტრად	4
საქველმოქმედო	აქცია	4
საქართველოში	ძირითადად	4
საქართველოში	ჩემი	4
საქართველოში	შექმნილი	4
საქართველოში	ყველაზე	4
საქართველოში	ქრისტიანობა	4
საქართველოში	მოქმედი	4
საქართველოში	ეს	4
საქართველოში	დემოკრატია	4
საქართველოს	ხელნაწერთა	4
საქართველოს	ხალხთა	4
საქართველოს	შოთა	4
საქართველოს	შემადგენლობაში	4
საქართველოს	შავი	4
საქართველოს	ფინანსთა	4
საქართველოს	სახელით	4
საქართველოს	საფეხბურთო	4
საქართველოს	სამოქალაქო	4
საქართველოს	სამეფოს	4
საქართველოს	საერთაშორისო	4
საქართველოს	პრეზიდენტს	4
საქართველოს	პედაგოგიური	4
საქართველოს	პარლამენტში	4
საქართველოს	მხრიდან	4
საქართველოს	მუზეუმის	4
საქართველოს	მოქალაქე	4
საქართველოს	მოსახლეობას	4
საქართველოს	მოამბე	4
საქართველოს	მინისტრთა	4
საქართველოს	მიერ	4
საქართველოს	მთავრობას	4
საქართველოს	მართლმადიდებელ	4
საქართველოს	კულტურული	4
საქართველოს	კონსერვატიული	4
საქართველოს	კომკავშირის	4
საქართველოს	ისტორიული	4
საქართველოს	ისტორიულ	4
საქართველოს	თითქმის	4
საქართველოს	თეატრალური	4
საქართველოს	ექსარხოსი	4
საქართველოს	ერთიანი	4
საქართველოს	ელჩის	4
საქართველოს	ელჩად	4
საქართველოს	გათავისუფლება	4
საქართველოს	ალპური	4
საქართველომ	დიპლომატიური	4
საქართველო	რუსეთის	4
საქართველო	იყო	4
საფუძველზე	ხდება	4
საფუძველზე	დაადგინა	4
საფრთხის	თავიდან	4
საფრთხეს	უქმნიდა	4
საფრანგეთის	წინააღმდეგ	4
საფრანგეთის	ჩრდილოეთ	4
საფრანგეთის	შემადგენლობაში	4
საფრანგეთის	ქალაქ	4
საფრანგეთის	რესპუბლიკის	4
საფრანგეთის	პრეზიდენტი	4
საფრანგეთის	ნაკრების	4
საფრანგეთის	მეფის	4
საფრანგეთის	ინდუსტრიული	4
საფრანგეთის	ეროვნულ	4
საფრანგეთის	დასავლეთ	4
საფოსტო	მარკის	4
საფეხბურთო	სტადიონი	4
საუწყებო	ორგანო	4
საუკუნის	შუა	4
საუკუნის	ბოლო	4
საუკუნიდან	მოყოლებული	4
საუკეთესო	შედეგი	4
საუკეთესო	პირობებია	4
საუკეთესო	ორიგინალური	4
საუკეთესო	მეორეხარისხოვანი	4
საუკეთესო	ახალგაზრდა	4
საუკეთესო	ალბომის	4
საუდის	არაბეთში	4
საუბარია	იმაზე	4
საუბარი	იყო	4
სატურნირო	ცხრილს	4
სატელევიზიო	და	4
სასწრაფო	სამედიცინო	4
სასწაულთქმედების	ნიჭი	4
სასწავლო	წელს	4
სასქესო	ორგანო	4
სასულიერო	მწერლობის	4
სასტიკი	და	4
სასტიკად	სცემეს	4
სასმელი	წყალი	4
სასიკვდილოდ	დაიჭრა	4
სასიკვდილო	განაჩენი	4
სასიამოვნო	და	4
სასახლის	მშენებლობა	4
სარწყავი	სისტემის	4
სარწყავი	სისტემები	4
სარწმუნოებისა	და	4
სარკმლის	ზემოთ	4
სარკმლები	და	4
სარკმელი	და	4
სარეველა	მცენარეების	4
სარგებლობა	მოაქვს	4
საპროცესო	შეთანხმება	4
საპროექტო	ორგანიზაცია	4
საპრეზიდენტო	ვადა	4
საპატრიარქოს	ხორნაბუჯისა	4
საპატიო	წოდება	4
საპარლამენტო	არჩევნები	4
საოპერო	მუსიკის	4
საოპერო	დასის	4
საოლქო	პროკურორი	4
სანკტ	პეტერბურგში	4
სანაპირო	ზოლზე	4
სამხრეთსლავური	ენები	4
სამხრეთისაკენ	გადაჭიმულია	4
სამხრეთი	ტიროლი	4
სამხრეთი	კალთა	4
სამხრეთი	კავკასიის	4
სამხრეთი	ბუგის	4
სამხრეთი	აზია	4
სამხრეთ	ტიროლი	4
სამხრეთ	სინაის	4
სამხრეთ	ნაწილს	4
სამხრეთ	მთისწინეთში	4
სამხრეთ	მესოპოტამიაში	4
სამხრეთ	კუნძულზე	4
სამხრეთ	კაროლინის	4
სამხრეთ	იტალიის	4
სამხრეთ	იტალიაში	4
სამხრეთ	ბოლოში	4
სამხრეთ	აფრიკასა	4
სამხრეთ	ამერიკული	4
სამხედრო	ძალით	4
სამხედრო	ცენტრი	4
სამხედრო	ტაძრის	4
სამხედრო	სკოლაში	4
სამხედრო	საქმის	4
სამხედრო	მოსამსახურე	4
სამხედრო	მინისტრი	4
სამხედრო	მეთაური	4
სამხედრო	ლიდერი	4
სამხედრო	კონფლიქტი	4
სამხედრო	კამპანია	4
სამხედრო	განათლების	4
სამხედრო	აკადემია	4
სამხატვრო	სკოლაში	4
სამხატვრო	სასწავლებელი	4
სამხარეო	პოლიციის	4
სამწუხაროდ	ამ	4
სამშობლოში	დაბრუნებულმა	4
სამშობლოა	ცენტრალური	4
სამშობლო	და	4
სამღვდელმთავრო	კათედრა	4
სამუშაოების	შედეგად	4
სამუშაო	ძალის	4
სამუშაო	და	4
სამუსიკო	სკოლის	4
სამუსიკო	სკოლა	4
სამსახურის	შემდეგ	4
სამსახურის	უფროსს	4
სამსახურის	გამო	4
სამსახურიდან	გადადგა	4
სამსახიობო	ფაკულტეტზე	4
სამსახიობო	ამპლუა	4
სამოციქულო	ეკლესიას	4
სამოქმედო	გეგმა	4
სამოქალაქო	რეესტრის	4
სამლოცველო	და	4
სამინისტრო	ანგარიშვალდებულია	4
სამი	წლით	4
სამი	შესასვლელი	4
სამი	ქალიშვილი	4
სამი	ფერი	4
სამი	ტიპი	4
სამი	სახის	4
სამი	საათის	4
სამი	ოქროს	4
სამი	კვირის	4
სამი	დღით	4
სამი	ან	4
სამთავროსა	და	4
სამეცნიერო	სკოლის	4
სამეცნიერო	ნაშრომისა	4
სამეცნიერო	დარგში	4
სამეფოს	სინგლების	4
სამეფო	ტახტის	4
სამეფო	სახლის	4
სამეფო	სასახლის	4
სამეფო	ოჯახი	4
სამეფო	კარი	4
სამეფო	ბალეტის	4
სამეფო	აკადემია	4
სამეფო	აზნაურები	4
სამეთვალყურეო	საბჭო	4
სამედიცინო	ცენტრში	4
სამედიცინო	უნივერსიტეტის	4
სამედიცინო	ინსტიტუტი	4
სამედიცინო	დეპოზიტური	4
სამედიცინო	და	4
სამეგრელოს	სამთავრო	4
სამართლის	სპეციალობით	4
სამართლის	ნორმების	4
სამართლის	მიხედვით	4
სამართლიანად	ითვლება	4
სამამულო	ომში	4
სამ	წელიწადში	4
სამ	ფილმში	4
სამ	საათზე	4
სამ	ოთხ	4
სამ	მთავარ	4
სალტის	პროვინცია	4
საკურთხევლის	წინ	4
საკუთრებაში	მყოფი	4
საკუთარი	სურვილით	4
საკუთარი	სტილი	4
საკუთარი	სიცოცხლის	4
საკუთარი	სახლებიდან	4
საკუთარი	პოზიცია	4
საკუთარ	ცხოვრებას	4
საკუთარ	ქვეყანაში	4
საკრედიტო	ბარათი	4
საკრებულოს	წევრი	4
საკონცერტო	დარბაზი	4
საკონცერტო	გამოსვლების	4
საკონცენტრაციო	ბანაკში	4
საკმარისი	რაოდენობის	4
საკმარისი	რაოდენობით	4
საკმარისი	აღმოჩნდა	4
საკმაოდ	ძნელი	4
საკმაოდ	ძლიერი	4
საკმაოდ	ფართოდ	4
საკმაოდ	პატარა	4
საკმაოდ	მნიშვნელოვანი	4
საკმაოდ	კარგად	4
საკმაოდ	ვრცელ	4
საკმაოდ	გრძელი	4
საკმაოდ	გავრცელებული	4
საკმაო	ხანს	4
საკლუბო	კარიერა	4
საკითხი	იყო	4
საკითხი	და	4
საკანონმდებლო	ორგანოში	4
საკანონმდებლო	ორგანოა	4
საკალათბურთო	ნაკრები	4
საკათედრო	ტაძარს	4
საიტით	სარგებლობს	4
საირიგაციო	სისტემა	4
საინტერესო	ფაქტი	4
საინიციატივო	ჯგუფის	4
საინიციატივო	ჯგუფი	4
საიდანაც	მომდინარეობს	4
სათბურის	ეფექტს	4
სათბურის	ეფექტი	4
სათაფლიის	სახელმწიფო	4
სათავეში	მოექცა	4
საზღვარი	მიუყვება	4
საზღვარი	აქვს	4
საზღვარზე	მდებარეობს	4
საზღვაო	ძალები	4
საზღვაო	ფლოტის	4
საზრდოობს	ძირითადად	4
საზოგადოებრივი	ინტერესის	4
საზოგადოებრივი	გეოგრაფია	4
საზოგადოებრივ	მეცნიერებათა	4
საზოგადოების	ყველა	4
საზოგადოების	ნაწილი	4
საზოგადოების	განვითარების	4
საზოგადოების	ან	4
საზოგადოებას	და	4
საზაფხულო	ბანაკში	4
საზავო	ხელშეკრულებას	4
სავაჭრო	ორგანიზაციაში	4
სავაჭრო	გზებზე	4
სავარაუდოდ	ამ	4
საესტრადო	და	4
საერთშორისო	ოლიმპიური	4
საერთო	ხანგრძლივობა	4
საერთო	სიგრძით	4
საერთო	სახალხო	4
საერთო	საცხოვრებელი	4
საერთო	რაოდენობის	4
საერთო	ეროვნული	4
საერთო	და	4
საერთო	აქვს	4
საერთაშორისო	ფესტივალი	4
საერთაშორისო	ურთიერთობები	4
საერთაშორისო	ურთიერთობათა	4
საერთაშორისო	საჰაერო	4
საერთაშორისო	ორგანიზაციის	4
საერთაშორისო	ორგანიზაციებთან	4
საერთაშორისო	მასშტაბით	4
საერთაშორისო	ინსტიტუტის	4
საერთაშორისო	თანამეგობრობის	4
საერთაშორისო	ვაჭრობაში	4
საერთაშორისო	ენერგეტიკული	4
საერთაშორისო	განვითარების	4
სადოქტორო	დისერტაციის	4
სადიპლომო	ნამუშევარი	4
სადაც	ჯერ	4
სადაც	ხვდება	4
სადაც	ხალხი	4
სადაც	წყალი	4
სადაც	ძირითადად	4
სადაც	ძვ	4
სადაც	ცნობილი	4
სადაც	ჩვენ	4
სადაც	შესაძლებელია	4
სადაც	პატარა	4
სადაც	ორი	4
სადაც	მოცემულია	4
სადაც	მოსახლეობის	4
სადაც	მიმდინარეობდა	4
სადაც	მთელი	4
სადაც	მთავარ	4
სადაც	თითოეული	4
სადაც	თავმოყრილია	4
სადაც	ეს	4
სადაც	დღეს	4
სადაც	გამოსახული	4
სადაც	გაიცნობს	4
სადაც	ახლა	4
სადაც	აღწერილია	4
სადაც	ასეთი	4
სადაც	ამგვარი	4
სადაზღვევო	შენატანის	4
სადაზღვევო	სისტემის	4
სადაზღვევო	პაკეტში	4
სადა	და	4
საგულისხმოა	ის	4
საგუბერნატოროს	მმართველია	4
საგუბერნატოროს	დასახლებული	4
საგზაო	სისტემა	4
საგანგებო	მდგომარეობა	4
საგადამხდელო	საშუალების	4
საბჭოს	წევრები	4
საბჭოს	წევრად	4
საბჭოთა	ჯარებმა	4
საბჭოთა	ცენტრალური	4
საბჭოთა	რესპუბლიკების	4
საბჭოთა	რეჟიმის	4
საბუნებისმეტყველო	მეცნიერებების	4
საბრძოლო	და	4
საბოლოო	მიზანი	4
საბოლოო	ვარიანტი	4
საბანკო	სისტემის	4
საბაზო	სკოლა	4
საბავშვო	ლიტერატურის	4
საბადო	მდებარეობს	4
საბადო	და	4
სააქციო	საზოგადოება	4
სააქციო	ბირჟა	4
საარჩევნო	კომისიის	4
საარჩევნო	კამპანიის	4
სააკაშვილის	ხელისუფლების	4
სააკაშვილის	განცხადებით	4
საათის	წინ	4
საავტორო	და	4
რწმენა	და	4
რღვევის	ხაზი	4
რუხი	ფერის	4
რუსული	სამხედრო	4
რუსული	რუბლი	4
რუსული	იმპერიალიზმის	4
რუსული	თარგმანი	4
რუსული	არმიის	4
რუსი	პოეტი	4
რუსი	კომპოზიტორი	4
რუსთაველის	სახ	4
რუსეთში	დაიწყო	4
რუსეთში	გადაასახლეს	4
რუსეთს	და	4
რუსეთს	გადაეცა	4
რუსეთის	ჯარი	4
რუსეთის	წითელი	4
რუსეთის	ფედერაციას	4
რუსეთის	უმაღლესი	4
რუსეთის	სინოდის	4
რუსეთის	საოკუპაციო	4
რუსეთის	გავლით	4
რუმინეთისა	და	4
როცა	მე	4
როცა	ვინმე	4
როუდის	სტუდიაში	4
რონალდ	რუელ	4
რომლის	შესახებ	4
რომლის	სათავეშიც	4
რომლის	რეჟისორიც	4
რომლის	პრემიერა	4
რომლის	მშენებლობა	4
რომლის	თავმჯდომარე	4
რომლის	დროს	4
რომლის	დიამეტრია	4
რომლითაც	შეიძლება	4
რომლებსაც	აქვთ	4
რომლებიც	ცხოვრობენ	4
რომლებიც	ცხოვრობდნენ	4
რომლებიც	ცოცხლობენ	4
რომლებიც	შესაძლოა	4
რომლებიც	შემდგომ	4
რომლებიც	შედარებით	4
რომლებიც	ყველა	4
რომლებიც	უმთავრესად	4
რომლებიც	სხვა	4
რომლებიც	საბოლოოდ	4
რომლებიც	ორ	4
რომლებიც	მუშაობენ	4
რომლებიც	მისი	4
რომლებიც	მთლიანად	4
რომლებიც	მთელ	4
რომლებიც	მდებარეობენ	4
რომლებიც	მანამდე	4
რომლებიც	თავიანთი	4
რომლებიც	დღეს	4
რომლებიც	დიდი	4
რომლებიც	გამოიყენება	4
რომლებიც	ბოლო	4
რომისა	და	4
რომის	სამეფო	4
რომის	სამართლის	4
რომის	პაპმა	4
რომის	იმპერიიდან	4
რომის	იმპერატორმა	4
რომის	დაარსების	4
რომელშიც	შევიდა	4
რომელშიც	შედიოდა	4
რომელშიც	მონაწილეობას	4
რომელშიც	მთავარ	4
რომელშიც	გამოყენებულია	4
რომელშიც	აღწერილია	4
რომელშიც	ასევე	4
რომელსაც	ჰქვია	4
რომელსაც	შეიძლება	4
რომელსაც	შეეძლო	4
რომელსაც	სურდა	4
რომელსაც	სამი	4
რომელსაც	მხოლოდ	4
რომელსაც	მან	4
რომელსაც	იმ	4
რომელსაც	თავისი	4
რომელსაც	თავის	4
რომელსაც	თავად	4
რომელსაც	ახალი	4
რომელსაც	არც	4
რომელსაც	ადგილობრივი	4
რომელსაც	ადგილი	4
რომელსაც	ადამიანი	4
რომელმაც	ჯერ	4
რომელმაც	შემდგომში	4
რომელმაც	საქართველოს	4
რომელმაც	საფუძველი	4
რომელმაც	საბოლოოდ	4
რომელმაც	პირველმა	4
რომელმაც	მსოფლიოს	4
რომელმაც	მოიგო	4
რომელმაც	მისი	4
რომელმაც	მთელი	4
რომელმაც	ვერ	4
რომელმაც	აქ	4
რომელიც	ხასიათდება	4
რომელიც	წლების	4
რომელიც	წარმატებით	4
რომელიც	ძველ	4
რომელიც	ცენტრალური	4
რომელიც	შიდა	4
რომელიც	შეეხება	4
რომელიც	შეგიძლიათ	4
რომელიც	ყველაზე	4
რომელიც	ქართველმა	4
რომელიც	ფილმის	4
რომელიც	ფართო	4
რომელიც	სინამდვილეში	4
რომელიც	საკუთარ	4
რომელიც	რუსეთში	4
რომელიც	პოეტს	4
რომელიც	პირველ	4
რომელიც	ორი	4
რომელიც	ნაწილობრივ	4
რომელიც	მუშაობს	4
რომელიც	მისგან	4
რომელიც	მეტად	4
რომელიც	მეორე	4
რომელიც	მალევე	4
რომელიც	მალე	4
რომელიც	იწყება	4
რომელიც	იქვე	4
რომელიც	იქ	4
რომელიც	იმართება	4
რომელიც	იმავე	4
რომელიც	იზრდება	4
რომელიც	თანდათან	4
რომელიც	თავიდან	4
რომელიც	ეძღვნება	4
რომელიც	ერთმანეთთან	4
რომელიც	დედამიწის	4
რომელიც	დაკომპლექტებული	4
რომელიც	დაკავშირებული	4
რომელიც	გულისხმობდა	4
რომელიც	გარედან	4
რომელიც	გამუდმებით	4
რომელიც	გამოიხატება	4
რომელიც	გამოიცა	4
რომელიც	გავრცელდა	4
რომელიც	გადის	4
რომელიც	გადაჭიმულია	4
რომელიც	გაგრძელდა	4
რომელიც	აღმოსავლეთ	4
რომელიც	არსებობს	4
რომელთაგან	თითოეული	4
რომელთაგან	ერთი	4
რომელთა	წლიური	4
რომელთა	ძირითადი	4
რომელთა	შორისაა	4
რომელთა	შემოსავალი	4
რომელთა	საშუალებითაც	4
რომელთა	მთავარი	4
რომელთა	მეშვეობითაც	4
რომელთა	ასაკი	4
რომელზეც	უკრავს	4
რომაული	მითოლოგია	4
რომანული	ენები	4
რომანის	მთავარი	4
რომაელი	ისტორიკოსი	4
რომაელთა	წინააღმდეგ	4
რომაელები	ამ	4
რომ	ხელისუფლებაში	4
რომ	ხელისუფლება	4
რომ	ცოტა	4
რომ	ცალკეული	4
რომ	შვილის	4
რომ	შეუძლია	4
რომ	შეუძლებელია	4
რომ	შესაძლებელი	4
რომ	ყოველივე	4
რომ	ღმერთი	4
რომ	ქვეყანაში	4
რომ	ქართველი	4
რომ	ქალაქში	4
რომ	ფილმი	4
რომ	ტერმინი	4
რომ	სრული	4
რომ	სკოლის	4
რომ	სახლში	4
რომ	სახელწოდება	4
რომ	სახელმწიფო	4
რომ	საჭიროა	4
რომ	სამედიცინო	4
რომ	საერთაშორისო	4
რომ	რუსი	4
რომ	რომაელები	4
რომ	პარლამენტის	4
რომ	ომის	4
რომ	ნებისმიერი	4
რომ	ნებისმიერ	4
რომ	მძიმე	4
რომ	მუსიკალური	4
რომ	მსოფლიოში	4
რომ	მოხდეს	4
რომ	მაშინ	4
რომ	მარტო	4
რომ	მაინც	4
რომ	ლუარსაბი	4
რომ	იხილა	4
რომ	იოანე	4
რომ	თქვას	4
რომ	თეატრის	4
რომ	თბილისის	4
რომ	თავიანთი	4
რომ	ზოგჯერ	4
რომ	ზემოთ	4
რომ	ვიღაცას	4
რომ	ვიღაც	4
რომ	ვარ	4
რომ	ერთადერთი	4
რომ	ე	4
რომ	დედამიწაზე	4
რომ	დაშნაკცუთიუნის	4
რომ	დასავლეთ	4
რომ	გუნდი	4
რომ	გული	4
რომ	ბოლოს	4
რომ	ახლა	4
რომ	აღნიშნულ	4
რომ	აღარაფერი	4
რომ	აფხაზეთი	4
რომ	არცერთი	4
რომ	ამერიკა	4
რომ	ალბომი	4
რომ	ადრე	4
რომ	ადგილობრივი	4
როლს	თამაშობენ	4
როლის	შესრულებით	4
როლის	შესრულება	4
როლინგ	სტოუნზი	4
როლი	ენიჭება	4
როლებში	მონაწილეობენ	4
როლებში	არიან	4
როლებს	ღებულობდა	4
როკის	გვირაბის	4
როკ	ჯგუფი	4
როდის	უნდა	4
როდი	იყო	4
როდესაც	ჯონი	4
როდესაც	სხვადასხვა	4
როდესაც	პირველი	4
როდესაც	ორივე	4
როდესაც	ერთი	4
როგორც	ხედავთ	4
როგორც	ძველ	4
როგორც	ჩვეულებრივ	4
როგორც	ჩვენი	4
როგორც	შენ	4
როგორც	შემდგომში	4
როგორც	სახელმწიფოს	4
როგორც	საქართველოში	4
როგორც	საკუთარ	4
როგორც	მსოფლიოს	4
როგორც	მომღერალი	4
როგორც	მოგვიანებით	4
როგორც	მოგახსენეთ	4
როგორც	მთელ	4
როგორც	მეცნიერების	4
როგორც	მანამდე	4
როგორც	მათ	4
როგორც	ლიტერატურული	4
როგორც	ლათინური	4
როგორც	ისტორიული	4
როგორც	ისინი	4
როგორც	ვთქვით	4
როგორც	ერის	4
როგორც	ერთადერთი	4
როგორც	დროის	4
როგორც	დადებითი	4
როგორც	ბუნებრივი	4
როგორც	ბევრი	4
როგორც	აღმოსავლეთ	4
როგორც	ავღნიშნეთ	4
როგორც	ადრე	4
როგორც	ადგილობრივ	4
როგორ	შეგიძლიათ	4
როგორ	იცვლება	4
როგორ	იყო	4
როგორ	ვერ	4
რობინზონ	კრუზოს	4
რკინის	ჯვარი	4
რკინის	ხანის	4
რკინის	მადანს	4
რკინის	კაცი	4
რკინიგზის	ხაზის	4
რკინიგზის	მშენებლობა	4
რიწის	ტბა	4
რიცხვითი	სახელი	4
რიცხვითი	მნიშვნელობა	4
რისი	წყალობითაც	4
რისთვისაც	მან	4
რის	საფუძველზე	4
რიო	დე	4
რით	იყო	4
რიგში	ეს	4
რიგებში	და	4
რიგ	შემთხვევებში	4
რიბასის	მუნიციპალიტეტი	4
რვა	შვილი	4
რვა	თვე	4
რეწვის	ობიექტია	4
რეჩ	პოსპოლიტას	4
რეფორმის	შესახებ	4
რეფორმების	შედეგად	4
რესტავრაციის	შემდეგ	4
რესპუბლიკური	დაქვემდებარების	4
რესპუბლიკის	წინააღმდეგ	4
რესპუბლიკის	პირველი	4
რესპუბლიკის	კონგოს	4
რესპუბლიკის	და	4
რესპუბლიკის	ადმინისტრაციული	4
რესპუბლიკაში	და	4
რესპუბლიკაში	არსებული	4
რესპუბლიკა	სახა	4
რესპუბლიკა	და	4
რესპუბლიკა	გამოცხადდა	4
რეჟისორი	არის	4
რეჟიმის	მიერ	4
რეპრესიები	საბჭოთა	4
რეორგანიზაციის	შესახებ	4
რელიეფის	ფორმების	4
რელიგიური	კულტის	4
რელიგიური	დანიშნულების	4
რეკორდების	წიგნში	4
რევოლუციის	ორდენი	4
რევოლუცია	მოახდინა	4
რედაქტორი	და	4
რეგიონში	მცხოვრები	4
რეგიონში	მდებარე	4
რეალური	სასწავლებელი	4
რეაგირება	არ	4
რეაბილიტაცია	და	4
რაჭის	ქედზე	4
რაც	ხალხში	4
რაც	ჩვენი	4
რაც	შესაძლოა	4
რაც	შემდგომში	4
რაც	შეადგენს	4
რაც	ნიშნავდა	4
რაც	მათი	4
რაც	კიდევ	4
რაც	იყო	4
რაც	თავად	4
რაც	დღეს	4
რაც	გამოიხატება	4
რაც	აუცილებელი	4
რაც	ასე	4
რაც	ადამიანს	4
რაღაც	უნდა	4
რაღაც	არ	4
რაღა	უნდა	4
რატომ	ხდება	4
რასაც	შედეგად	4
რასაც	საფუძვლად	4
რასაც	იგი	4
რაოდენობა	წელიწადში	4
რაოდენობა	დამოკიდებულია	4
რაოდენობა	დაახლოებით	4
რამდენჯერმე	სცადა	4
რამდენიმე	ხნით	4
რამდენიმე	ძირითადი	4
რამდენიმე	ქვეყანაში	4
რამდენიმე	ქართული	4
რამდენიმე	ოჯახი	4
რამდენიმე	მოსაზრება	4
რამდენიმე	მათგანი	4
რამდენიმე	ახალი	4
რამდენიმე	ათეულ	4
რამდენიმე	ადგილობრივი	4
რამაც	შეიძლება	4
რამაც	საშუალება	4
რამაც	დასაბამი	4
რამ	იყო	4
რაიონში	მდებარეობს	4
რაიონული	სასამართლოს	4
რაიონი	მოიცავს	4
რაიონებში	და	4
რაიმე	მნიშვნელოვანი	4
რათა	მათი	4
რათა	ისინი	4
რათა	დახმარებოდა	4
რადიოაქტიური	ელემენტი	4
რადგანაც	ის	4
რადგან	უკვე	4
რადგან	ორივე	4
რადგან	მასთან	4
რადგან	იმ	4
რად	გინდა	4
რა	საერთო	4
რა	მას	4
რა	მათ	4
რა	კარგია	4
რა	იქნება	4
რა	ეტაპზეა	4
რა	დროს	4
რა	გითხრათ	4
რა	ბედი	4
რა	ამ	4
რა	აზრი	4
ჟურნალისტური	გამოძიება	4
ჟურნალისტის	მიერ	4
ჟურნალისტთა	საერთაშორისო	4
ჟურნალისტები	და	4
ჟურნალის	გარეკანზე	4
პუშკინის	სახელობის	4
პურს	და	4
პუბლიკაციის	სახეები	4
პროცესი	იყო	4
პროფესიული	სასწავლებელი	4
პროფესიული	განათლების	4
პროფესიონალი	ჩოგბურთელი	4
პროტესტის	გამოხატვის	4
პროპორციული	სისტემით	4
პროვინციულ	დედაქალაქ	4
პროვინციის	ჩრდილოეთ	4
პროვინციის	უდიდესი	4
პროვინციის	მნიშვნელოვანი	4
პროვინციის	და	4
პროვინციად	და	4
პროვინცია	მდებარეობს	4
პროვინცია	ბოლივიაში	4
პროექტის	მიზანია	4
პროექტის	ავტორები	4
პროექტი	ვერ	4
პროექტი	და	4
პროექტზე	მუშაობა	4
პროგრამული	უზრუნველყოფა	4
პრობლემის	წინაშე	4
პრობლემის	გადაჭრის	4
პრობლემებს	ეხება	4
პრობლემების	წინაშე	4
პრობლემების	შესახებ	4
პრობლემები	ჰქონდა	4
პრობლემა	და	4
პრინცესა	და	4
პრინსტონის	უნივერსიტეტი	4
პრიმერა	დივიზიონში	4
პრესაში	გამოქვეყნებული	4
პრემია	მიიღო	4
პრეზიდენტობის	პერიოდში	4
პრეზიდენტმა	ჯორჯ	4
პრეზიდენტის	სასახლე	4
პრეზიდენტის	რეზიდენცია	4
პრეზიდენტის	მოვალეობას	4
პრეზიდენტ	გამსახურდიას	4
პოტერის	ფილმების	4
პოსტი	ეკავა	4
პოსტი	დატოვა	4
პოსტი	და	4
პორტრეტი	და	4
პორტი	იყო	4
პოპულარული	ხდება	4
პოპულარული	ტურისტული	4
პოპულარული	სიმღერა	4
პოპულარული	ადგილია	4
პოპულარობით	არ	4
პოლონური	წარმოშობის	4
პოლონელები	და	4
პოლონეთის	შემადგენლობაში	4
პოლონეთის	სახალხო	4
პოლონეთის	სამეფოს	4
პოლონეთის	პირველი	4
პოლონეთის	მეფე	4
პოლონეთის	ეროვნული	4
პოლონეთის	და	4
პოლიციის	ფორმაში	4
პოლიციის	უფროსი	4
პოლიციის	სამმართველოში	4
პოლიციის	სამმართველოს	4
პოლიციის	თანამშრომლები	4
პოლიტიკური	ძალაუფლების	4
პოლიტიკური	სისტემა	4
პოლიტიკური	რუკა	4
პოლიტიკური	ერთეული	4
პოლიტიკურად	და	4
პოზიციაზე	დაასრულა	4
პოეზიისა	და	4
პლანკის	საზოგადოების	4
პლანეტები	და	4
პიროვნებები	არიან	4
პიროვნება	და	4
პირობით	რომ	4
პირობებში	და	4
პირობების	მიხედვით	4
პირობა	დადო	4
პირველმა	გამოიყენა	4
პირველიც	და	4
პირველი	ჯგუფი	4
პირველი	წარმატებული	4
პირველი	ქორწინებიდან	4
პირველი	ფაქტი	4
პირველი	სტუდიური	4
პირველი	სიყვარული	4
პირველი	სერიოზული	4
პირველი	რუსი	4
პირველი	რესპუბლიკის	4
პირველი	პოლიტიკური	4
პირველი	პირის	4
პირველი	პერიოდი	4
პირველი	ომის	4
პირველი	ოთხი	4
პირველი	ნახევრის	4
პირველი	ნაწარმოებები	4
პირველი	მცდელობა	4
პირველი	მუდმივი	4
პირველი	მაისი	4
პირველი	მათგანი	4
პირველი	ლიგის	4
პირველი	კონსტიტუცია	4
პირველი	კვირის	4
პირველი	ინსტანციის	4
პირველი	იმპერატორი	4
პირველი	ევროპული	4
პირველი	დივიზიონის	4
პირველი	გერმანული	4
პირველი	გათამაშება	4
პირველი	ბრძოლა	4
პირველი	არხის	4
პირველი	არ	4
პირველი	ათასწლეულის	4
პირველადი	ჯანდაცვის	4
პირველად	რომ	4
პირველად	ნახსენებია	4
პირველად	მოიხსენიება	4
პირველად	გამოჩნდნენ	4
პირველად	აღმოჩენილი	4
პირველად	აღმოაჩინა	4
პირველ	წრეში	4
პირველ	ცდას	4
პირველ	სერიაში	4
პირველ	საუკუნეებში	4
პირველ	პოზიციაზე	4
პირველ	მატჩში	4
პირველ	გვერდზე	4
პირენეის	ნახევარკუნძულზე	4
პირდაპირი	მნიშვნელობით	4
პირას	მყოფ	4
პირამიდის	ფორმის	4
პირამიდა	ერთადერთია	4
პირადი	ცხოვრება	4
პირადად	ჩემთვის	4
პიანინოზე	დაკვრა	4
პეტრე	მოციქულმა	4
პეტრე	დიდის	4
პეტრე	დიდი	4
პეტერბურგის	უნივერსიტეტში	4
პეტერბურგის	სამხატვრო	4
პერუს	ტერიტორიაზე	4
პერუელი	სამხედრო	4
პერსონაჟები	არიან	4
პერიოდში	ხშირად	4
პერიოდში	მე	4
პერიოდში	იყო	4
პერიოდს	დაემთხვა	4
პერიოდიდან	მოყოლებული	4
პერიოდიდან	იწყება	4
პერიოდი	დაემთხვა	4
პერეირა	და	4
პერ	ლაშეზი	4
პენინის	ალპები	4
პაულ	კერესი	4
პატიმრობა	მიუსაჯეს	4
პატივს	სცემს	4
პატივით	დაკრძალეს	4
პატივით	დაკრძალა	4
პატივი	და	4
პატარაა	და	4
პატარა	ტბა	4
პატარა	ეკლესია	4
პასუხი	იყო	4
პასუხი	გასცეს	4
პარტნიორობას	უწევდა	4
პარტიის	წარმომადგენლებმა	4
პარტიის	შემდეგ	4
პარტიის	ლიდერმა	4
პარტიის	ლიდერის	4
პარტიის	დამაარსებელი	4
პარტიის	გენერალური	4
პარტიებისა	და	4
პარტია	მხარს	4
პარლამენტმა	მიიღო	4
პარლამენტის	სხდომაზე	4
პარლამენტის	თავდაცვისა	4
პარლამენტის	დეპუტატი	4
პარკის	ტერიტორიის	4
პარკის	ნაწილს	4
პარკი	წარმოადგენს	4
პარკი	მსოფლიო	4
პარკი	დაარსდა	4
პარიზის	ზავის	4
პარ	შაბ	4
პაპად	აირჩიეს	4
პაოლო	მალდინიმ	4
პალიასტომის	ტბის	4
პალესტინის	ეროვნული	4
პავლე	ინგოროყვა	4
პადანის	ვაკეზე	4
ოჯახში	და	4
ოჯახისა	და	4
ოჯახის	ხალხები	4
ოჯახის	შვილი	4
ოჯახის	ყველა	4
ოცნება	იყო	4
ოჩამჩირისა	და	4
ოღონდ	ამჯერად	4
ოქტომბრის	დასაწყისში	4
ოქტომბრის	ბოლოს	4
ოქროს	ურდო	4
ოქროს	მედლის	4
ოქროს	ლომი	4
ოფიციალური	სტატუსი	4
ოფიციალური	სახელწოდება	4
ოფიციალური	პირი	4
ოფიციალური	მატჩი	4
ოფიციალური	ვიზიტით	4
ოფიციალური	ვიდეოკლიპის	4
ოფიციალური	ენაა	4
ოფიციალურად	დაიკავა	4
ოფიციალურად	გამოცხადდა	4
ოფიციალურად	გაიხსნა	4
ოფისი	მდებარეობს	4
ოუ	ნანა	4
ოსტატი	და	4
ოსმალეთის	წინააღმდეგ	4
ორჯერ	მაინც	4
ორჯერ	ეკავა	4
ორფერდა	სახურავი	4
ორსული	ქალის	4
ორსართულიანი	სახლი	4
ოროგრაფიული	ერთეულებია	4
ორმაგი	პლატინის	4
ორმაგი	დამთხვევის	4
ორივე	ქვეყნის	4
ორივე	სახეობა	4
ორივე	მხარეზე	4
ორივე	მიმართულებით	4
ორი	ყველაზე	4
ორი	უძველესი	4
ორი	უმთავრესი	4
ორი	ტურით	4
ორი	ტიპის	4
ორი	სხვა	4
ორი	სახეობა	4
ორი	სახე	4
ორი	პატარა	4
ორი	ოქროს	4
ორი	ორდენით	4
ორი	თვით	4
ორი	ვარიანტი	4
ორი	დღით	4
ორი	დამატებითი	4
ორი	გოლი	4
ორი	ათასი	4
ორი	ადამიანის	4
ორდენის	წევრები	4
ორგანული	ნივთიერებების	4
ორგანოების	მიერ	4
ორგანოები	და	4
ორგანოები	არა	4
ორგანოა	მუნიციპალიტეტის	4
ორგანიზაციისა	და	4
ორგანიზაციის	მიზანია	4
ორგანიზატორები	იყვნენ	4
ორ	ჯგუფად	4
ორ	წლამდე	4
ორ	წელიწადს	4
ორ	ტიპს	4
ორ	სა	4
ორ	პატარა	4
ორ	ნაწილს	4
ორ	მხარეს	4
ორ	თვეში	4
ორ	დღეში	4
ოპოზიციის	ლიდერი	4
ოპერაციების	დროს	4
ომში	გამარჯვების	4
ომის	ვეტერანი	4
ომიანობის	დროს	4
ომი	არ	4
ომების	შემდეგ	4
ომების	პერიოდში	4
ოლქი	ჩინეთის	4
ოლიმპიური	ჩემპიონები	4
ოლიმპიურ	თამაშებს	4
ოლგინის	პროვინცია	4
ოკუპაცია	და	4
ოკეანის	ფსკერზე	4
ოკეანის	დასავლეთ	4
ოკეანეებს	შორის	4
ოთხშაბათს	და	4
ოთხივე	მხარეს	4
ოთხი	თვე	4
ოთხი	დღე	4
ოთხი	დიდი	4
ოთხ	ჯგუფად	4
ოთხ	ხუთ	4
ოთარ	ჯაფარიძე	4
ოზურგეთის	მაზრაში	4
ოდნავ	შეცვლილია	4
ოდნავ	მაინც	4
ობსერვატორიის	დირექტორი	4
ნუსხური	ასოები	4
ნოტიო	ტროპიკული	4
ნოსტრადამუსის	მიერ	4
ნორმების	მიხედვით	4
ნორმები	და	4
ნორვეგიისა	და	4
ნომერი	გამოვიდა	4
ნოემბრის	ბოლოს	4
ნოემბერს	და	4
ნოემბერს	გაიხსნა	4
ნოდარ	დუმბაძის	4
ნიჭიერი	და	4
ნიშნად	დატოვა	4
ნისკარტი	და	4
ნინოწმინდის	მუნიციპალიტეტში	4
ნინო	ანანიაშვილის	4
ნიკოლოზ	მეორის	4
ნიკოლოზ	ბერძენიშვილი	4
ნიკოლაძის	სახელობის	4
ნიკო	ნიკოლაძის	4
ნიკეის	პირველი	4
ნიკარაგუის	მოსახლეობის	4
ნივთიერი	მტკიცებულებების	4
ნიადაგებზე	განვითარებულია	4
ნეტარი	ავგუსტინეს	4
ნეტარ	ქალთა	4
ნეტარ	არიან	4
ნერვული	უჯრედების	4
ნერვულ	სისტემას	4
ნელა	იზრდება	4
ნეგატიური	დამოკიდებულება	4
ნების	წინააღმდეგ	4
ნებას	არ	4
ნება	მისცა	4
ნება	დართეს	4
ნება	არ	4
ნეაპოლის	სამეფო	4
ნახევარს	იკავებს	4
ნახევარკუნძულზე	და	4
ნახევარი	საათი	4
ნახევარი	და	4
ნახევარდაშლის	პერიოდი	4
ნახა	და	4
ნაწილში	ცხოვრობს	4
ნაწილში	იზრდება	4
ნაწილობრივ	მაინც	4
ნაწილის	გარდა	4
ნაწილი	ხდება	4
ნაწილი	წარმოადგენს	4
ნაწილი	მიიჩნევს	4
ნაწილი	კვლავ	4
ნაწილი	დაფარულია	4
ნაწილაკების	ფიზიკა	4
ნაწილად	არის	4
ნაჩვენები	იყო	4
ნაშრომმა	დიდი	4
ნაშრომი	ქართული	4
ნაშრომი	და	4
ნაყოფს	იყენებენ	4
ნაყოფიერებისა	და	4
ნაყოფი	შეიცავს	4
ნატურალური	რიცხვების	4
ნატურალურ	რიცხვთა	4
ნატოსა	და	4
ნატო	ვაჩნაძე	4
ნარკოტიკებისა	და	4
ნანგრევები	და	4
ნანაური	ენის	4
ნანა	ალექსანდრია	4
ნამდვილი	მიზეზი	4
ნამდვილად	იყო	4
ნალექების	მაქსიმუმი	4
ნაკრებში	ჩატარებული	4
ნაკრებში	ჩაატარა	4
ნაკრებში	მოხვდა	4
ნაკრებში	თამაშობდა	4
ნაკრებში	არ	4
ნაკრების	ღირსებას	4
ნაკრების	მწვრთნელმა	4
ნაკრების	მაისურით	4
ნაკრებებს	შორის	4
ნაკლებია	ვიდრე	4
ნაკლებად	წარმატებული	4
ნათელი	იყო	4
ნავსადგური	და	4
ნადირობის	ობიექტია	4
ნაგებობა	იყო	4
ნაგებია	რიყის	4
მხრივ	მესამე	4
მხრივ	კიდევ	4
მხოლოდ	ხუთი	4
მხოლოდ	ხუთ	4
მხოლოდ	ცხრა	4
მხოლოდ	საქართველოს	4
მხოლოდ	სამხრეთი	4
მხოლოდ	სამ	4
მხოლოდ	როგორც	4
მხოლოდ	ნაწილობრივ	4
მხოლოდ	მოგვიანებით	4
მხოლოდ	იმით	4
მხოლოდ	დასაწყისი	4
მხოლოდ	გარკვეულ	4
მხოლოდ	აღმოსავლეთ	4
მხიარული	და	4
მხედველობაში	გვაქვს	4
მხატვრული	ფილმები	4
მხატვრული	ნაწარმოები	4
მხატვართა	კავშირის	4
მხარის	ქალაქ	4
მხარის	ნინოწმინდის	4
მხარის	ბოლნისის	4
მხარის	ადრინდელი	4
მხარეში	მდებარეობს	4
მხარეში	და	4
მხარეს	ესაზღვრება	4
მხარეს	გამოსახულია	4
მხარეზე	გადავიდა	4
მხარეებს	შორის	4
მწყობრიდან	გამოვიდა	4
მწკრივის	ფორმათა	4
მწირი	ცნობები	4
მწვრთნელი	გახდა	4
მწვრთნელად	დაინიშნა	4
მწვერვალი	ზღვის	4
მწვანე	ფერის	4
მწვანე	ფერი	4
მწვანე	მასა	4
მწერლისა	და	4
მწერლები	და	4
მწერალთა	კავშირი	4
მძიმედ	დაავადდა	4
მძიმე	სიტუაციაში	4
მცხოვრები	ქართველი	4
მცხეთის	რაიონი	4
მცირეა	და	4
მცირე	ფურცელი	4
მცირე	საწარმოები	4
მცირე	ნაწილია	4
მცირე	მონაკვეთი	4
მცირე	დროის	4
მცირე	ბიზნესის	4
მცველი	იყო	4
მცენარეულ	საფარს	4
მცენარეთა	გვარი	4
მცენარეებისა	და	4
მცდელობის	შემდეგ	4
მშრალი	კანონი	4
მშობლიური	ენაა	4
მშობლიურ	ენას	4
მშობლიურ	ენაზე	4
მშობლიურ	ენად	4
მშობლები	და	4
მშობლები	არიან	4
მშვიდობის	დამყარების	4
მშვიდობიანი	ურთიერთობა	4
მშენებლობის	პროცესშია	4
მშენებლობა	დასრულდა	4
მყოფი	ადამიანები	4
მღვდლად	ეკურთხა	4
მქონე	და	4
მფლობელობაში	მყოფი	4
მფლობელობაში	გადავიდა	4
მფლობელები	იყვნენ	4
მუხლის	თანახმად	4
მუშაობისა	და	4
მუშაობდა	მასწავლებლად	4
მუშაკთა	პარტიის	4
მუშათა	და	4
მუქი	წითელი	4
მუქი	მურა	4
მუქი	ლურჯი	4
მუსიკის	თანხლებით	4
მუსიკის	ავტორია	4
მუსიკასთან	ერთად	4
მუსიკალური	ჯგუფი	4
მუსიკალური	სტილი	4
მუსიკალური	სასწავლებლის	4
მუსიკალური	საკრავი	4
მუსიკალური	ჟანრი	4
მუსიკალური	გემოვნება	4
მუსიკალურ	სკოლაში	4
მუსიკალურ	და	4
მურასაკი	შიკიბუს	4
მუნიციპალური	საბჭო	4
მუნიციპალიტეტში	ცხოვრობდა	4
მუნიციპალიტეტის	ცენტრი	4
მუნიციპალიტეტის	ტერიტორიის	4
მუნიციპალიტეტის	გამგეობის	4
მუნიციპალიტეტი	მექსიკაში	4
მუნიციპალიტეტი	მდებარეობს	4
მუზეუმი	ღია	4
მუდმივი	და	4
მტრედი	და	4
მტკნარი	წყალი	4
მტკნარ	წყალსატევებში	4
მტკიცე	უარი	4
მტკვარი	და	4
მტვრის	მარცვლები	4
მტერს	და	4
მსხვერპლად	სწირავდნენ	4
მსუბუქი	ფორმა	4
მსოფლიოში	უძველესი	4
მსოფლიოში	სიდიდით	4
მსოფლიოში	პირველ	4
მსოფლიოში	მესამე	4
მსოფლიოში	და	4
მსოფლიოს	ჩემპიონის	4
მსოფლიოს	ჩემპიონატები	4
მსოფლიოს	ქვეყნების	4
მსოფლიო	ჩემპიონის	4
მსოფლიო	საკლუბო	4
მსოფლიო	რეკორდების	4
მსოფლიო	პრემიერა	4
მსოფლიო	ოკეანე	4
მსოფლიო	მნიშვნელობის	4
მსოფლიო	ლიგა	4
მსოფლიო	თასზე	4
მსოფლიო	ბესტსელერად	4
მსგავსი	რამ	4
მსგავსი	არაფერი	4
მსაჯულთა	სასამართლოს	4
მრჩეველთა	საბჭოს	4
მრეწველობის	განვითარება	4
მრეწველობასა	და	4
მრავლად	იყო	4
მრავალწლოვანი	ბალახები	4
მრავალი	ჯილდო	4
მრავალი	ქართული	4
მრავალი	სახის	4
მრავალი	პატარა	4
მრავალი	გამოჩენილი	4
მრავალი	ათასი	4
მრავალი	ადგილობრივი	4
მრავალ	დარგში	4
მოჰკიდა	ხელი	4
მოხიბლული	იყო	4
მოხვედრის	შემდეგ	4
მოხდის	შემდეგ	4
მოხდა	ძვ	4
მოხდა	მათი	4
მოწყობილი	იყო	4
მოწონებით	სარგებლობდა	4
მოწინააღმდეგე	იყო	4
მოწინააღმდეგე	გუნდის	4
მოწამეობრივად	აღესრულა	4
მოძღვარი	და	4
მოძრაობის	ლიდერი	4
მოძრაობის	ეროვნული	4
მოცემულ	მომენტში	4
მოშორებით	მდებარეობს	4
მოყავთ	ყავა	4
მოღვაწეობის	ძირითადი	4
მოღვაწეობის	შესახებ	4
მოღვაწეობის	პერიოდში	4
მოღვაწეობის	მანძილზე	4
მოღვაწეობდა	საქართველოს	4
მოღვაწეობას	თბილისის	4
მოქმედებების	დაწყების	4
მოტივების	მიხედვით	4
მოსკოვის	კონსერვატორიაში	4
მოსახლეობის	უმეტესობას	4
მოსახლეობის	მნიშვნელოვანი	4
მოსახლეობის	ის	4
მოსახლეობასთან	ერთად	4
მოსახლეობას	არ	4
მოსახლეობა	და	4
მოსახლეობა	ამ	4
მოპოვებული	მასალები	4
მოპოვებული	არქეოლოგიური	4
მოპოვება	და	4
მონღოლთა	წინააღმდეგ	4
მონღოლეთის	იმპერია	4
მონიშნული	თეგით	4
მონები	და	4
მონაწილეობის	უფლება	4
მონაწილეობის	მიღებას	4
მონაწილეობით	და	4
მონაწილეობენ	მსახიობები	4
მონაწილეობდა	ქართული	4
მონაწილეობას	ღებულობდა	4
მონაწილეობას	სხვადასხვა	4
მონაწილეობა	მიეღო	4
მონაწილე	იყო	4
მონაცემები	მომხმარებელთა	4
მონაზვნად	აღიკვეცა	4
მონაგასის	შტატი	4
მომხრეებს	შორის	4
მომხმარებელთა	ელ	4
მომხდარი	ინციდენტის	4
მომღერალი	ქალი	4
მომსახურების	ხარისხის	4
მომსახურება	და	4
მომსახურე	პერსონალი	4
მომზადება	და	4
მომეწონა	და	4
მომეტისთვის	საიტით	4
მომდინარეობს	ადგილობრივი	4
მომდევნო	წლის	4
მომდევნო	საუკუნეებში	4
მომდევნო	რამდენიმე	4
მომდევნო	პერიოდში	4
მომავალი	წლისთვის	4
მომავალი	პრეზიდენტი	4
მომავალი	მეუღლე	4
მომავალი	ვარსკვლავი	4
მომავალი	და	4
მომავალ	თაობებს	4
მოლეკულებს	შორის	4
მოლაპარაკების	შემდეგ	4
მოლაპარაკების	გზით	4
მოკლებული	იყო	4
მოკლე	ტექსტური	4
მოკლე	ისტორია	4
მოკვლის	შემდეგ	4
მოკვდა	და	4
მოკავშირეთა	მიერ	4
მოიცავს	რამდენიმე	4
მოიცავს	ორ	4
მოიცავს	ოთხ	4
მოიცავს	ისტორიულ	4
მოიცავს	ისეთ	4
მოიცავდა	ტერიტორიას	4
მოიცავდა	დღევანდელ	4
მოიყარა	თავი	4
მოიპოვა	პოპულარობა	4
მოიგო	ფიუჩერსის	4
მოიგო	ინგლისის	4
მოთამაშე	გახდა	4
მოთავსებულია	დევიზის	4
მოვლენების	გამო	4
მოვიდნენ	და	4
მოვა	და	4
მოედანი	და	4
მოდის	დიზაინერი	4
მოდის	და	4
მოგზაურობის	შემდეგ	4
მოგზაური	და	4
მოგვიანებით	მის	4
მოგების	შემთხვევაში	4
მოახდინა	გავლენა	4
მოაწყვეს	და	4
მოადგილე	და	4
მოაგროვა	და	4
მნიშვნელოვნად	გაზარდა	4
მნიშვნელოვანია	მისი	4
მნიშვნელოვანი	წარმომადგენელი	4
მნიშვნელოვანი	ცვლილებები	4
მნიშვნელოვანი	ქალაქი	4
მნიშვნელოვანი	ფაქტორი	4
მნიშვნელოვანი	კვალი	4
მნიშვნელობის	კურორტია	4
მნიშვნელობის	გზები	4
მნიშვნელობით	შეიძლება	4
მნიშვნელობაც	აქვს	4
მნიშვნელობას	იძენს	4
მნიშვნელობას	და	4
მნიშვნელობა	ენიჭებოდა	4
მმართველობის	ხანას	4
მმართველობის	ფორმა	4
მმართველობის	პირველი	4
მმართველობის	პერიოდს	4
მმართველობას	ახორციელებს	4
მმართველობა	და	4
მმართველი	პოლიტიკური	4
მლნ	აშშ	4
მლაშეს	თემი	4
მკურნალობის	პროცესში	4
მკლავი	და	4
მკითხველი	და	4
მკვიდრი	მოსახლეობა	4
მკვეთრად	შემცირდა	4
მკვეთრად	იზრდება	4
მკვდარი	ზღვა	4
მკვდარი	ენა	4
მკერდის	მარცხენა	4
მკაფიოდ	ჩანს	4
მიხეილ	ჯავახიშვილმა	4
მიხეილ	მესხის	4
მიხეილ	გორბაჩოვის	4
მიხედვით	ქალაქის	4
მიხედვით	მსოფლიოში	4
მიხედვით	კანადაში	4
მიწისქვეშა	ტრანსპორტის	4
მიწისქვეშა	ტრამვაის	4
მიწიერი	ცხოვრების	4
მიწაზე	და	4
მიჩნეულია	ის	4
მიყვარს	ჩემი	4
მიღწევის	შემდეგ	4
მიღწევა	და	4
მიღებული	ჰქონდა	4
მიღების	ძირითადი	4
მიღების	შესახებ	4
მიღების	შემთხვევაში	4
მიქაიას	დაკავების	4
მიუხედავად	მცირე	4
მიუხედავად	იმის	4
მიუხედავად	დიდი	4
მისსავე	ან	4
მისმა	შემოსავალმა	4
მისმა	პოპულარობამ	4
მისმა	მეგობარმა	4
მისმა	თანამებრძოლებმა	4
მისივე	თხოვნით	4
მისი	წონა	4
მისი	წინამორბედის	4
მისი	წარმატება	4
მისი	ძე	4
მისი	ჩრდილოეთი	4
მისი	შვილები	4
მისი	შექმნის	4
მისი	შესანიშნავი	4
მისი	შეპყრობა	4
მისი	შემცველობა	4
მისი	შემქმნელები	4
მისი	შემოქმედებითი	4
მისი	ყოველი	4
მისი	ღვაწლი	4
მისი	უკანასკნელი	4
მისი	ტემპერატურა	4
მისი	სულიერი	4
მისი	სიკვდილი	4
მისი	სიგანე	4
მისი	სახლის	4
მისი	სახელწოდება	4
მისი	საქმიანობის	4
მისი	სამსახიობო	4
მისი	სამი	4
მისი	სამეფო	4
მისი	რწმენით	4
მისი	როგორც	4
მისი	რედაქტორობით	4
მისი	პრემიერა	4
მისი	პრეზიდენტობა	4
მისი	პრეზიდენტი	4
მისი	პარტნიორი	4
მისი	პაპა	4
მისი	ოფიციალური	4
მისი	ნაწილი	4
მისი	ნამუშევარი	4
მისი	მშობლიური	4
მისი	მუსიკალური	4
მისი	მუსიკა	4
მისი	მოღვაწეობა	4
მისი	მოქმედება	4
მისი	მომხრეები	4
მისი	მმართველობისას	4
მისი	მეტსახელი	4
მისი	მეტოქე	4
მისი	მეგობრის	4
მისი	მეგობრების	4
მისი	ლექსი	4
მისი	კულტურის	4
მისი	კოლეგები	4
მისი	ისტორია	4
მისი	თეორიის	4
მისი	ვინაობა	4
მისი	დროის	4
მისი	დაცვის	4
მისი	დანიშნულება	4
მისი	დაბრუნება	4
მისი	დაარსების	4
მისი	დაარსებიდან	4
მისი	გუნდის	4
მისი	გვარი	4
მისი	გვამი	4
მისი	გეგმა	4
მისი	განსაკუთრებული	4
მისი	გამოსვლა	4
მისი	გამოსახულება	4
მისი	ბუნებრივი	4
მისი	ასეთი	4
მისი	ადმინისტრაციული	4
მისთვის	ყველაზე	4
მისგან	განსხვავებით	4
მის	წინა	4
მის	წევრებს	4
მის	ცოლს	4
მის	ჩრდილოეთ	4
მის	შიგნით	4
მის	შექმნაში	4
მის	ქონებას	4
მის	ფარგლებში	4
მის	უკან	4
მის	სტილს	4
მის	სრულ	4
მის	პოპულარიზაციაში	4
მის	მხარეს	4
მის	მსოფლიო	4
მის	მიმდებარე	4
მის	მთავარ	4
მის	მეორე	4
მის	მარცხენა	4
მის	თავს	4
მის	თავზე	4
მის	დედაქალაქი	4
მის	დასავლეთ	4
მის	განვითარებას	4
მის	გავლენას	4
მის	ბინაში	4
მის	ანგარიშზე	4
მინისტრის	პოსტი	4
მინისტრის	პოსტზე	4
მინისტრის	მოადგილემ	4
მინისტრთა	საბჭომ	4
მინისტრთა	საბჭო	4
მინისა	და	4
მინდვრებსა	და	4
მინდა	რომ	4
მინდა	და	4
მინდა	გითხრათ	4
მიმოფრენისას	გვხვდება	4
მიმდინარეობს	და	4
მიმდინარე	მოვლენებს	4
მიმდინარე	მოვლენების	4
მიმართ	უარყოფითი	4
მიმართ	მისი	4
მიმართ	დამოკიდებულება	4
მიმავალ	გზას	4
მილიონს	აღწევს	4
მილიონი	კაცი	4
მილიონ	დოლარად	4
მილანი	და	4
მილანთან	ერთად	4
მიკროსაფინანსო	ორგანიზაციების	4
მიკი	მაუსი	4
მიიწვია	და	4
მიიღო	სპეციალური	4
მიიღო	პრიზი	4
მიიღო	პირველი	4
მიიღო	ნობელის	4
მიიღო	მან	4
მიიღო	დოქტორის	4
მით	მეტია	4
მიზეზის	გარეშე	4
მიზეზი	იმისა	4
მიზეზი	და	4
მიზეზთა	გამო	4
მიზეზად	კი	4
მიზანს	წარმოადგენს	4
მიზანს	ვერ	4
მიზანი	არის	4
მივხვდი	რომ	4
მივიდა	იმ	4
მიეღოთ	მონაწილეობა	4
მიერვე	დაარსებულ	4
მიერ	წარდგენილი	4
მიერ	წამოწყებული	4
მიერ	ჩატარებულ	4
მიერ	ჩამოყალიბებული	4
მიერ	ქრისტიანთა	4
მიერ	საკუთარი	4
მიერ	როგორც	4
მიერ	ომის	4
მიერ	მოწყობილ	4
მიერ	მოტანილი	4
მიერ	კონტროლირებად	4
მიერ	დახატული	4
მიერ	დახარჯული	4
მიერ	დაწესებული	4
მიერ	დაპყრობილ	4
მიერ	დამუშავებული	4
მიერ	დაკისრებულ	4
მიერ	გაცემული	4
მიერ	გამოცხადებული	4
მიერ	გამოყოფილი	4
მიერ	გამოყენებული	4
მიერ	გამომუშავებული	4
მიერ	გაკეთებულ	4
მიერ	გადაღებული	4
მიენიჭა	სახელმწიფო	4
მიენიჭა	საბჭოთა	4
მიენიჭა	ოქროს	4
მიენიჭა	თბილისის	4
მიდიოდა	და	4
მიდიან	და	4
მიაღწია	თავის	4
მიაბარა	მიწას	4
მთრიმლავი	ნივთიერებები	4
მთლიანი	საქართველოს	4
მთლიანი	ან	4
მთლიანად	ამ	4
მთიულეთის	არაგვი	4
მთის	წვერზე	4
მთის	ქანების	4
მთის	კალთებზე	4
მთიანი	ქვეყნების	4
მთვარისა	და	4
მთელს	ამ	4
მთელი	ძალაუფლება	4
მთელი	ჩვენი	4
მთელი	ქონება	4
მთელი	ქართველი	4
მთელი	სხეული	4
მთელი	სამყაროს	4
მთელი	პლეადა	4
მთელი	ოჯახი	4
მთელი	იმპერიის	4
მთელი	დღეების	4
მთელ	ჩრდილოეთ	4
მთელ	მსოფლიოს	4
მთელ	კავკასიაში	4
მთელ	დღეებს	4
მთებსა	და	4
მთების	სამხრეთ	4
მთათა	სისტემის	4
მთავრობის	წევრია	4
მთავრობის	სახლის	4
მთავრობის	საუწყებო	4
მთავრობას	და	4
მთავრობამ	გადაწყვიტა	4
მთავრის	დავით	4
მთავარმა	მწვრთნელმა	4
მთავარი	ცენტრია	4
მთავარი	შენაკადია	4
მთავარი	ქალაქია	4
მთავარი	ტაძრის	4
მთავარი	როლები	4
მთავარი	რეჟისორი	4
მთავარი	რეზიდენცია	4
მთავარი	პრინციპი	4
მთავარი	პრიზი	4
მთავარი	პერსონაჟია	4
მთავარი	პერსონაჟები	4
მთავარი	მხატვარი	4
მთავარი	მახასიათებელია	4
მთავარი	ისაა	4
მთავარი	თვისება	4
მთავარი	ეკლესიის	4
მთავარი	დარგია	4
მთავარი	დარგებია	4
მთავარი	აქცენტი	4
მთავარი	არქიტექტორი	4
მთავარ	ქალაქს	4
მთავარ	და	4
მთა	კავკასიონის	4
მზის	ღმერთ	4
მზის	საათის	4
მზის	დაბნელება	4
მზის	და	4
მზის	ამოსვლის	4
მზად	ვართ	4
მზად	არიან	4
მზად	არ	4
მეცნიერული	შესწავლა	4
მეცნიერების	მინისტრი	4
მეცნიერების	და	4
მეცნიერებთან	ერთად	4
მეცნიერებაში	და	4
მეცნიერებათა	კანდიდატის	4
მეცნიერება	და	4
მეშვეობით	ხორციელდება	4
მეშვეობით	და	4
მექანიზმი	და	4
მეფის	დაბრუნება	4
მეფემ	გადაწყვიტა	4
მეფეები	იყვნენ	4
მეფე	ვახტანგ	4
მეფე	დავით	4
მეფე	არ	4
მეფე	ამ	4
მეუღლე	გახდა	4
მეურნეობის	მეცნიერებათა	4
მეურნეობის	განვითარების	4
მეტყველებს	იმაზე	4
მეტრს	შორის	4
მეტროს	ხაზი	4
მეტროპოლიტენების	სია	4
მეტრის	მოშორებით	4
მეტრი	სიმაღლისაა	4
მეტრი	საგარეჯოდან	4
მეტრი	და	4
მეტმა	ადამიანმა	4
მეტია	და	4
მეტი	ყურადღება	4
მეტი	რაოდენობით	4
მეტი	კავშირი	4
მეტი	ვიდრე	4
მეტი	დრო	4
მეტი	ასლის	4
მეტამორფული	ქანების	4
მეტად	რთულია	4
მეტად	პოპულარული	4
მეტად	კი	4
მეტად	დიდი	4
მეტად	აღარ	4
მეტ	კვერცხს	4
მესხეთის	ქედზე	4
მესამე	ჯგუფში	4
მესამე	ჯგუფი	4
მესამე	წიგნი	4
მესამე	შვილი	4
მესამე	ყველაზე	4
მესამე	უდიდესი	4
მესამე	სეზონში	4
მესამე	პუნიკური	4
მესამე	ნაწილი	4
მესამე	კი	4
მესამე	იყო	4
მესამე	ადგილისათვის	4
მერქანი	აქვს	4
მერიის	მიერ	4
მერვე	ტურის	4
მერე	მისი	4
მერაბ	ქვარაია	4
მეოცე	საუკუნეში	4
მეორის	დროს	4
მეორედ	იქორწინა	4
მეორე	ჯგუფში	4
მეორე	წრეში	4
მეორე	შემთხვევა	4
მეორე	ტური	4
მეორე	სეზონში	4
მეორე	საეკლესიო	4
მეორე	რიგის	4
მეორე	რესპუბლიკა	4
მეორე	ომის	4
მეორე	ნაწილმა	4
მეორე	მხრიდან	4
მეორე	მნიშვნელოვანი	4
მეორე	ლიგა	4
მეორე	კვარტალში	4
მეორე	ვერსიით	4
მეორე	ეტაპზე	4
მეორე	დიდი	4
მეორე	ალბომი	4
მეორე	ადგილისათვის	4
მეომრები	და	4
მეოთხეული	სისტემა	4
მეოთხე	ჯვაროსნული	4
მეოთხე	ტურის	4
მეოთხე	და	4
მემკვიდრეობით	მიიღო	4
მემკვიდრე	არ	4
მელიტონ	ბალანჩივაძის	4
მეთოდი	არის	4
მეთოდები	და	4
მეთვალყურეობის	ქვეშ	4
მეთაურად	დაინიშნა	4
მეზობლად	მდებარე	4
მედლები	მედლები	4
მედიცინისა	და	4
მედიცინის	დოქტორის	4
მედალი	მოიპოვა	4
მედალი	მოიგო	4
მეგრული	სიმღერის	4
მეგრულ	ენაზე	4
მეგობრული	ურთიერთობა	4
მეგობრობისა	და	4
მეგობრობას	და	4
მეგობრებს	და	4
მეგობრების	დახმარებით	4
მეგობარი	იყო	4
მეგობარ	გოგონასთან	4
მებრძოლთა	კლუბი	4
მე	ყოველთვის	4
მე	ყველაზე	4
მე	თქვენ	4
მე	ვიცოდი	4
მე	ვიქნები	4
მე	ვიტყოდი	4
მე	აღარ	4
მე	ასეთი	4
მე	ასე	4
მე	არც	4
მდინარეების	ნაპირებზე	4
მდინარე	ხრამის	4
მდინარე	ხრამი	4
მდინარე	ხანისწყალი	4
მდინარე	წყალწითელას	4
მდინარე	ცენტრალურ	4
მდინარე	ღალიძგა	4
მდინარე	ქსანი	4
მდინარე	სამხრეთ	4
მდინარე	რაინის	4
მდინარე	ორინოკო	4
მდინარე	ნატანები	4
მდინარე	მტკვრის	4
მდინარე	ლაბას	4
მდინარე	კოდორი	4
მდინარე	ვოლგა	4
მდინარე	ესპანეთი	4
მდინარე	ბჟუჟის	4
მდინარე	აჭარისწყალი	4
მდინარე	აღმოსავლეთ	4
მდინარე	აფხაზეთის	4
მდებარეობს	წყნარი	4
მდებარეობს	წმინდა	4
მდებარეობს	ძველი	4
მდებარეობს	ცენტრალურ	4
მდებარეობს	შუა	4
მდებარეობს	შიდა	4
მდებარეობს	სოფლის	4
მდებარეობს	საფრანგეთის	4
მდებარეობს	რუსეთის	4
მდებარეობს	რურის	4
მდებარეობს	პროვინციულ	4
მდებარეობს	მსოფლიოს	4
მდებარეობს	იუნესკოს	4
მდებარეობს	იუკატანის	4
მდებარეობს	თრიალეთის	4
მდებარეობს	ერევანი	4
მდებარეობს	დედოფლისწყაროს	4
მდებარეობს	დაახლოებით	4
მდებარეობს	გუდამაყრის	4
მდებარეობს	ახალი	4
მდებარეობს	ასევე	4
მდებარეობს	არგენტინის	4
მდებარეობს	ამავე	4
მდებარეობს	ალევის	4
მდებარე	ქალაქი	4
მდებარე	მცირე	4
მდებარე	მიწები	4
მდე	ჯიში	4
მდე	ადამიანს	4
მდე	ადამიანი	4
მდგომარეობაში	იყო	4
მდგომარეობაში	აღმოჩნდა	4
მდგომარეობა	გაუარესდა	4
მახლობლად	მდებარეობს	4
მახლობლად	და	4
მაცხოვრის	სახელობის	4
მაცივარ	აგენტის	4
მაჩვენებელი	შეადგენს	4
მაშინაც	არ	4
მაშინ	ძალიან	4
მაშინ	ჩვენ	4
მაშინ	საჭიროა	4
მაშინ	რატომ	4
მაშინ	მისი	4
მაშინ	მათი	4
მაყურებელს	იტევდა	4
მაღლა	კი	4
მაღალია	და	4
მაღალი	ხარისხით	4
მაღალი	რანგის	4
მაღაზიის	მფლობელი	4
მაქსიმალური	სიღრმეა	4
მაქსიმალური	სიგრძე	4
მატჩში	მიიღო	4
მატჩი	მოიგეს	4
მატჩი	იყო	4
მატჩი	გამართა	4
მატულობს	და	4
მატერიის	არსებობის	4
მასწავლებლების	მიერ	4
მასშტაბით	მიიღო	4
მასშტაბით	კი	4
მასში	შედის	4
მასში	შედიოდა	4
მასიური	სხეული	4
მასისა	და	4
მასზე	უფრო	4
მასზე	და	4
მასზე	გამოსახულია	4
მასალის	მიხედვით	4
მასალების	მიხედვით	4
მასალები	და	4
მასალა	მოწმობს	4
მას	ჯერ	4
მას	შეუყვარდა	4
მას	შემდეგაც	4
მას	ფართოდ	4
მას	უერთდება	4
მას	უბრალოდ	4
მას	უბოძა	4
მას	საშუალება	4
მას	საფუძვლად	4
მას	როგორც	4
მას	მუდამ	4
მას	მრავალი	4
მას	მოუწია	4
მას	მე	4
მას	კვლავ	4
მას	ეწოდა	4
მას	ეკავა	4
მას	დღემდე	4
მას	დიდ	4
მას	დაემატა	4
მას	აქეთ	4
მას	არც	4
მას	არაფერი	4
მას	არასოდეს	4
მას	ამის	4
მარჯნის	რიფები	4
მარჯვნივ	გადახრილი	4
მარჯვენა	ფრთას	4
მარჯვენა	მხარეზე	4
მარცხნივ	არის	4
მარცხით	დასრულდა	4
მარცხი	განიცადეს	4
მარცხენა	ხელით	4
მარცხენა	ხელი	4
მარცხენა	სანაპიროს	4
მარცხენა	კუთხეში	4
მარციუს	რუტილუსი	4
მარტოული	ან	4
მარტო	ის	4
მარტო	იმიტომ	4
მარტო	და	4
მარტო	არ	4
მარტივი	ან	4
მარტივ	ნივთიერებას	4
მარტი	და	4
მარნეულის	მუნიციპალიტეტის	4
მარმარილოს	ზღვა	4
მარკიზ	დე	4
მარკეს	რეგიონში	4
მარინა	კვიკვინია	4
მარილიანი	ტბა	4
მარიამ	დედოფალი	4
მარია	და	4
მართლმადიდებლური	სარწმუნოების	4
მართლმადიდებლურ	ეკლესიაში	4
მართლმადიდებელ	სამოციქულო	4
მართებული	იქნება	4
მარაკაიბოს	ტბა	4
მარაგი	შეადგენს	4
მარაბდის	ბრძოლა	4
მაჟორიტარი	დეპუტატი	4
მაპუჩეს	ტომის	4
მანძილზე	მას	4
მანძილზე	არ	4
მან	ჩაუყარა	4
მან	შეიძინა	4
მან	შეისწავლა	4
მან	შეიმუშავა	4
მან	შეასრულა	4
მან	უწოდა	4
მან	უკვე	4
მან	სცადა	4
მან	მოაწყო	4
მან	მეორე	4
მან	კი	4
მან	იწინასწარმეტყველა	4
მან	დაკარგა	4
მან	დაამარცხა	4
მან	გახსნა	4
მან	გამოაქვეყნა	4
მან	გაიტანა	4
მან	გაიმარჯვა	4
მან	ბრძანა	4
მან	აღნიშნა	4
მან	ასეთი	4
მან	ააგო	4
მამოძრავებელი	ძალა	4
მამლის	სხეულის	4
მამის	მკვლელი	4
მამები	და	4
მამაკაცთა	შორის	4
მამათა	და	4
მამა	გაბრიელი	4
მამა	არის	4
მალევე	გახდა	4
მალე	მოიპოვა	4
მალე	მიხვდა	4
მალე	მის	4
მალე	მას	4
მალე	კი	4
მალე	ის	4
მალე	იგი	4
მალაიური	ენა	4
მალავის	სამხრეთი	4
მალავის	პრეზიდენტი	4
მაისის	თვეში	4
მაისის	დასაწყისში	4
მაინც	შეძლო	4
მაინც	შედგა	4
მაინც	გადაწყვიტა	4
მაინის	ფრანკფურტი	4
მაიკლ	დუგლასი	4
მაია	წყნეთელი	4
მაია	ფანჯიკიძე	4
მათი	წინამორბედი	4
მათი	შედეგები	4
მათი	ქორწინება	4
მათი	ქონების	4
მათი	უფლებების	4
მათი	სახელები	4
მათი	საშუალებით	4
მათი	ოჯახის	4
მათი	მხრიდან	4
მათი	მომავალი	4
მათი	თქმით	4
მათი	ერთობლივი	4
მათი	განსახლების	4
მათი	განადგურება	4
მათთვის	დამახასიათებელია	4
მათთან	დაკავშირებული	4
მათემატიკასა	და	4
მათგანს	თავისი	4
მათგანი	იყო	4
მათგან	განსხვავებით	4
მათ	წინაშე	4
მათ	შექმნეს	4
მათ	უარი	4
მათ	სურთ	4
მათ	რიცხვს	4
მათ	მიიღეს	4
მათ	მაინც	4
მათ	ზედა	4
მათ	ერთობლივ	4
მათ	დასახმარებლად	4
მათ	დაიწყეს	4
მათ	ბევრი	4
მათ	არავინ	4
მათ	ადგილზე	4
მაზრის	სოფელ	4
მაგრდება	და	4
მაგრამ	შეიძლება	4
მაგრამ	შედეგი	4
მაგრამ	ყოველ	4
მაგრამ	ყველაფერი	4
მაგრამ	ქართველი	4
მაგრამ	უეცრად	4
მაგრამ	უარი	4
მაგრამ	სინამდვილეში	4
მაგრამ	საქართველოს	4
მაგრამ	რას	4
მაგრამ	პრაქტიკულად	4
მაგრამ	პირველი	4
მაგრამ	ოფიციალურად	4
მაგრამ	ორი	4
მაგრამ	მოულოდნელად	4
მაგრამ	მესამე	4
მაგრამ	მასთან	4
მაგრამ	მანამდე	4
მაგრამ	კვლავ	4
მაგრამ	ისეთი	4
მაგრამ	ისე	4
მაგრამ	თვით	4
მაგრამ	ვფიქრობ	4
მაგრამ	ვერც	4
მაგრამ	ესეც	4
მაგრამ	დღეს	4
მაგრამ	დიდი	4
მაგრამ	გაცილებით	4
მაგრამ	განა	4
მაგრამ	ასევე	4
მაგრამ	ამჯერად	4
მაგმური	ქანების	4
მაგმური	ქანები	4
მაგარი	მიუზიკლი	4
მაგალითი	იყო	4
მ	სისქის	4
მ	სიგანის	4
მ	და	4
მ	აღწევდა	4
ლუციუს	პაპირიუს	4
ლურჯი	ფერის	4
ლუკა	მახარებლის	4
ლუდვიგ	მის	4
ლუარის	რეგიონში	4
ლუარის	რეგიონი	4
ლოს	ანჯელესის	4
ლომი	და	4
ლიტვას	შორის	4
ლიტერატურული	თვალსაზრისით	4
ლიტერატურის	ინსტიტუტის	4
ლირიკული	ლექსების	4
ლიმის	რეგიონის	4
ლიკვიდაციის	შესახებ	4
ლიდერმა	დავით	4
ლიდერი	ხდება	4
ლიგის	ნახევარფინალში	4
ლიგის	კლუბ	4
ლიგა	წყალბურთში	4
ლიგა	და	4
ლიბერთი	ბანკი	4
ლიბერალური	პარტიის	4
ლიბანის	სამოქალაქო	4
ლექსისა	და	4
ლექსიკურ	მნიშვნელობას	4
ლექსებსა	და	4
ლექსები	თარგმნილია	4
ლენის	დედაქალაქი	4
ლენინური	პრემიის	4
ლენინის	ორდენითა	4
ლელა	წურწუმიას	4
ლევანის	ძე	4
ლევან	დადიანის	4
ლედ	ზეპელინი	4
ლეგიონის	ორდენი	4
ლეგენდები	და	4
ლეგენდა	არსებობს	4
ლაშქრობის	შესახებ	4
ლაშეზის	სასაფლაოზე	4
ლაურეატი	მშვიდობის	4
ლაურეატი	ლიტერატურის	4
ლარის	ღირებულების	4
ლარას	შტატი	4
ლაპარაკი	არ	4
ლანჩხუთისა	და	4
ლანინის	ეროვნული	4
ლანთანოიდების	ჯგუფის	4
ლამაზია	ეს	4
ლამაზი	მინდა	4
ლალი	აფციაური	4
ლათინური	ანბანი	4
ლაზური	ენა	4
ლადო	სულაბერიძის	4
ლადო	აღნიაშვილი	4
ლაგოდეხის	მუნიციპალიტეტის	4
ლაბორატორიის	გამგე	4
ლა	ლიგა	4
ლა	ლა	4
კუსკოს	სამეფოს	4
კურტი	და	4
კუნძულოვანი	სახელმწიფო	4
კუნძულის	ცენტრალურ	4
კუნძულის	სიგრძე	4
კუნძულის	მთავარი	4
კუნძული	შედის	4
კუნძული	ბალტიის	4
კუნძულზე	და	4
კუნძულზე	არ	4
კუნძულების	საერთო	4
კუნძულების	დედაქალაქი	4
კუნთოვანი	და	4
კულტურული	უძრავი	4
კულტურული	მემკვიდრეობა	4
კულტურის	სახლი	4
კულტურის	ისტორიის	4
კულტურას	და	4
კუბური	მეტრი	4
კუბის	რესპუბლიკის	4
კუბელი	პოლიტიკური	4
კრუხობა	გრძელდება	4
კრიტიკული	რეალიზმის	4
კრიტიკოსი	და	4
კრიტიკოსთა	მიერ	4
კრიტიკოსთა	აზრით	4
კრიტიკოსების	მიერ	4
კრიტიკის	ობიექტი	4
კრისტალური	ქანებით	4
კრიზისის	პერიოდში	4
კრებული	გამოიცა	4
კრების	წევრი	4
კრებამ	დაგმო	4
კრახის	შემდეგ	4
კრაისლერ	ბილდინგი	4
კოშკი	დგას	4
კოტ	დ	4
კორპუსის	წინა	4
კორპუსი	და	4
კორნელი	სანაძე	4
კორნელი	კეკელიძე	4
კორეაში	და	4
კოპენჰაგენის	უნივერსიტეტის	4
კონცერტის	შემდეგ	4
კონცერტი	გაიმართა	4
კონცერტების	დროს	4
კონცერტები	და	4
კონფლიქტის	შემდეგ	4
კონფლიქტის	ზონიდან	4
კონფედერაციული	შტატები	4
კონტროლს	ქვეშ	4
კონტრაქტს	მოაწერა	4
კონსულად	ძვ	4
კონსტრუქციის	მიხედვით	4
კონსტანტინოპოლის	პატრიარქები	4
კონსერვატული	პარტიის	4
კონკურენციის	პირობებში	4
კონკურენტული	გარემოს	4
კონკრეტულ	შემთხვევაში	4
კონან	დოილის	4
კომუნისტურ	პარტიაში	4
კომპლექსში	შედიოდა	4
კომპანიის	რიგით	4
კომპანიების	მიერ	4
კომიქსების	სუპერგმირი	4
კომიქსების	პერსონაჟი	4
კომიტეტის	წევრად	4
კომიტეტის	მიერ	4
კომიტეტის	თავმჯდომარის	4
კომიტეტის	თავმჯდომარედ	4
კომისიის	თავმჯდომარის	4
კომისართა	საბჭოს	4
კომენტარი	გააკეთა	4
კომენტარი	არაა	4
კოლხური	ცული	4
კოლხური	კულტურის	4
კოლხეთის	სამეფოს	4
კოლონიური	მმართველობის	4
კოლონიებში	და	4
კოლის	ნახევარკუნძული	4
კოლეჯში	სწავლობდა	4
კოლეგიის	წევრად	4
კმაყოფილი	იყო	4
კმაყოფილი	დარჩა	4
კლიმატური	პირობების	4
კლიმატური	პირობები	4
კლიმატური	კურორტია	4
კლდის	მხატვრობა	4
კლდეკარის	ერისთავები	4
კლასიკური	ფიზიკის	4
კლასიკური	და	4
კლასიკური	ბერძნული	4
კლავიშიანი	ინსტრუმენტები	4
კირილე	ალექსანდრიელის	4
კინოფესტივალზე	ოქროს	4
კილომეტრის	სიგრძის	4
კილომეტრის	მანძილზე	4
კილომეტრით	დაცილებულია	4
კითხვები	იყო	4
კითხვებზე	პასუხის	4
კიევის	რუსეთი	4
კიევის	მთავარი	4
კიდეც	რომ	4
კიდეც	ამ	4
კიდევ	შემორჩენილი	4
კიდევ	რა	4
კიდევ	ორ	4
კიდევ	კარგი	4
კიდევ	იყო	4
კიბოს	წამალს	4
კიბოთი	გარდაიცვალა	4
კი	ჯერ	4
კი	ხშირად	4
კი	ცნობილი	4
კი	უკან	4
კი	უბრალოდ	4
კი	სხვადასხვა	4
კი	საკმაოდ	4
კი	რუსეთის	4
კი	რომის	4
კი	როდესაც	4
კი	პირველი	4
კი	პატარა	4
კი	მეორე	4
კი	კლუბის	4
კი	კიდევ	4
კი	იქცა	4
კი	ისე	4
კი	იმავე	4
კი	თავს	4
კი	თავად	4
კი	ეროვნული	4
კი	დაახლოებით	4
კი	აქ	4
კი	ამასობაში	4
კვლევისა	და	4
კვლევის	ცენტრის	4
კვლევითი	ინსტიტუტი	4
კვლავ	რჩება	4
კვლავ	დაიბრუნეს	4
კვლავ	განახლდა	4
კვირის	პალიტრა	4
კვირის	ბოლოს	4
კვირის	ბოლო	4
კვირა	დაჰყო	4
კვირა	და	4
კვინტუს	ფაბიუსი	4
კვანტური	თეორიის	4
კვადრატის	ნახევარს	4
კერძო	სკოლაში	4
კერძო	პირები	4
კერძო	კუთვნილება	4
კერძო	კოლექციებში	4
კერა	იყო	4
კემბრიჯის	უნივერსიტეტის	4
კეთილშობილი	ლითონების	4
კედლის	შუაში	4
კედლის	ქვედა	4
კედლის	მხატვრობა	4
კედელზე	შემორჩენილია	4
კახეთისა	და	4
კახეთის	მხარის	4
კახეთის	აჯანყების	4
კაცს	იტევს	4
კაცი	სახელად	4
კატალანური	ენა	4
კარის	ეკლესია	4
კარიერა	დაასრულა	4
კარიერა	და	4
კარიბის	ზღვას	4
კართაგენული	ფლოტი	4
კარზე	და	4
კარგი	საკვებია	4
კარგი	იყო	4
კარგად	ცურავს	4
კარგად	ცნობილ	4
კარგად	ნაცნობი	4
კარგად	მიდიოდა	4
კარგად	და	4
კარგად	გამოხატული	4
კანონის	უზენაესობა	4
კანონის	მიერ	4
კანონით	დადგენილი	4
კანონიერი	ქურდი	4
კანონების	მიღება	4
კანისა	და	4
კანის	ფესტივალზე	4
კანის	კინოფესტივალის	4
კანდიდატის	სამეცნიერო	4
კანდიდატი	იყო	4
კანაიმის	ეროვნული	4
კანადის	ქალაქები	4
კამპანიის	რეგიონში	4
კამპანიის	დროს	4
კამილ	პისარო	4
კამბრიულისწინა	და	4
კალიფორნიის	უნივერსიტეტში	4
კალამს	ეკუთვნის	4
კალაბრიის	რეგიონში	4
კათედრა	არსებობდა	4
კავშირში	არ	4
კავშირის	წევრია	4
კავშირის	წევრები	4
კავშირის	წევრად	4
კავშირის	ტერიტორიაზე	4
კავშირის	სახალხო	4
კავშირის	ომი	4
კავშირის	მთავარი	4
კავშირის	მარშალი	4
კავშირის	თავმჯდომარე	4
კავშირის	გუნდი	4
კავშირი	ჰქონდა	4
კავშირები	და	4
კავშირები	აქვს	4
კავკასიური	სახლის	4
კავკასიის	მუზეუმი	4
კავკასიაში	შავი	4
კაბალის	მარჯვენა	4
იხილეთ	სტატიებში	4
იხილეთ	სტატია	4
იხილეთ	ვრცლად	4
იწყებს	და	4
იწყება	კვირის	4
იძულებულნი	შეიქმნენ	4
იძულებულნი	იყვნენ	4
იძლევა	იმის	4
იცის	რომ	4
იცით	რა	4
იშვიათია	და	4
იშვიათ	შემთხვევაში	4
იყრის	თავს	4
იყოფა	ხუთ	4
იყოფა	ოთხ	4
იყოს	ჩვენი	4
იყოს	სხვადასხვა	4
იყოს	ის	4
იყოს	დაცული	4
იყო	ჯორჯ	4
იყო	წარმოშობით	4
იყო	წარდგენილი	4
იყო	ჩინეთი	4
იყო	ჩემს	4
იყო	ჩემი	4
იყო	შრომის	4
იყო	შერწყმული	4
იყო	შემორჩენილი	4
იყო	შემთხვევა	4
იყო	ქცეული	4
იყო	უძველესი	4
იყო	უფროსი	4
იყო	უფრო	4
იყო	სრულიად	4
იყო	სომხეთის	4
იყო	სამოქალაქო	4
იყო	სამი	4
იყო	როდესაც	4
იყო	პოლიტიკურ	4
იყო	პასუხი	4
იყო	ოკუპირებული	4
იყო	ნაცისტური	4
იყო	ნაკრების	4
იყო	მცდელობა	4
იყო	მსოფლიოს	4
იყო	მოქცეული	4
იყო	მოსალოდნელი	4
იყო	მორთული	4
იყო	მნიშვნელოვანი	4
იყო	მიჯაჭვული	4
იყო	მიჩნეული	4
იყო	მიზეზი	4
იყო	მზად	4
იყო	მდინარე	4
იყო	მათ	4
იყო	ლათინური	4
იყო	კავკასიის	4
იყო	ინგლისელი	4
იყო	თითქმის	4
იყო	დამახასიათებელი	4
იყო	დაავადებული	4
იყო	გაიუს	4
იყო	აშენებული	4
იყო	აღმოსავლეთ	4
იყო	ალბომის	4
იყვნენ	ცნობილი	4
იყვნენ	სხვადასხვა	4
იყვნენ	მოწვეულნი	4
იყენებს	ამ	4
იყენებენ	კულინარიაში	4
იღებს	გადაწყვეტილებას	4
იღებდნენ	და	4
იქცნენ	და	4
იქნებოდა	თუ	4
იქნება	მისი	4
იქნება	მიმართული	4
იქნება	კიდევ	4
იქნება	ერთი	4
იქნას	გამოყენებული	4
იქნა	შეტანილი	4
იქნა	ორი	4
იქნა	მხოლოდ	4
იქნა	დასრულებული	4
იქნა	დადგენილი	4
იქნა	გერმანიის	4
იქნა	გაგზავნილი	4
იქმნებოდა	და	4
იქვე	იყო	4
იქვე	ახლოს	4
იქ	მდებარე	4
იუსტიციის	სახლის	4
იუსტიციის	სამინისტრო	4
იუსტიციის	მინისტრის	4
იურიდიული	პირი	4
იურიდიული	თვალსაზრისით	4
იურიდიული	დახმარების	4
იუნაიტედში	და	4
იუმორის	გრძნობა	4
იულიუს	კეისრის	4
იულიუს	კეისარმა	4
იულიუს	კეისარის	4
იუგოსლავიის	კომუნისტური	4
იტალიური	ფეხბურთის	4
იტალიური	ვიკიპედია	4
იტალიისა	და	4
იტალიის	ჩემპიონატი	4
იტალიელი	პოლიტიკოსი	4
ისტორიული	შენობა	4
ისტორიული	მუზეუმი	4
ისტორიულ	ძეგლთა	4
ისტორიის	მამა	4
ისტორია	იხილეთ	4
ისრაელის	მიერ	4
ისლამური	რევოლუციის	4
ისიც	კი	4
ისინი	ცხოვრობდნენ	4
ისინი	თავს	4
ისინი	ვერ	4
ისეთი	შთაბეჭდილება	4
ისეთი	ფეხბურთელები	4
ისეთი	კითხვა	4
ისეთ	დიდ	4
ისევ	იმ	4
ისევ	თავის	4
ისევ	დაუბრუნდა	4
ისედაც	არ	4
ისე	შორს	4
ისე	სხვა	4
ისე	დასავლეთ	4
ისე	ადვილია	4
ისაა	ცნობილი	4
ის	ხალხი	4
ის	წინააღმდეგ	4
ის	ძალა	4
ის	ცდილობდა	4
ის	შემთხვევაა	4
ის	შემთხვევა	4
ის	ქვეყნის	4
ის	სხვა	4
ის	სულ	4
ის	სრულიად	4
ის	სიტყვა	4
ის	რუსეთის	4
ის	პირდაპირ	4
ის	ნაცვლად	4
ის	მოგვიანებით	4
ის	მისი	4
ის	მთელი	4
ის	მალევე	4
ის	იყენებს	4
ის	იუნესკომ	4
ის	ისევ	4
ის	იმდენად	4
ის	ითვლება	4
ის	თამაშობს	4
ის	თავისი	4
ის	ვინც	4
ის	ერთი	4
ის	დიდ	4
ის	დაიღუპა	4
ის	დაბრუნდა	4
ის	გახლდათ	4
ის	განსხვავდება	4
ის	ან	4
ირწმუნა	ქრისტე	4
ირმის	ნახტომის	4
ირლანდიის	მორაგბეთა	4
ირანში	და	4
ირანული	და	4
ირანის	შაჰი	4
ირანის	და	4
იოჰანეს	ბრამსი	4
იოსელიანის	ცნობით	4
იოსებ	დამწინდველი	4
იოახიმ	ფონ	4
იოანე	ოქროპირის	4
ინფორმაციისათვის	იხილეთ	4
ინფორმაციის	მოპოვება	4
ინფორმაციის	გაცვლა	4
ინფორმაცია	სცენის	4
ინფორმაცია	იმის	4
ინფექციური	დაავადებები	4
ინტერესის	საგანს	4
ინტელექტუალური	ელიტის	4
ინტელექტის	მქონე	4
ინტეგრირებული	გამოცდის	4
ინსტრუმენტი	იყო	4
ინსტიტუტის	სამკურნალო	4
ინსტიტუტები	და	4
ინკების	იმპერიის	4
ინდოეთში	და	4
ინდეპენდენსიის	მუნიციპალიტეტი	4
ინგლისური	ლიტერატურის	4
ინგლისური	თარგმანი	4
ინგლისური	ვიკიპედია	4
ინგლისურ	ფეხბურთში	4
ინგლისურ	ენებს	4
ინგლისსა	და	4
ინგლისის	ნაკრები	4
ინგლისის	მეფე	4
ინგლისის	და	4
ინგლისის	ბანკი	4
ინგლისთან	და	4
ინგლისელების	მიერ	4
ინახება	საქართველოს	4
იმყოფება	და	4
იმსახურებს	და	4
იმპერიისა	და	4
იმპერიის	ტერიტორიაზე	4
იმპერიის	პერიოდში	4
იმპერიის	ოფიციალურ	4
იმპერიის	ორდენის	4
იმპერიის	დედაქალაქი	4
იმპერატორის	მიერ	4
იმპერატორი	კონსტანტინე	4
იმპერატორი	და	4
იმიტომ	იყო	4
იმის	შიშით	4
იმის	მაგივრად	4
იმის	დასამტკიცებლად	4
იმითაც	არის	4
იმით	იყო	4
იმერეთსა	და	4
იმერეთის	აჯანყება	4
იმდენად	მცირე	4
იმდენად	იყო	4
იმაში	მდგომარეობდა	4
იმასთან	დაკავშირებით	4
იმარჯვა	და	4
იმართებოდა	ე	4
იმართება	სახალხო	4
იმაზეა	დამოკიდებული	4
იმაზე	თუ	4
იმავე	საღამოს	4
იმ	ჯგუფს	4
იმ	ხანად	4
იმ	ხალხთა	4
იმ	წყაროს	4
იმ	ტერიტორიაზე	4
იმ	სოციალური	4
იმ	სამხედრო	4
იმ	სამ	4
იმ	პოლიტიკურ	4
იმ	მძიმე	4
იმ	მოსაზრებით	4
იმ	მომენტში	4
იმ	მომენტიდან	4
იმ	მატჩში	4
იმ	გზით	4
იმ	ადამიანებს	4
ილიას	ძე	4
ილია	ჭავჭავაძეს	4
ილია	და	4
იკვებებიან	ძირითადად	4
იკვებებიან	მცირე	4
იკვებებიან	თევზებით	4
იკვებება	მცენარეული	4
ითხოვდა	და	4
იზრდება	ფოთლოვან	4
იზრდება	ტყის	4
იზრდება	მშრალ	4
ივნისს	და	4
ივნისი	და	4
ივლისს	შედგა	4
ივლისს	ის	4
ივერთა	მონასტერში	4
ივანე	მაჩაბელი	4
იესო	ქრისტესა	4
იერუსალიმის	ტაძარი	4
იდეოლოგიის	მატარებელი	4
იდეა	პირველად	4
იდან	მუშაობს	4
იგუასუს	ეროვნული	4
იგივე	შემადგენლობა	4
იგივე	სახელწოდების	4
იგივე	სახელი	4
იგი	ხელს	4
იგი	წარმოდგენილია	4
იგი	წავიდა	4
იგი	ძალზე	4
იგი	ჩაიწერა	4
იგი	შეცვალა	4
იგი	შემოსაზღვრულია	4
იგი	შედის	4
იგი	ყველა	4
იგი	ქვეყნის	4
იგი	უპირისპირდება	4
იგი	სიდიდით	4
იგი	საერთოდ	4
იგი	რუსეთის	4
იგი	რომის	4
იგი	ორ	4
იგი	მსოფლიო	4
იგი	მოსახლეობის	4
იგი	მოგვითხრობს	4
იგი	მეტად	4
იგი	მეორე	4
იგი	მას	4
იგი	იყოფა	4
იგი	იბრძოდა	4
იგი	თამაშობდა	4
იგი	თავს	4
იგი	თავდაპირველად	4
იგი	ეძღვნება	4
იგი	ერთადერთი	4
იგი	ერთ	4
იგი	დაკავშირებული	4
იგი	დააარსა	4
იგი	გულისხმობს	4
იგი	გვხვდება	4
იგი	გამოირჩევა	4
იგი	აღმოაჩინეს	4
იგი	ატარებდა	4
იგი	არა	4
იგი	ამჟამად	4
იგი	ამბობს	4
იგი	ავტორია	4
იგდეს	ხელთ	4
იბნ	ეზრას	4
იაფად	და	4
იაროსლავ	ბრძენი	4
იარაღის	უკანონო	4
იარაღის	გამოცდა	4
იაპონური	ენის	4
იაპონიის	ყველაზე	4
იაპონიის	ზღვა	4
იაპონიაში	და	4
იანი	წწ	4
იანი	წლებში	4
იაკობ	ნიკოლაძე	4
თხელი	და	4
თქმულების	მიხედვით	4
თქვენი	ჭირიმეთ	4
თქვენი	საიტი	4
თქვენთვის	სასურველი	4
თქვენ	წარმოიდგინეთ	4
თქვენ	ამბობთ	4
თქვენ	ამ	4
თქვა	უარი	4
თუშეთის	ალაზნისა	4
თუშეთის	ალაზნის	4
თურქული	და	4
თურქულ	ენათა	4
თურქეთსა	და	4
თუნდაც	ის	4
თუნდაც	იმიტომ	4
თუმცა	ხანდახან	4
თუმცა	შემდგომ	4
თუმცა	რეალურად	4
თუმცა	რა	4
თუმცა	პირველ	4
თუმცა	იქ	4
თუმცა	იმავე	4
თუმცა	თანამედროვე	4
თუმცა	თავისი	4
თუმცა	ზოგჯერ	4
თუმცა	დღეისათვის	4
თუმცა	გვხვდება	4
თუმცა	ბევრი	4
თუმცა	ასეთი	4
თუმცა	ამავე	4
თუკი	საქართველოს	4
თუკი	იგი	4
თუ	ცუდი	4
თუ	უნებლიედ	4
თუ	საქმე	4
თუ	რის	4
თუ	რით	4
თუ	რამე	4
თუ	რამ	4
თუ	იყო	4
თუ	დავუჯერებთ	4
თუ	გნებავთ	4
თუ	გინდა	4
თუ	არსებობს	4
თრეშ	მეტალის	4
თოჯინების	თეატრი	4
თორმეტი	მოციქულის	4
თოვლის	საფარი	4
თოვლითა	და	4
თლილი	ქვის	4
თლილი	კვადრებით	4
თიხის	ფირფიტებზე	4
თიხებითა	და	4
თითქმის	შავი	4
თითქმის	ყოველი	4
თითქმის	ყველგანაა	4
თითქმის	ოცი	4
თითქმის	მაშინვე	4
თითქმის	არაფერი	4
თითოეული	ეს	4
თვლიდნენ	და	4
თვლიდა	რომ	4
თვლიან	რომ	4
თვითონ	ამბობს	4
თვითმმართველობის	უმაღლესი	4
თვით	ეს	4
თვეების	განმავლობაში	4
თვე	გრძელდება	4
თვალსაჩინო	მაგალითია	4
თვალსაჩინო	ადგილი	4
თვალებს	ვხუჭავ	4
თვალები	ჰქონდა	4
თერგის	მარჯვენა	4
თეორიულ	და	4
თეორია	და	4
თეოდორ	რუზველტი	4
თემის	სოფელ	4
თემი	და	4
თემებს	ეხება	4
თემები	და	4
თელავის	მუნიციპალიტეტის	4
თელავის	მაზრაში	4
თეიმურაზის	და	4
თეიმურაზ	ბატონიშვილი	4
თეთრკანიანი	მოსახლეობის	4
თეთრი	ღვინოების	4
თეთრი	სახლი	4
თეთრი	ზღვის	4
თეთრ	და	4
თევზაობა	და	4
თებეს	წინააღმდეგ	4
თებერვალს	საქართველოს	4
თეატრის	მსახიობია	4
თეატრის	ისტორიაში	4
თეატრის	დირექტორი	4
თბილისის	წყალსაცავი	4
თბილისის	ქალთა	4
თბილისის	უმაღლესი	4
თბილისის	სააპელაციო	4
თბილისის	რუსთაველის	4
თბილისის	რაიონი	4
თბილისის	პოლიტექნიკური	4
თბილისის	პირველი	4
თბილისის	კეთილშობილთა	4
თბილისის	თეატრალური	4
თბილისის	ზღვის	4
თბილისის	დროშა	4
თბილისი	აიღო	4
თაღოვანი	სარკმელი	4
თაღი	და	4
თაფლობის	თვის	4
თასი	ვაჟთა	4
თარიღის	მიხედვით	4
თარიღდება	ძვ	4
თარგმნილი	აქვს	4
თანახმად	კი	4
თანაური	ქვეჯგუფის	4
თანამედროვე	ქართველი	4
თანამედროვე	ქალაქი	4
თანამედროვე	სახელწოდება	4
თანამედროვე	სამყაროში	4
თანამდებობა	დატოვა	4
თანაბარი	იყო	4
თან	ისე	4
თან	ერთვოდა	4
თამაშის	წინ	4
თამაშის	წესები	4
თავსა	და	4
თავს	უფლებას	4
თავს	იკავებს	4
თავს	ზემოთ	4
თავს	ვეღარ	4
თავს	გაქცევით	4
თავმჯდომარე	გახდა	4
თავისუფლების	ინსტიტუტი	4
თავისუფლად	შეიძლება	4
თავისუფალი	ქალაქის	4
თავისუფალი	დრო	4
თავისუფალი	ბაზრის	4
თავისი	ძლიერი	4
თავისი	ქალიშვილი	4
თავისი	უნიკალური	4
თავისი	სახლის	4
თავისი	საქმე	4
თავისი	ნამდვილი	4
თავისი	მშობლების	4
თავისი	მოღვაწეობის	4
თავისი	მე	4
თავისი	კუთვნილი	4
თავისი	ისტორიული	4
თავისი	ეპოქის	4
თავისი	დადებითი	4
თავისი	ბიძის	4
თავისი	არმია	4
თავისთან	წაიყვანა	4
თავისთავად	ცხადია	4
თავის	ხალხს	4
თავის	ძმას	4
თავის	ძველ	4
თავის	შესახებ	4
თავის	ქალის	4
თავის	ქალები	4
თავის	ქალა	4
თავის	ტკივილი	4
თავის	საქმეს	4
თავის	სამშობლოში	4
თავის	რიგებში	4
თავის	პირველი	4
თავის	მშობლიურ	4
თავის	მეუღლეს	4
თავის	მეგობარ	4
თავის	ისტორიაში	4
თავის	თავის	4
თავის	დასაღწევად	4
თავის	და	4
თავის	ახალგაზრდა	4
თავიდანვე	დაწინაურდა	4
თავიდან	აცილება	4
თავი	ვერ	4
თავი	დავანებოთ	4
თავდასხმის	ობიექტი	4
თავდაპირველად	ისინი	4
თავდაპირველად	დაგეგმილი	4
თავად	სიტყვა	4
თავად	არ	4
ზღვისიქითა	ტერიტორია	4
ზღვის	ცხოველთა	4
ზღვის	ფსკერზე	4
ზღვის	ფლოტის	4
ზღვის	საქართველოს	4
ზღვის	სანაპიროდან	4
ზღვის	დონის	4
ზღვას	შორის	4
ზღვას	ერთვის	4
ზღვაზე	გასასვლელი	4
ზუსტად	უნდა	4
ზუსტად	ის	4
ზუსტად	ვიცი	4
ზუსტად	ემთხვევა	4
ზურგის	ტვინის	4
ზუგდიდის	ცენტრში	4
ზუგდიდის	რაიონში	4
ზუგდიდის	თეატრში	4
ზრდის	გამო	4
ზრდას	იწვევს	4
ზრდას	და	4
ზომის	არიან	4
ზომებისა	და	4
ზომა	განისაზღვრება	4
ზომა	აქვს	4
ზოგჯერ	ძალიან	4
ზოგიერთს	კი	4
ზოგიერთი	ქვეყანა	4
ზოგიერთი	ისტორიკოსის	4
ზოგიერთი	ისტორიკოსი	4
ზოგიერთი	დაავადების	4
ზოგიერთი	ავტორი	4
ზოგი	ვერსიით	4
ზოგადსაგანმანათლებლო	სკოლაა	4
ზოგადსაგანმანათლებლო	სკოლა	4
ზოგადი	პრაქტიკის	4
ზოგადი	და	4
ზოგადი	განათლების	4
ზოგადად	კი	4
ზვიად	სიჭინავას	4
ზეწოლის	შედეგად	4
ზეწოლის	ქვეშ	4
ზესტაფონის	მუნიციპალიტეტის	4
ზემოქმედების	შედეგად	4
ზემოქმედების	ქვეშ	4
ზემოთ	ხსენებული	4
ზემოთ	ჩამოთვლილი	4
ზემოთ	აღნიშნული	4
ზემოთ	ავღნიშნეთ	4
ზემო	იმერეთის	4
ზემო	აფხაზეთი	4
ზემო	ალვანის	4
ზეთს	შეიცავს	4
ზედმეტად	ბევრი	4
ზედაპირული	წყლების	4
ზედაპირი	აქვს	4
ზედამხედველობის	სამსახურის	4
ზედაზნის	მონასტერი	4
ზედა	ყბაზე	4
ზედა	ფოთლები	4
ზედა	ფენა	4
ზედა	პალატა	4
ზედა	კუთხეში	4
ზედ	დაერთო	4
ზეგავლენას	ახდენს	4
ზაფხულის	დასაწყისში	4
ზაფხულის	ბოლოს	4
ზარზმის	მონასტერი	4
ზარალი	მიაყენა	4
ზავის	თანახმად	4
ზავი	დაედო	4
ვულკანური	სარტყელი	4
ვულკანური	მთიანეთი	4
ვრცლად	ფასი	4
ვრცელდება	ზღვის	4
ვრცელდება	და	4
ვოკალისტი	და	4
ვოკალი	და	4
ვლადიმერის	ძე	4
ვიყავით	და	4
ვიქტორ	დოლიძე	4
ვისაც	ეს	4
ვირტუალური	დარბაზი	4
ვინც	მას	4
ვინც	თავის	4
ვინც	ვერ	4
ვინც	არ	4
ვინც	ამას	4
ვინმე	არ	4
ვინაიდან	მის	4
ვინაიდან	მასში	4
ვინაიდან	იმ	4
ვინ	რას	4
ვინ	იქნება	4
ვინ	და	4
ვილჰელმ	ფრიდრიხ	4
ვიკიპედიის	განყოფილება	4
ვიზუალურ	მხარეს	4
ვიდრე	მისი	4
ვიდრე	მის	4
ვიდრე	ამ	4
ვესტ	ჰემში	4
ვერცხლის	ქუჩაზე	4
ვერც	ის	4
ვერსია	რომ	4
ვერდის	აიდა	4
ვერაფერი	ვერ	4
ვერავინ	ვერ	4
ვერ	შეძლებს	4
ვერ	შეძლებდა	4
ვერ	უძლებს	4
ვერ	უნდა	4
ვერ	ნახავთ	4
ვერ	მოხვდნენ	4
ვერ	მიაღწევდა	4
ვერ	იქნა	4
ვერ	გახდება	4
ვერ	გაბედა	4
ვენის	უნივერსიტეტის	4
ვენეციის	კინოფესტივალზე	4
ვენესუელის	ფედერალური	4
ვენესუელის	პირველი	4
ვენესუელის	დედაქალაქ	4
ვენესუელის	დამოუკიდებლობისათვის	4
ველის	კვანტური	4
ველზე	შავად	4
ველზე	გაიმართა	4
ველაიათის	ადმინისტრაციული	4
ვახო	ელერდაშვილი	4
ვაჭრობა	და	4
ვაჭრები	და	4
ვაშლოვანის	სახელმწიფო	4
ვაშლი	და	4
ვასილის	ძე	4
ვასალური	სახელმწიფო	4
ვარშავის	უნივერსიტეტი	4
ვარსკვლავთკარიბჭის	სამყაროში	4
ვარდისფერი	ან	4
ვარდისფერ	ფერებში	4
ვარგისიანობის	ვადის	4
ვაჟთა	საჭადრაკო	4
ვაჟებს	შორის	4
ვანის	რაიონის	4
ვაი	თუ	4
ვადაზე	ადრე	4
ეხება	მხოლოდ	4
ეწოდება	აგრეთვე	4
ეწოდა	ქალაქ	4
ეწეოდა	ფართო	4
ეწეოდა	აქტიურ	4
ექტორ	რაულ	4
ექიმის	მიერ	4
ექვთიმე	თაყაიშვილმა	4
ეფექტური	საშუალება	4
ეტაპი	დაიწყო	4
ესპანური	ფალანგა	4
ესპანურ	ენაზე	4
ესპანეთის	ტერიტორიაზე	4
ესპანეთის	იმპერია	4
ესაზღვრება	სოფელი	4
ესაზღვრება	ორი	4
ესაზღვრება	ეკვადორი	4
ეს	ჯერ	4
ეს	ხშირად	4
ეს	ხდებოდა	4
ეს	წინადადება	4
ეს	ძეგლი	4
ეს	ცნობა	4
ეს	ციფრი	4
ეს	ციტატა	4
ეს	ცვლილებები	4
ეს	ცეკვა	4
ეს	ჩემთვის	4
ეს	შემთხვევა	4
ეს	ფუნქცია	4
ეს	ფაქტები	4
ეს	უდიდესი	4
ეს	უბრალოდ	4
ეს	ტექნოლოგია	4
ეს	ტბა	4
ეს	სცენა	4
ეს	სურათი	4
ეს	სკოლა	4
ეს	სახელმწიფო	4
ეს	საქართველოს	4
ეს	სამეფო	4
ეს	საკმაოდ	4
ეს	როგორ	4
ეს	რაღაც	4
ეს	პროგრამა	4
ეს	პრინციპი	4
ეს	პოემა	4
ეს	ორგანიზაცია	4
ეს	ოთხი	4
ეს	ობიექტი	4
ეს	მტკიცება	4
ეს	მოწყობილობა	4
ეს	მიდგომა	4
ეს	მეორე	4
ეს	მასალები	4
ეს	მას	4
ეს	მათი	4
ეს	კლუბი	4
ეს	კითხვა	4
ეს	იქნებოდა	4
ეს	ისეთი	4
ეს	იმდენად	4
ეს	თუ	4
ეს	თემა	4
ეს	ერთადერთი	4
ეს	ეკლესია	4
ეს	დისკი	4
ეს	დასახლებული	4
ეს	დაპირისპირება	4
ეს	გოგონა	4
ეს	გარემოება	4
ეს	გამოწვეულია	4
ეს	გამოცემა	4
ეს	ბრძოლები	4
ეს	ბოლო	4
ეს	არჩევანი	4
ეს	არეალი	4
ეს	არაა	4
ეს	ამოცანა	4
ეს	ამბები	4
ეს	ამ	4
ეს	აგრეთვე	4
ეროვნული	ჰიმნი	4
ეროვნული	ხელისუფლების	4
ეროვნული	შემადგენლობა	4
ეროვნული	უმცირესობების	4
ეროვნული	პარკია	4
ეროვნული	მნიშვნელობის	4
ეროვნული	კომიტეტი	4
ეროვნული	ვალუტა	4
ეროვნულ	ნაკრებს	4
ეროვნულ	ნაკრებებს	4
ერის	სულიერი	4
ერი	და	4
ერთხელ	დიდი	4
ერთპალატიანი	პარლამენტი	4
ერთნაირი	წარმატებით	4
ერთმანეთს	შეხვდნენ	4
ერთმანეთს	ორი	4
ერთმანეთს	არ	4
ერთმა	ნაწილმა	4
ერთის	მიხედვით	4
ერთიანი	სახალხო	4
ერთიანი	ოპოზიცია	4
ერთია	და	4
ერთი	ხელადა	4
ერთი	წუთის	4
ერთი	ცნობილი	4
ერთი	შვილი	4
ერთი	შანსი	4
ერთი	ღამე	4
ერთი	ქვეყნიდან	4
ერთი	სხვა	4
ერთი	სეზონი	4
ერთი	რუსული	4
ერთი	პიროვნების	4
ერთი	პირველი	4
ერთი	მუჭა	4
ერთი	მსახიობის	4
ერთი	კაცის	4
ერთი	კაი	4
ერთი	ვაჟი	4
ერთი	გარემოება	4
ერთი	ბიჭი	4
ერთი	ახალი	4
ერთვის	წყნარი	4
ერთეული	აღმოსავლეთ	4
ერთეულთა	შორის	4
ერთეულთა	თანრიგში	4
ერთერთი	ძირითადი	4
ერთგულების	ფიცი	4
ერთადერთი	გოლი	4
ერთადერთი	ალბომი	4
ერთად	ქმნიან	4
ერთად	ქვეყნის	4
ერთად	მონაწილეობა	4
ერთად	მისი	4
ერთად	იყვნენ	4
ერთად	იზრდებოდა	4
ერთად	დატოვეს	4
ერთად	დაიწყეს	4
ერთად	გამოსცა	4
ერთა	ლიგა	4
ერთა	თასი	4
ერთა	თანამეგობრობა	4
ერთ	ჯგუფს	4
ერთ	ხაზზე	4
ერთ	წუთში	4
ერთ	წრედ	4
ერთ	ღამეში	4
ერთ	ქვეყანაში	4
ერთ	სხვა	4
ერთ	საათში	4
ერთ	საათს	4
ერთ	რომელიმე	4
ერთ	რამეს	4
ერთ	ნაწილს	4
ერთ	მნიშვნელოვან	4
ერთ	მილიონ	4
ერთ	მთავარ	4
ერთ	კაცს	4
ერთ	ერთ	4
ერთ	დიდ	4
ერებს	შორის	4
ერაყსა	და	4
ეპარქიის	ტერიტორიაზე	4
ეპარქიის	მმართველ	4
ეპარქიის	დაქვემდებარებაშია	4
ეპარქიას	აღმოსავლეთიდან	4
ენციკლოპედიის	მთავარი	4
ენის	ცოდნის	4
ენის	შესწავლა	4
ენის	სიმაღლე	4
ენის	და	4
ენის	გრამატიკა	4
ენით	და	4
ენერგოეფექტურობისა	და	4
ენერგოეფექტურობის	ცენტრის	4
ენერგეტიკული	ფარებით	4
ენებისა	და	4
ენებთან	ერთად	4
ენდოგენური	მოსახლეობის	4
ენაში	და	4
ენას	და	4
ენაზეა	დაწერილი	4
ენაზე	საუბრობს	4
ენაზე	მოსაუბრეთა	4
ენაზე	ითარგმნა	4
ენაზე	დაწერილი	4
ენა	ჩამოყალიბდა	4
ენა	მიეკუთვნება	4
ენა	კი	4
ენა	განეკუთვნება	4
ელინისტური	ხანის	4
ელიზბარ	ქსნის	4
ელვის	პრესლის	4
ელექტრული	მუხტის	4
ელექტრული	მუხტი	4
ელექტრული	აქტივობის	4
ელექტრონული	ფოსტის	4
ელექტრონული	პირადობის	4
ელექტრომაგნიტური	ტალღა	4
ეკუთვნის	რამდენიმე	4
ეკუთვნის	და	4
ეკუთვნის	ასევე	4
ეკონომიკური	პოტენციალი	4
ეკონომიკური	თვალსაზრისით	4
ეკონომიკური	თანამშრომლობის	4
ეკონომიკურ	ცხოვრებაში	4
ეკონომიკურ	მეცნიერებათა	4
ეკონომიკურ	კრიზისს	4
ეკონომიკის	პროფესორი	4
ეკონომიკის	მთავარი	4
ეკონომიკის	განვითარებას	4
ეკოლოგიური	კატასტროფა	4
ეკლესიის	ფასადები	4
ეკლესიის	კედლები	4
ეკლესიის	დასავლეთ	4
ეკლესიამ	იგი	4
ეკლესია	აშენდა	4
ეკლესია	აგებულია	4
ეკატერინე	ჭავჭავაძე	4
ეიფელის	კოშკი	4
ეთნოლოგიის	ინსტიტუტის	4
ეთნოგრაფიის	ინსტიტუტის	4
ეთნიკური	უმცირესობების	4
ეთნიკური	და	4
ეთერში	და	4
ეთერში	გავიდა	4
ევროპული	ქვეყნების	4
ევროპის	ქვეყნები	4
ევროპის	ტერიტორიაზე	4
ევროპის	სუპერთასი	4
ევროპის	საპარლამენტო	4
ევროპის	დიდი	4
ევროპარლამენტის	ადამიანის	4
ევროპა	და	4
ედუარდ	მანე	4
ეგრისის	ქედი	4
ეგრეთ	წოდებულ	4
ეგონათ	და	4
ეგზემპლარი	გაიყიდა	4
ებრაულ	ოჯახში	4
ე	საჯარო	4
ე	პოზიციაზე	4
ე	დაჯილდოებაზე	4
ე	დაბადების	4
დღის	შოკი	4
დღის	ბოლომდე	4
დღის	აღსანიშნავად	4
დღეში	ორჯერ	4
დღეში	და	4
დღესაც	კი	4
დღესაც	დგას	4
დღესაც	არ	4
დღესაც	ამ	4
დღეს	ხომ	4
დღეს	წმინდა	4
დღეს	ძალიან	4
დღეს	ჩვენს	4
დღეს	ჩვენ	4
დღეს	მე	4
დღეს	მან	4
დღეს	დღეობით	4
დღეს	გამართულ	4
დღეს	აღნიშნავენ	4
დღემდეა	შემონახული	4
დღემდე	ეს	4
დღეისათვის	იგი	4
დღეისათვის	გაყიდულია	4
დღევანდელი	აზერბაიჯანის	4
დღევანდელ	დღეს	4
დღეების	რაოდენობა	4
დღე	არ	4
დუშეთის	რაიონის	4
დუტუ	მეგრელი	4
დროშის	ცენტრში	4
დროს	ხდება	4
დროს	ძირითადად	4
დროს	შექმნილი	4
დროს	შეინიშნება	4
დროს	უფრო	4
დროს	უთმობდა	4
დროს	საქართველოში	4
დროს	საქართველოს	4
დროს	როცა	4
დროს	როდესაც	4
დროს	ორი	4
დროს	მეფის	4
დროს	მე	4
დროს	მათი	4
დროს	იყენებდნენ	4
დროს	ისინი	4
დროს	დაწერა	4
დროს	გარდაიცვალა	4
დროს	ბევრი	4
დროს	აქ	4
დროისთვის	ყველაზე	4
დროის	მცირე	4
დროის	გარკვეულ	4
დროიდანაა	დასახლებული	4
დრო	ფრედ	4
დრო	არის	4
დრამისა	და	4
დონის	როსტოვი	4
დონ	კიხოტი	4
დოლარის	ოდენობით	4
დოლარი	დაჯდა	4
დოლარი	და	4
დოკუმენტური	ფილმის	4
დოკუმენტური	ფილმები	4
დმანისის	მუნიციპალიტეტში	4
დიფ	ფარფლის	4
დირექტორის	მოადგილედ	4
დიოკლეტიანეს	მიერ	4
დინასტიის	მმართველობის	4
დინასტიის	დამაარსებელი	4
დინამიკური	ზმნები	4
დიმიტრი	ივანეს	4
დილით	კი	4
დივიზია	და	4
დიეგო	მარადონა	4
დიდოუ	დო	4
დიდმა	მთავარმა	4
დიდი	წმენდის	4
დიდი	წინააღმდეგობა	4
დიდი	წარმატების	4
დიდი	შინაგანი	4
დიდი	ყურები	4
დიდი	ქალაქის	4
დიდი	ფართობი	4
დიდი	უმრავლესობა	4
დიდი	ტბები	4
დიდი	სურვილი	4
დიდი	სკანდალი	4
დიდი	პოლონეთის	4
დიდი	ოდენობით	4
დიდი	მუშაობა	4
დიდი	მომავალი	4
დიდი	მნიშვნელობის	4
დიდი	ლაშქრობა	4
დიდი	კოლექცია	4
დიდი	ინტერესით	4
დიდი	თვალები	4
დიდი	ზეიმით	4
დიდი	ზეგავლენა	4
დიდი	ზარალი	4
დიდი	დარბაზი	4
დიდი	დათვის	4
დიდი	გამოცდილება	4
დიდი	ბრიტანეთში	4
დიდი	აღიარება	4
დიდებული	და	4
დიდების	ხეივანში	4
დიდების	მემორიალის	4
დიდ	წინააღმდეგობას	4
დიდ	წარმატებებს	4
დიდ	წარმატებას	4
დიდ	სამამულო	4
დიდ	რაოდენობას	4
დიდ	ნაწილზე	4
დიდ	იმედებს	4
დიდ	თეატრში	4
დიდ	ეკრანზე	4
დეტალები	და	4
დეპუტატთა	პალატის	4
დეპუტატების	რაოდენობის	4
დეპარტამენტი	ნიკარაგუაში	4
დემოკრატიული	ფრონტის	4
დემოკრატიული	აღორძინების	4
დელ	რეი	4
დეკორატიული	მცენარეა	4
დევნის	გამო	4
დევისის	თასის	4
დედაქალაქებს	შორის	4
დედასთან	და	4
დედას	და	4
დედამიწის	ირგვლივ	4
დედამიწის	ზედაპირიდან	4
დედამიწის	ატმოსფეროში	4
დედა	ღვთისა	4
დებულების	თანახმად	4
დე	დე	4
დგას	წმინდა	4
დგას	ქართული	4
დაჰყო	და	4
დაჯილდოვებული	იყო	4
დახმარებისათვის	მიმართავს	4
დახმარებით	შესაძლებელია	4
დახმარებას	უწევდნენ	4
დახმარება	სთხოვა	4
დახვეწილი	და	4
დაწესებულებები	და	4
დაწესებულება	იყო	4
დაძაბული	ურთიერთობა	4
დაძაბული	და	4
დაცული	აქვს	4
დაცულ	ტერიტორიას	4
დაცილებულია	ქალაქ	4
დაცილებული	პროვინციის	4
დაცვის	შესახებ	4
დაცვის	უფლება	4
დაცვის	სამსახურის	4
დაცვის	და	4
დაცვას	ემსახურებოდა	4
დაჩი	კვიკვინია	4
დაშორების	შემდეგ	4
დაშორდნენ	ერთმანეთს	4
დაშნაკცუთიუნის	პარტია	4
დაშლის	პროცესი	4
დაფარული	და	4
დაუდო	სათავე	4
დატვირთვის	მიხედვით	4
დატანებული	აქვს	4
დასუსტებული	იყო	4
დასრულებული	იყო	4
დასრულების	შესახებ	4
დასკვნით	ეტაპზე	4
დასკვნამდე	მივიდა	4
დასახლება	და	4
დასაცავად	და	4
დასაყრდენი	იყო	4
დასამზადებლად	გამოიყენება	4
დასავლეთის	ფრონტი	4
დასავლეთის	ფრონტზე	4
დასავლეთის	მხრიდან	4
დასავლეთიდან	მას	4
დასავლეთი	გერმანია	4
დასავლეთ	უკრაინის	4
დასავლეთ	სანაპიროს	4
დასავლეთ	ნახევარსფეროში	4
დასავლეთ	ნახევარსფეროს	4
დასავლეთ	ნაწილს	4
დასავლეთ	აზიაში	4
დასავლეთ	ავსტრალია	4
დასაბამი	მიეცა	4
დართ	ვეიდერი	4
დარეჯან	ცბიერი	4
დარბევის	შემდეგ	4
დარბაზული	ტიპისაა	4
დარბაზის	გრძივ	4
დარბაზი	საკონტაქტო	4
დაპირისპირებაში	გადაიზარდა	4
დაპირისპირება	მოხდა	4
დანიშნული	იყო	4
დანიშნულება	ჰქონდა	4
დანგრევის	შემდეგ	4
დანარჩენს	კი	4
დანარჩენი	ნაწილები	4
დანარჩენ	დროს	4
დამუშავებული	და	4
დამუშავებისა	და	4
დამუშავების	შემდეგ	4
დამსახურებული	მოღვაწის	4
დამსახურების	გამო	4
დამპყრობლების	წინააღმდეგ	4
დამოუკიდებლობისათვის	ომში	4
დამოუკიდებლობისათვის	ბრძოლაში	4
დამოუკიდებლობისა	და	4
დამოუკიდებლობის	აქტი	4
დამოუკიდებლობა	მიიღო	4
დამოუკიდებელი	სასამართლო	4
დამოუკიდებელი	და	4
დამოუკიდებელ	ცხოვრებას	4
დამოკიდებულია	იმაზე	4
დამოკიდებულება	და	4
დამდგმელი	რეჟისორი	4
დამახასიათებელია	ალპური	4
დამახასიათებელი	ნიშანი	4
დამახასიათებელი	თვისება	4
დამახასიათებელი	და	4
დამატებითი	ინფორმაცია	4
დამარცხება	და	4
დალია	სული	4
დალაი	ლამას	4
დაკრძალულია	წმინდა	4
დაკრძალულია	თბილისის	4
დაკრძალულია	დიდუბის	4
დაკისრებულ	ამოცანებს	4
დაკარგული	სამოთხე	4
დაკარგული	დროის	4
დაკავშირებულია	ამ	4
დაკავშირებით	საქართველოს	4
დაკავებული	იყო	4
დაკავებული	აქვს	4
დაკავების	უფლება	4
დაიჭირეს	და	4
დაიჭირა	და	4
დაიწყო	ჯერ	4
დაიწყო	ძვ	4
დაიწყო	შეტევა	4
დაიწყო	ქართული	4
დაიწყო	საქართველოს	4
დაიწყო	დაახლოებით	4
დაიწყო	აჯანყება	4
დაიწყო	ასევე	4
დაიძრა	და	4
დაიღუპა	ან	4
დაიპყრეს	და	4
დაინტერესებული	იყვნენ	4
დაიდო	ბინა	4
დაიბადა	ძვ	4
დაიბადა	ქართველი	4
დაიბადა	სანტიაგოში	4
დაიბადა	მისი	4
დაზღვევის	ფედერალური	4
დაზღვევის	კომპანიები	4
დაზიანების	შემთხვევაში	4
დავით	აბაშიძის	4
დავალებული	ჰქონდა	4
დაეხმარა	გუნდს	4
დაერქვა	და	4
დადებითი	შედეგი	4
დადებითად	შეაფასეს	4
დადგმული	აქვს	4
დადგმის	შემდეგ	4
დადგენილი	არ	4
დადგენა	და	4
დაბრუნების	უფლება	4
დაბლობიდან	მოკიდებული	4
დაბალი	სიმაღლის	4
დაბალი	რანგის	4
დაბალი	იყო	4
დაახლოებით	ჩვ	4
დაახლოებით	შეადგენს	4
დაახლოებით	სამი	4
დაახლოებით	იმავე	4
დაასრულა	და	4
დაასახელეთ	ორი	4
დაასახელეთ	ისინი	4
დაარსებიდან	დღემდე	4
დაარბია	და	4
დააპროექტა	და	4
დააპატიმრა	და	4
დაამტკიცა	რომ	4
დაამთავრა	საშუალო	4
დაამთავრა	კიევის	4
დაამატე	შენი	4
დაამარცხა	ისინი	4
დაავადებული	და	4
დაავადების	სამკურნალოდ	4
დაავადება	და	4
დაადგინა	რომ	4
და	ჰყავდა	4
და	ჰუმანიტარული	4
და	ჰორიზონტალური	4
და	ჰოლანდია	4
და	ჰენრი	4
და	ჯვრის	4
და	ჯვარი	4
და	ჯარისკაცთა	4
და	ჯარის	4
და	ხსნის	4
და	ხოსე	4
და	ხორციელ	4
და	ხორვატია	4
და	ხომ	4
და	ხელმძღვანელობდა	4
და	ხელით	4
და	ხატის	4
და	ხარისხის	4
და	ხარისხი	4
და	ხალხი	4
და	ხაზი	4
და	ჭკვიანი	4
და	ჭეშმარიტების	4
და	წყალქვეშა	4
და	წყალს	4
და	წლის	4
და	წიწვოვანი	4
და	წიწვოვან	4
და	წინააღმდეგობის	4
და	წიგნები	4
და	წესების	4
და	წერს	4
და	წარმოდგენილია	4
და	წამების	4
და	წაბლის	4
და	ძნელად	4
და	ძმასთან	4
და	ძალაუფლება	4
და	ძალა	4
და	ცხოვრობს	4
და	ცხვარი	4
და	ცხენისწყალი	4
და	ცუდ	4
და	ცოდნის	4
და	ცნობილია	4
და	ცნობილ	4
და	ციხის	4
და	ციცაბო	4
და	ციური	4
და	ცეცხლსასროლი	4
და	ცეცხლს	4
და	ცეცხლოვანი	4
და	ცენტრში	4
და	ჩოხატაურის	4
და	ჩვეულებრივ	4
და	ჩემპიონის	4
და	ჩემმა	4
და	შორეული	4
და	შინაური	4
და	შვილს	4
და	შეფასების	4
და	შესრულების	4
და	შესაძლებლობები	4
და	შემოქმედებითი	4
და	შეიარაღებული	4
და	შეერთებული	4
და	ყურძენი	4
და	ყოველნაირად	4
და	ყოველთა	4
და	ყირიმის	4
და	ყველგან	4
და	ყველაფერში	4
და	ყავისფერი	4
და	ღირსეული	4
და	ქუჩის	4
და	ქრონიკული	4
და	ქრისტიანული	4
და	ქრება	4
და	ქონების	4
და	ქმნიან	4
და	ქმარს	4
და	ქერქი	4
და	ქაღალდის	4
და	ქართველური	4
და	ქალი	4
და	ქალებს	4
და	ქალების	4
და	ქალაქში	4
და	ფული	4
და	ფულად	4
და	ფოთლოვანი	4
და	ფინანსები	4
და	ფილტვის	4
და	ფილოსოფიური	4
და	ფილოსოფიას	4
და	ფილიპინები	4
და	ფეხების	4
და	ფერწერული	4
და	ფერი	4
და	ფეოდალური	4
და	ფაქტიურად	4
და	უხვად	4
და	უცხოური	4
და	უცხოელი	4
და	უცნობი	4
და	უშუალოდ	4
და	უფლება	4
და	უფასო	4
და	უსახელო	4
და	უსაფრთხო	4
და	უნგრელები	4
და	უნგრეთი	4
და	უმნიშვნელოვანესი	4
და	უმეტეს	4
და	უკრავდა	4
და	უკეთ	4
და	უკანონო	4
და	უთქვამს	4
და	უახლოეს	4
და	უახლესი	4
და	ტყვიის	4
და	ტყვია	4
და	ტურისტული	4
და	ტუნისი	4
და	ტონი	4
და	ტიმ	4
და	ტექსტის	4
და	ტენის	4
და	ტელეწამყვანი	4
და	ტელეკომპანია	4
და	ტელევიზიის	4
და	ტაძარი	4
და	სხვას	4
და	სწავლობდნენ	4
და	სწავლის	4
და	სცენარის	4
და	სცადეს	4
და	სუფრის	4
და	სურდა	4
და	სული	4
და	სრული	4
და	სპეციალურ	4
და	სპარსეთის	4
და	სოჭის	4
და	სოციალურად	4
და	სოფელ	4
და	სომხეთს	4
და	სლოვენების	4
და	სკუდეტოს	4
და	სიხარულით	4
და	სიუჟეტი	4
და	სიტყვების	4
და	სინტაქსი	4
და	სიმონ	4
და	სილამაზე	4
და	სიკვდილს	4
და	სიგანე	4
და	სთხოვა	4
და	სერბეთის	4
და	სემი	4
და	სახლიდან	4
და	სახლი	4
და	სახალისო	4
და	საშუალებას	4
და	საშინელ	4
და	საშემსრულებლო	4
და	საყვარელი	4
და	საღებავ	4
და	საქველმოქმედო	4
და	საფონდო	4
და	სატყეო	4
და	სასწრაფოდ	4
და	სარწმუნოება	4
და	საპყრობილეში	4
და	საპატრულო	4
და	სანაცვლოდ	4
და	სამჯერ	4
და	სამყაროს	4
და	სამუშაოს	4
და	სამტრედიის	4
და	სამსახურის	4
და	სამონასტრო	4
და	საკვების	4
და	საინჟინრო	4
და	საეთნოგრაფიო	4
და	საგუნდო	4
და	საბავშვო	4
და	რუს	4
და	რომელშიც	4
და	რიცხვის	4
და	რიყის	4
და	რეფორმის	4
და	რენე	4
და	რელიეფის	4
და	რეგიონის	4
და	რაჭის	4
და	რამდენჯერმე	4
და	რაკი	4
და	ჟანგბადის	4
და	პრუსიის	4
და	პროფესორი	4
და	პროტესტის	4
და	პროტესტანტიზმი	4
და	პროექტის	4
და	პრიმიტიული	4
და	პრაქტიკულად	4
და	პრაქტიკის	4
და	პოპ	4
და	პოლიტიკურმა	4
და	პოლიტიკა	4
და	პოლარული	4
და	პოეტური	4
და	პლატინის	4
და	პლანეტა	4
და	პიროვნული	4
და	პირიქითი	4
და	პეტრე	4
და	პედაგოგიურ	4
და	პატივისცემის	4
და	პარტიული	4
და	პარკებში	4
და	პარიზში	4
და	პარალელურად	4
და	პაპს	4
და	პაპის	4
და	პალიასტომის	4
და	პალეოზოური	4
და	პალეოგენური	4
და	პავლე	4
და	ოფიციალურად	4
და	ორჯერ	4
და	ოზურგეთის	4
და	ნოემბრის	4
და	ნიკო	4
და	ნიდერლანდებში	4
და	ნერვული	4
და	ნახევარ	4
და	ნატეხი	4
და	ნალექების	4
და	ნათელი	4
და	ნაზი	4
და	ნადირობის	4
და	მხატვრულ	4
და	მხარდაჭერით	4
და	მშრალ	4
და	მშვიდობით	4
და	მყისვე	4
და	მყინვარების	4
და	მუსიკოსი	4
და	მუსიკალურ	4
და	მუნიციპალიტეტის	4
და	მტკვარი	4
და	მრეწველობის	4
და	მრევლი	4
და	მოძრავი	4
და	მოქმედი	4
და	მოსახლეობას	4
და	მოსავლის	4
და	მონაწილე	4
და	მონასტერი	4
და	მომიჯნავე	4
და	მომზადების	4
და	მოიცავდა	4
და	მოვლენების	4
და	მოდა	4
და	მოახერხა	4
და	მოაზროვნე	4
და	მნიშვნელობა	4
და	მმართველი	4
და	მკითხველს	4
და	მკაფიოდ	4
და	მიხაილ	4
და	მიწას	4
და	მიუთითებს	4
და	მისცა	4
და	მინის	4
და	მინდა	4
და	მიმდინარე	4
და	მივხვდი	4
და	მიეკუთვნება	4
და	მიადგნენ	4
და	მთლიანი	4
და	მთებში	4
და	მთავრობას	4
და	მთა	4
და	მეცნიერული	4
და	მეცნიერება	4
და	მექსიკის	4
და	მესაქონლეობა	4
და	მერი	4
და	მეორეს	4
და	მედიცინის	4
და	მეგობრები	4
და	მდინარეებში	4
და	მდიდრული	4
და	მდიდარია	4
და	მახვილი	4
და	მაცხოვრის	4
და	მაყურებელთა	4
და	მატჩი	4
და	მატლი	4
და	მასწავლებელი	4
და	მასალის	4
და	მარცხნივ	4
და	მარტო	4
და	მარტივ	4
და	მარია	4
და	მამულის	4
და	მამუკა	4
და	მაკედონია	4
და	მაიკლ	4
და	მაგიდის	4
და	ლუკას	4
და	ლიტვის	4
და	ლიტვას	4
და	ლიტვა	4
და	ლიტერატურულ	4
და	ლითონის	4
და	ლექსები	4
და	ლენინგრადის	4
და	ლეგენდები	4
და	ლამის	4
და	ლათინურ	4
და	ლ	4
და	კრიტიკული	4
და	კრის	4
და	კონფლიქტების	4
და	კონტრაქტი	4
და	კონკურენციის	4
და	კონკრეტული	4
და	კომპანია	4
და	კოლუმბიის	4
და	კლდოვან	4
და	კირქვებით	4
და	კირის	4
და	კვლევას	4
და	კვანტური	4
და	კენკრით	4
და	კარგ	4
და	კანადის	4
და	კანადა	4
და	კამა	4
და	კავკასია	4
და	კ	4
და	იძულებით	4
და	იყენებენ	4
და	იქნებ	4
და	იუპიტერი	4
და	იუნესკოს	4
და	იუვენტუსი	4
და	იუდა	4
და	ირლანდიის	4
და	იოჰან	4
და	ინფორმაციული	4
და	ინტერნეტის	4
და	ინტერიერის	4
და	ინტერვიუ	4
და	ინსტიტუტები	4
და	ინდონეზიის	4
და	ინდოეთის	4
და	ინგუშეთი	4
და	იმპერიის	4
და	იმპერატორის	4
და	იმდენი	4
და	იმასაც	4
და	იდეოლოგია	4
და	იგივეა	4
და	იარაღი	4
და	თქვენც	4
და	თურქეთი	4
და	თიურინგია	4
და	თითოეულ	4
და	თვითონაც	4
და	თვალის	4
და	თვალი	4
და	თებევალი	4
და	თაყვანი	4
და	თანამშრომლობის	4
და	თანაავტორი	4
და	თავშესაფარი	4
და	თავისუფლად	4
და	ზოგად	4
და	ზნეობრივი	4
და	ზაფხული	4
და	ვიცი	4
და	ვიქტორ	4
და	ვინც	4
და	ვიდრე	4
და	ვიდეო	4
და	ვერტიკალური	4
და	ვერა	4
და	ველური	4
და	ველის	4
და	ვეგეტატიურად	4
და	ვახტანგ	4
და	ვარსკვლავი	4
და	ვარდისფერი	4
და	ვაჟი	4
და	ეყრდნობა	4
და	ეტყვის	4
და	ეროზია	4
და	ერთობ	4
და	ერთიც	4
და	ერთგულების	4
და	ენტონი	4
და	ენდი	4
და	ემუქრება	4
და	ემა	4
და	ელენე	4
და	ეკონომიკურად	4
და	ეკონომიკა	4
და	ევფრატის	4
და	ეგეოსის	4
და	დღის	4
და	დღევანდელ	4
და	დუშეთის	4
და	დრამატული	4
და	დოკუმენტური	4
და	დიმიტრი	4
და	დიეტა	4
და	დიდხანს	4
და	დიდმა	4
და	დიდებულები	4
და	დიდება	4
და	დიდგვაროვანი	4
და	დედამიწა	4
და	დედამისის	4
და	დები	4
და	დახმარებას	4
და	დახმარება	4
და	დაღესტანი	4
და	დასძინა	4
და	დასვენების	4
და	დასასრული	4
და	დასავლეთს	4
და	დანიის	4
და	დამცველი	4
და	დამსახურებულად	4
და	დაიღუპა	4
და	დაინიშნა	4
და	დაიკავა	4
და	დაზღვევა	4
და	დადებითი	4
და	დადგა	4
და	დაგმო	4
და	დაბადების	4
და	დაამატა	4
და	დააარსა	4
და	გურიაში	4
და	გულში	4
და	გულით	4
და	გრძელდებოდა	4
და	გონებრივი	4
და	გნაისი	4
და	გლობალური	4
და	გლეხებს	4
და	გლაციოლოგია	4
და	გვიანი	4
და	გვიან	4
და	გვარია	4
და	გეოლოგიური	4
და	გენერალური	4
და	გელათის	4
და	გაცილებით	4
და	გაფართოვდა	4
და	გარეშე	4
და	განიერი	4
და	განვითარებული	4
და	გამოხატვის	4
და	გამოცდილება	4
და	გამორჩეული	4
და	გამომდინარე	4
და	გამოიყოფა	4
და	გამოირჩევა	4
და	გამოდიოდა	4
და	გამოაცხადა	4
და	გამბედაობა	4
და	გალის	4
და	გაზი	4
და	გადაჭიმულია	4
და	გადაწყვეტილი	4
და	გადაშენების	4
და	გააჩნია	4
და	ბულგარეთი	4
და	ბრძოლაში	4
და	ბრტყელი	4
და	ბროლის	4
და	ბოსტნეული	4
და	ბიჭი	4
და	ბიუჯეტის	4
და	ბიოლოგიის	4
და	ბევრს	4
და	ბევრ	4
და	ბაროკოს	4
და	ბავშვის	4
და	ბავშვების	4
და	ბაბუასთან	4
და	ახალციხეში	4
და	აწმყოს	4
და	აღნიშნული	4
და	აღნიშნავდა	4
და	აღმოსავლური	4
და	აღმოსავლეთში	4
და	აღმოაჩინა	4
და	აღმოაჩენს	4
და	აუწყა	4
და	ატომური	4
და	ატმოსფეროს	4
და	ატლანტიკის	4
და	ასულნი	4
და	ასოციაციის	4
და	ასაკი	4
და	არასდროს	4
და	არაერთხელ	4
და	აპელაცია	4
და	ანასტასია	4
და	ანალიტიკური	4
და	ანალიზის	4
და	ამონიუმის	4
და	ამისათვის	4
და	ამიერკავკასიის	4
და	ამერიკელმა	4
და	ამდენივე	4
და	ალუმინის	4
და	ალუვიური	4
და	ალბათ	4
და	ალაზანი	4
და	აკაკი	4
და	აიძულა	4
და	აიროვანი	4
და	აიმარას	4
და	ათასობით	4
და	აზერბაიჯანული	4
და	აზერბაიჯანს	4
და	ავღანეთში	4
და	ავსტრალიას	4
და	ავადმყოფობის	4
და	ადამიანს	4
და	აგურის	4
და	აგრარული	4
და	აბსტრაქტული	4
და	აბრეშუმის	4
და	აბა	4
და	ააოხრა	4
გურჯაანის	რაიონი	4
გურიის	მხარის	4
გუნდმა	გამოიცნო	4
გუნდის	შემადგენლობაში	4
გუნდის	მთავარი	4
გუნდი	მონაწილეობდა	4
გუნდი	დატოვა	4
გუნდების	რაოდენობა	4
გულრიფშის	რაიონის	4
გულმკერდის	კედლის	4
გულისხმობს	იმას	4
გუარიკოს	შტატში	4
გრძივ	კედლებში	4
გრძივ	კედლებზე	4
გრიგოლ	ხანძთელი	4
გრიგოლ	ორბელიანი	4
გრიგოლ	ბაკურიანის	4
გრეტა	გარბოს	4
გრემის	ჯილდოს	4
გრაფიკული	და	4
გრაფიკის	საფუძველზე	4
გრამატიკული	კლასი	4
გრამატიკული	კატეგორიები	4
გრავიტაციული	ველის	4
გორის	ციხე	4
გორის	რაიონი	4
გორის	მუნიციპალიტეტში	4
გორის	მუნიციპალიტეტის	4
გორის	მიმართულებით	4
გორის	მაზრა	4
გონკურის	პრემია	4
გომბორის	ქედი	4
გომბორის	ქედზე	4
გოდერძი	ჩოხელის	4
გოგონას	და	4
გოგო	და	4
გოგი	გვახარია	4
გნეუს	პომპეუსი	4
გლეხები	და	4
გიტარის	სოლოს	4
გიტარაზე	უკრავს	4
გიტარაზე	და	4
გიორგი	ჭყონდიდელი	4
გიორგი	ჩუბინაშვილი	4
გიორგი	ფოჩხუა	4
გიორგი	მერჩულეს	4
გიორგი	მაზნიაშვილი	4
გიმნაზიის	დამთავრების	4
გილმორი	და	4
გიგი	უგულავას	4
გია	ყანჩელის	4
გთავაზობთ	ინფორმაციას	4
გზის	ჩემპიონი	4
გზის	პლატინის	4
გზის	მფლობელი	4
გზით	შეიძლება	4
გზებისა	და	4
გზების	საერთო	4
გზას	და	4
გზაზე	და	4
გზა	რომ	4
გზა	აქვს	4
გზა	ადის	4
გვხვდება	და	4
გვხვდება	ასევე	4
გვყავს	და	4
გვიანის	ზეგანი	4
გვიანი	ბრინჯაოს	4
გვიანდელ	პერიოდში	4
გვერდით	და	4
გვარის	წარმომადგენლები	4
გვარი	წარმოიშვა	4
გვარი	მოიცავს	4
გეუბნებით	თქვენ	4
გერმანული	ტომები	4
გერმანული	ვიკიპედია	4
გერმანიის	წინააღმდეგ	4
გერმანიის	სახელმწიფოს	4
გერმანიის	საფეხბურთო	4
გერმანიის	მეორე	4
გერმანიის	და	4
გერმანიის	გაერთიანების	4
გერმანია	და	4
გერმანელი	ფიზიკოსი	4
გერმანელი	კომპოზიტორი	4
გერმანელების	წინააღმდეგ	4
გეოლოგიური	კვლევის	4
გეოლოგი	და	4
გეოგრაფიისა	და	4
გენერლის	წოდება	4
გენერალური	შტაბი	4
გენერალური	მდივანია	4
გენერალი	გიორგი	4
გემრიელი	და	4
გემო	და	4
გელათის	აკადემია	4
გეგმის	განხორციელებას	4
გეგმით	სწორკუთხა	4
გეგმები	და	4
გეგმა	ვერ	4
გაჰყვა	და	4
გახსნისა	და	4
გახდა	ქვეყნის	4
გახდა	უკან	4
გახდა	როგორც	4
გახდა	პრეზიდენტი	4
გახდა	პოპულარული	4
გახდა	პერუს	4
გახდა	მსოფლიოში	4
გახდა	მათი	4
გახდა	თუ	4
გაჭრილი	კარით	4
გაჭირვების	გამო	4
გაძლიერება	და	4
გაცილებით	უკეთ	4
გაჩნდა	პირველი	4
გაჩნდა	ახალი	4
გაჩენის	დღიდან	4
გაშლილი	და	4
გაყოფის	შედეგად	4
გაყოფილი	ორ	4
გაყიდულია	ჯგუფის	4
გაყიდულია	მისი	4
გაყიდული	აქვს	4
გაყიდა	და	4
გაქრა	და	4
გაუძლეს	და	4
გაუქმების	შესახებ	4
გაუქმება	და	4
გაუსის	კანონის	4
გაურკვეველი	მიზეზების	4
გატეხა	და	4
გატაცებული	და	4
გატანა	მოახერხა	4
გასცა	ბრძანება	4
გასვლით	შეხვედრაში	4
გარშემო	მდებარე	4
გარშემო	და	4
გარს	უვლის	4
გარს	ერტყა	4
გარკვეული	ვადით	4
გარკვეულ	პირობებში	4
გარკვეულ	მონაკვეთში	4
გარი	კასპაროვი	4
გართობა	და	4
გარეშე	დარჩა	4
გარეული	ცხოველების	4
გარეულ	ცხოველთა	4
გარემოსა	და	4
გარემოს	დაცვა	4
გარემოს	და	4
გარეთა	მხრიდან	4
გარეთ	იყო	4
გარდაცვალების	შესახებ	4
გარდაცვალებამდე	იყო	4
გარდაიცვალა	თბილისში	4
გარდა	აღსანიშნავია	4
გაოცებას	იწვევს	4
განხორციელდა	და	4
განცხადებები	და	4
განყოფილების	ხელმძღვანელი	4
განყოფილების	უფროსად	4
განუხორციელებელი	დარჩა	4
განუყოფელი	ნაწილი	4
განუსაზღვრელი	ვადით	4
განურჩევლად	მათი	4
განსხვავებული	ვერსია	4
განსხვავებით	არ	4
განსხვავდებიან	ერთმანეთისაგან	4
განსაცდელის	ჟამს	4
განსაკუთრებული	პოპულარობით	4
განსაკუთრებულ	ადგილს	4
განსაკუთრებით	ხშირად	4
განსაკუთრებით	ცნობილი	4
განსაკუთრებით	რთული	4
განსაკუთრებით	პოპულარული	4
განსაკუთრებით	მძიმე	4
განსაკუთრებით	მისი	4
განსაკუთრებით	მის	4
განსაკუთრებით	ეს	4
განსაკუთრებით	დიდ	4
განსაკუთრებით	დასავლეთ	4
განსაკუთრებით	ბევრია	4
განპირობებულია	მისი	4
განმარტებითი	ლექსიკონი	4
განმავლობაში	სწავლობდა	4
განმავლობაში	მუშაობდა	4
განმავლობაში	კი	4
განმავლობაში	იყო	4
განმავლობაში	ეკავა	4
განიცდიდა	და	4
განისაზღვრება	მისი	4
განთქმული	იყო	4
განთქმული	და	4
განთიადის	დამპყრობლის	4
განზრახული	იყო	4
განვითარებულია	მეცხოველეობა	4
განვითარებულია	ასევე	4
განვითარებული	და	4
განვითარების	საშუალებას	4
განვითარების	საქმეში	4
განვითარების	სამინისტროს	4
განვითარების	პროგრამა	4
განვითარების	ინდექსის	4
განვითარების	და	4
განვითარების	ადრეულ	4
განვითარებაში	დიდი	4
განვითარებადი	ქვეყნების	4
განვითარება	დაიწყო	4
განახლება	და	4
განაპირას	დგას	4
განათლებული	ადამიანი	4
განათლების	ხარისხის	4
განათლების	ცენტრი	4
განათლების	სისტემის	4
განათლების	სახალხო	4
განაგრძო	სწავლა	4
განაგრძო	თბილისის	4
განაგებდა	და	4
განა	ყველა	4
გამყინვარების	პერიოდი	4
გამოძიება	დაიწყო	4
გამოცემული	იქნა	4
გამოცდილება	და	4
გამოც	მისი	4
გამოჩენის	შემდეგ	4
გამოშვებული	იქნა	4
გამოყოფის	შედეგად	4
გამოყოფილია	მდინარე	4
გამოყენებული	იყო	4
გამოყენების	დროს	4
გამოქვეყნდა	მისი	4
გამოტოვებულია	ორი	4
გამოტოვებული	ორი	4
გამოსვლა	და	4
გამოსახულია	ღვთისმშობელი	4
გამოსახულია	სამი	4
გამოსაშვები	გამოცდების	4
გამორიცხული	არაა	4
გამორიცხული	არ	4
გამონაკლისების	გარდა	4
გამომწვევი	მიზეზი	4
გამომდინარე	აქედან	4
გამოკითხვების	არქივი	4
გამოკვლევები	და	4
გამოიწვია	მისი	4
გამოიწვია	ის	4
გამოიცნო	იყო	4
გამოიცა	და	4
გამოიყურებოდა	და	4
გამოიყოფა	სამი	4
გამოიყოფა	და	4
გამოიყენება	მხოლოდ	4
გამოირჩევა	დიდი	4
გამოითქმის	როგორც	4
გამოთქმული	მოსაზრება	4
გამოზიდვის	კონუსი	4
გამოვიდა	მხოლოდ	4
გამოდის	მდინარე	4
გამოდის	ისრაელში	4
გამოდიოდა	როგორც	4
გამოდგა	და	4
გამოაცხადა	თავი	4
გამო	ხშირად	4
გამო	მის	4
გამო	ის	4
გამო	ეწოდა	4
გამო	ეს	4
გამო	გამოტოვა	4
გამგეობის	წევრი	4
გამგეობის	მდივანი	4
გამარჯვების	შემთხვევაში	4
გამართულ	პრესკონფერენციაზე	4
გამართულ	მსოფლიო	4
გალაკტიონ	ტაბიძე	4
გალავნის	გარეთ	4
გაკეთება	და	4
გაიხსნა	პირველი	4
გაიგივებული	იყო	4
გაზრდა	და	4
გაზეთი	გამოდის	4
გავრცელებულია	ხმელთაშუაზღვისპირეთში	4
გავრცელებულია	ძირითადად	4
გავრცელებულია	ყველა	4
გავრცელებულია	მცირე	4
გავრცელებულია	თითქმის	4
გავრცელებული	ინფორმაციით	4
გავრცელების	არეალია	4
გავრცელება	და	4
გავლენას	ახდენდა	4
გავლენა	არ	4
გაეროს	უშიშროების	4
გაეროს	გენერალური	4
გაერთიანებული	საამიროების	4
გაერთიანების	შედეგად	4
გაემგზავრა	და	4
გადის	დრო	4
გადის	და	4
გადაჭიმული	და	4
გადაწყვეტილი	ჰქონდა	4
გადაწყვეტილი	იყო	4
გადაწყვეტილებების	მიღება	4
გადაწყვეტილებას	და	4
გადაწყვეტილება	არ	4
გადაღებული	ფოტოები	4
გადატანის	შემდეგ	4
გადარჩენის	მიზნით	4
გადარჩა	და	4
გადამწყვეტ	როლს	4
გადამწყვეტ	მატჩში	4
გადავიდნენ	და	4
გადაეცა	საქართველოს	4
გადაერქვა	და	4
გადადგა	თანამდებობიდან	4
გადააკეთეს	და	4
გადაადგილების	საშუალებას	4
გაგება	და	4
გაგამ	სიმღერაზე	4
გააჩნიათ	და	4
გააჩნია	ორი	4
გააჩნია	და	4
გაასამართლეს	და	4
გაამახვილა	ყურადღება	4
გააერთიანეს	და	4
ბურგუნდიული	დინასტია	4
ბუნებრივი	გაზი	4
ბუნებრივი	აირი	4
ბუნების	ძეგლი	4
ბუნებაში	არ	4
ბუკერის	პრემიის	4
ბრწყინვალე	გამარჯვება	4
ბრძოლის	ველს	4
ბრძოლის	ველი	4
ბრძოლების	შედეგად	4
ბრძოლაში	დამარცხდა	4
ბრძოლაში	დაიღუპნენ	4
ბრძოლაში	და	4
ბრძოლა	არ	4
ბრუნდება	შინ	4
ბრიტანული	სინგლების	4
ბრიტანეთის	ჩარტის	4
ბრიტანეთის	ყველაზე	4
ბრინჯაოსა	და	4
ბრინჯაოს	მედლები	4
ბრინჯაოს	და	4
ბრაზილიაში	და	4
ბრაგანსის	დინასტია	4
ბოსფორის	სრუტე	4
ბორცვები	და	4
ბორჩალოს	მაზრაში	4
ბოროტი	და	4
ბონდის	შესახებ	4
ბოლშევიკური	რეჟიმის	4
ბოლომდე	იბრძოლა	4
ბოლო	სამი	4
ბოლო	ნაწილი	4
ბოლო	და	4
ბნელი	რაინდის	4
ბნელი	მხარე	4
ბნელი	და	4
ბიჭი	იყო	4
ბიჭი	და	4
ბიწაძე	საქართველოში	4
ბიძინა	კვერნაძე	4
ბიუროს	წევრი	4
ბირთვული	ფიზიკის	4
ბირთვული	იარაღის	4
ბიოგრაფიული	ფილმი	4
ბილეთების	შეძენა	4
ბიზანტიასა	და	4
ბზიფის	ქედი	4
ბზიფის	მარჯვენა	4
ბეჭდვითი	ორგანო	4
ბერლინის	უნივერსიტეტში	4
ბერლინის	კედელი	4
ბერინგის	ზღვა	4
ბელგიაში	და	4
ბევრნი	იყვნენ	4
ბევრი	მოყვარული	4
ბევრი	კარგი	4
ბევრი	იყო	4
ბევრი	თვლის	4
ბევრი	ვიფიქრე	4
ბევრი	არ	4
ბედი	ეწია	4
ბედი	და	4
ბებერი	ქალბატონი	4
ბაწარის	სახელმწიფო	4
ბაჩო	ახალაიას	4
ბატონობის	წინააღმდეგ	4
ბატონო	თორნიკე	4
ბაროკოს	სტილში	4
ბაროკოს	ეპოქის	4
ბანკნოტები	ნომინალით	4
ბანკის	ჩემპიონატი	4
ბალკანეთის	ნახევარკუნძული	4
ბალკანეთის	ნახევარკუნძულზე	4
ბალახოვანი	მცენარეები	4
ბათუმის	საქალაქო	4
ბათუმის	ოლქის	4
ბაზაზე	შეიქმნა	4
ბაზა	და	4
ბავშვობა	და	4
ბავშვთა	სურათების	4
ბავშვებს	და	4
ბადრი	ბიწაძე	4
ბადალი	არ	4
აჯანყების	ჩახშობის	4
აჯანყების	ჩახშობაში	4
აჯანყების	შედეგად	4
აჯანყების	დროს	4
აჯანყდა	და	4
აჯამეთის	სახელმწიფო	4
ახლოს	დგანან	4
ახლავს	თან	4
ახლად	დაარსებული	4
ახლად	არჩეული	4
ახლა	შენ	4
ახლა	რომ	4
ახლა	მე	4
ახლა	არ	4
ახალციხის	რაბათის	4
ახალქალაქისა	და	4
ახალი	ხელისუფლება	4
ახალი	წიგნი	4
ახალი	წიგნები	4
ახალი	ცხოვრება	4
ახალი	ქალაქების	4
ახალი	ტექნიკური	4
ახალი	ტალღის	4
ახალი	საინვესტიციო	4
ახალი	რომანის	4
ახალი	რეკორდი	4
ახალი	პროექტის	4
ახალი	კონტრაქტი	4
ახალი	ისტორიის	4
ახალი	ერა	4
ახალი	გლობალური	4
ახალი	გვინეის	4
ახალი	ადამიანის	4
ახალგაზრდული	კლუბი	4
ახალგაზრდებს	შორის	4
ახალგაზრდა	კომუნისტი	4
ახალ	შენობაში	4
ახალ	კლუბში	4
ახალ	თაობას	4
ახალ	და	4
აჭარის	ორგანიზაციის	4
აჭარის	ავტონომიის	4
აწუნთის	ქედის	4
აშკარა	გახდა	4
აშენდა	პირველი	4
აღსასრულის	მოახლოება	4
აღორძინების	კავშირი	4
აღნიშნული	ფაქტი	4
აღნიშნულ	განცხადებას	4
აღმოჩნდა	რომ	4
აღმოჩენის	შესახებ	4
აღმოჩენილია	უძველესი	4
აღმოჩენილია	აგრეთვე	4
აღმოჩენილი	მინის	4
აღმოჩენილი	მასალა	4
აღმოჩენა	იყო	4
აღმოსავლურ	ენათა	4
აღმოსავლეთის	ქვეყნების	4
აღმოსავლეთის	მხრიდან	4
აღმოსავლეთი	და	4
აღმოსავლეთ	ციმბირის	4
აღმოსავლეთ	ფასადის	4
აღმოსავლეთ	ნაპირზე	4
აღმოაჩინა	ქრისტეფორე	4
აღმასრულებელი	ორგანო	4
აღმასრულებელი	კომიტეტი	4
აღმასრულებელ	კომიტეტში	4
აღინიშნოს	ისიც	4
აღიარება	ჰპოვა	4
აღებას	და	4
აღება	და	4
აღდგენის	შესახებ	4
აღდგენის	საკითხი	4
აღდგენა	და	4
აღარ	ცხოვრობს	4
აღარ	მაქვს	4
აღარ	დაბრუნებულა	4
აღარ	აქვს	4
აღადგინა	და	4
აღა	მაჰმად	4
აქციის	მონაწილე	4
აქცია	და	4
აქტიური	მონაწილეობის	4
აქტიურად	იყო	4
აქტიურად	თანამშრომლობს	4
აქტიურად	თანამშრომლობდა	4
აქტიურ	ზონაში	4
აქვს	ხმელთაშუა	4
აქვს	წითელი	4
აქვს	ძლიერი	4
აქვს	შვიდი	4
აქვს	შექმნილი	4
აქვს	შესრულებული	4
აქვს	ქართული	4
აქვს	სხვა	4
აქვს	ოთხი	4
აქვს	მას	4
აქვს	კარგად	4
აქვს	თუ	4
აქვს	გარკვეული	4
აქვს	ასევე	4
აქვთ	სხვადასხვა	4
აქემენიდების	იმპერია	4
აქედანაა	მისი	4
აქედან	წარმოდგება	4
აქედან	სახელწოდება	4
აქედან	კი	4
აქედან	იწყება	4
აქამდე	უცნობი	4
აქადის	იმპერიის	4
აქ	ჯერ	4
აქ	ხშირად	4
აქ	წარმოდგენილი	4
აქ	შეიქმნა	4
აქ	ყოველწლიური	4
აქ	ყოველწლიურად	4
აქ	საქმე	4
აქ	მისი	4
აქ	მათ	4
აქ	დააარსა	4
აქ	არსებულ	4
აფხაზი	ხალხის	4
აფხაზთა	სამეფოს	4
აფხაზეთის	შეიარაღებული	4
აფხაზეთის	მთისწინეთში	4
აფხაზეთის	მთავრობის	4
აფსიდის	ღერძზე	4
აფსიდი	ნახევარწრიულია	4
აფრიკული	წარმოშობის	4
აფრიკის	რღვევის	4
აფრიკის	ეროვნული	4
აფრიკა	და	4
აფრების	საშუალებით	4
აფეთქების	დროს	4
აფეთქება	მოხდა	4
აუცილებელი	არ	4
აუგუსტო	სესარ	4
ატმოსფერული	აზოტის	4
ატლანტიკის	ავტონომიური	4
ასწავლიდა	ქართულ	4
ასრულებს	მისსავე	4
ასრულებდა	და	4
ასპინძის	მუნიციპალიტეტში	4
ასპარეზობის	უფლება	4
ასოციაციის	პრეზიდენტი	4
ასომთავრული	წარწერების	4
ასობით	ათასი	4
ასლან	აბაშიძე	4
ასეთი	შემთხვევები	4
ასეთი	ფორმით	4
ასეთი	სახით	4
ასეთი	სახელწოდება	4
ასეთი	მიდგომა	4
ასეთი	გზით	4
ასეთი	არ	4
ასეთ	შემთხვევებში	4
ასევე	ჰყავს	4
ასევე	ხელს	4
ასევე	წარმოდგენილია	4
ასევე	ძალიან	4
ასევე	ცდილობდა	4
ასევე	შეიცავს	4
ასევე	ქართული	4
ასევე	ფუნქციონირებს	4
ასევე	უამრავი	4
ასევე	მონაწილეობენ	4
ასევე	მონაწილეობდა	4
ასევე	მოიხსენიებენ	4
ასევე	მოიცავდა	4
ასევე	მდინარე	4
ასევე	მას	4
ასევე	მათი	4
ასევე	ვრცელდება	4
ასევე	გამოირჩევა	4
ასევე	ახორციელებს	4
ასევე	აღინიშნება	4
ასე	უფრო	4
ასე	ვთქვათ	4
ასე	და	4
ასე	გახდა	4
ასე	გამოიყურებოდა	4
ასაკში	უკვე	4
ასაკში	ის	4
ასაკში	და	4
ასაკისა	და	4
ასაკის	მატებასთან	4
არწივი	და	4
არც	უნდა	4
არც	იმას	4
არც	არასოდეს	4
არც	არავინ	4
არჩევნებში	მონაწილეობაზე	4
არჩევნების	ჩატარებას	4
არჩევნების	შედეგად	4
არჩევის	უფლება	4
არჩევანის	გაკეთება	4
არჩევა	და	4
არქტიკული	არქიპელაგი	4
არქიტექტურული	ძეგლების	4
არქიტექტურული	სტილი	4
არქიპელაგის	შემადგენლობაში	4
არქეოლოგიური	კომპლექსი	4
არსებული	წმინდა	4
არსებული	ქართული	4
არსებული	პოლიტიკური	4
არსებული	ინფორმაციის	4
არსებობს	როგორც	4
არსებობს	ინფორმაცია	4
არსებობს	ვერსია	4
არსებობს	ე	4
არსებობს	არანაირი	4
არსებობისა	და	4
არსებობის	შემთხვევაში	4
არსებობის	პირობებში	4
არსებობის	ბოლო	4
არსებითი	მნიშვნელობა	4
არმიისა	და	4
არმიის	შემოჭრა	4
არმიის	მეშვეობით	4
არმიის	გენერალი	4
არმიასთან	ერთად	4
არმიას	შეუერთდა	4
არისტოკრატიულ	ოჯახში	4
არის	წმინდა	4
არის	წარმოქმნილი	4
არის	ძირითადი	4
არის	ჩრდილოეთი	4
არის	შენახული	4
არის	შემორჩენილი	4
არის	შემონახული	4
არის	შედგენილი	4
არის	სრულიად	4
არის	საშიში	4
არის	საფრანგეთის	4
არის	საუბარი	4
არის	საკუთარი	4
არის	რომ	4
არის	რეჟისორ	4
არის	მცირე	4
არის	მსოფლიოს	4
არის	მსოფლიო	4
არის	მოხსენიებული	4
არის	მოცული	4
არის	მოქცეული	4
არის	მის	4
არის	მესამე	4
არის	მეორე	4
არის	კუნძული	4
არის	თეთრი	4
არის	ერთგვარი	4
არის	ერთ	4
არის	ევროპის	4
არის	ე	4
არის	დაფარული	4
არის	დარჩენილი	4
არის	დაკრძალული	4
არის	დაკავებული	4
არის	დავით	4
არის	გასაკვირი	4
არის	გამოწვეული	4
არის	გამოცხადებული	4
არის	ან	4
არის	ამბავი	4
არის	ავსტრალიის	4
არის	ადვილი	4
არის	ადგილი	4
არიან	ყველგან	4
არიან	როგორც	4
არიან	მხოლოდ	4
არიან	ისინი	4
არიან	აფრიკაში	4
არგენტინისა	და	4
არგენტინის	პატაგონიაში	4
არაფურის	ზღვა	4
არაფერს	არ	4
არაფერი	იყო	4
არაფერი	ისე	4
არაფერი	აქვს	4
არაფერი	აქვთ	4
არაფერ	შუაში	4
არასოდეს	მიფიქრია	4
არანაკლებ	მნიშვნელოვანია	4
არამედ	ყველა	4
არამედ	ქართული	4
არამედ	საერთოდ	4
არამედ	მთელ	4
არამედ	ასევე	4
არავინ	იღებს	4
არაერთგვაროვანი	იყო	4
არაბული	დამწერლობა	4
არაბეთის	გაერთიანებული	4
არაა	საჭირო	4
არა	უგვიანეს	4
არა	მათი	4
არ	წერია	4
არ	წარმოადგენდა	4
არ	ცდილობდა	4
არ	ჩანდა	4
არ	შეხვდა	4
არ	შემოიფარგლება	4
არ	შეინიშნება	4
არ	შედიან	4
არ	შედგა	4
არ	ყოფნის	4
არ	უხდება	4
არ	უშლის	4
არ	უკავშირდება	4
არ	უთქვამს	4
არ	უთამაშია	4
არ	უარყოფს	4
არ	სწამთ	4
არ	სურთ	4
არ	საჭიროებენ	4
არ	მუშაობს	4
არ	მოხდეს	4
არ	მოხდება	4
არ	მოსულა	4
არ	მონაწილეობდა	4
არ	მომწონს	4
არ	მომკვდარა	4
არ	მოეწონათ	4
არ	მოეპოვება	4
არ	მოდის	4
არ	მისულა	4
არ	მიიღებს	4
არ	მიეცა	4
არ	მიაქცია	4
არ	კარგავს	4
არ	იწვევს	4
არ	იცნობდა	4
არ	იშურებდა	4
არ	იღებდნენ	4
არ	იკითხება	4
არ	ითვალისწინებდა	4
არ	თვლიდა	4
არ	თამაშობს	4
არ	ვიცით	4
არ	ვიქნები	4
არ	ენდობოდა	4
არ	ელოდა	4
არ	ეკუთვნოდა	4
არ	დაწყებულა	4
არ	დარჩა	4
არ	დავასახელებ	4
არ	გახდა	4
არ	გამორიცხავენ	4
არ	გაგრძელებულა	4
არ	ახსოვს	4
არ	ახდენს	4
არ	აძლევდნენ	4
არ	აღიარა	4
არ	არსებობის	4
არ	ამბობს	4
არ	აინტერესებს	4
აპრილში	და	4
აპრილსა	და	4
აპოლონის	ეტლი	4
ანჩისხატის	ტაძარში	4
ანუ	უფრო	4
ანუ	რა	4
ანუ	პალეოგრაფია	4
ანტიკურ	ლიტერატურაში	4
ანიმაციური	ფილმების	4
ანიმაციური	სერიალი	4
ანდერსონი	და	4
ანდებში	და	4
ანგარიშის	მიხედვით	4
ანგარიშვალდებულია	მთავრობის	4
ანატოლი	კარპოვი	4
ანასტასია	და	4
ანანია	ერქომაიშვილი	4
ან	წლებში	4
ან	სუსტად	4
ან	სიკვდილი	4
ან	ორივე	4
ან	ორ	4
ან	ნახევრად	4
ან	მუქი	4
ან	მთელი	4
ან	მეორე	4
ან	ის	4
ან	თითქმის	4
ან	თეთრი	4
ან	ეს	4
ან	ერთ	4
ან	არადა	4
ამჯერად	უკვე	4
ამჟამად	მხოლოდ	4
ამჟამად	მსოფლიოში	4
ამჟამად	მას	4
ამჟამად	ინახება	4
ამჟამად	ეს	4
ამჟამად	აქ	4
ამჟამად	არ	4
ამოცანა	იყო	4
ამოღებული	იქნა	4
ამოღებულ	იქნა	4
ამოფრქვევა	დაფიქსირდა	4
ამოსახველებელ	საშუალებად	4
ამიტომაც	მას	4
ამიტომაც	მან	4
ამიტომაც	იგი	4
ამიტომაც	ამ	4
ამიტომ	ეს	4
ამიტომ	აქ	4
ამის	შედეგი	4
ამის	საფუძველზე	4
ამის	სანაცვლოდ	4
ამის	პასუხად	4
ამის	ნაცვლად	4
ამის	მიხედვით	4
ამის	მიზეზად	4
ამის	დამადასტურებელი	4
ამის	გამოა	4
ამით	ისინი	4
ამერიკული	ტურნეს	4
ამერიკული	ტურნე	4
ამერიკული	და	4
ამერიკის	უდიდესი	4
ამერიკის	სამოქალაქო	4
ამერიკის	კონტინენტი	4
ამერიკის	გეოგრაფიული	4
ამერიკელი	მუსიკოსი	4
ამგვარი	ტიპის	4
ამბობდა	იგი	4
ამბავი	ტარიელისა	4
ამბავი	იმისა	4
ამაში	არ	4
ამას	ხელს	4
ამას	უნდა	4
ამას	ისიც	4
ამას	თუ	4
ამას	ზედ	4
ამას	ვერ	4
ამას	ემატება	4
ამას	დაერთო	4
ამას	აკეთებს	4
ამავე	უნივერსიტეტის	4
ამავე	ტერიტორიაზე	4
ამავე	საუკუნის	4
ამავე	პერიოდის	4
ამავე	მიზეზით	4
ამადეუს	მოცარტის	4
ამა	წლის	4
ამ	ჯვარს	4
ამ	ხელშეკრულების	4
ამ	ხალხის	4
ამ	ხაზის	4
ამ	წინადადებას	4
ამ	წიგნმა	4
ამ	ძალის	4
ამ	ცივილიზაციის	4
ამ	შეხედულების	4
ამ	შენობას	4
ამ	ყველაფერში	4
ამ	ღამით	4
ამ	ქვეყნიდან	4
ამ	ქვეყნად	4
ამ	ფრაზაში	4
ამ	ფილმს	4
ამ	ფაქტით	4
ამ	უძველესი	4
ამ	უკანასკნელში	4
ამ	უკანასკნელიდან	4
ამ	ტომის	4
ამ	სტადიაზე	4
ამ	სიტყვებში	4
ამ	სიტყვების	4
ამ	სივრცეში	4
ამ	სერიიდან	4
ამ	სახეობის	4
ამ	სახელწოდების	4
ამ	სახელის	4
ამ	საღამოს	4
ამ	სამ	4
ამ	საკითხებზე	4
ამ	რეგიონს	4
ამ	რეაქციის	4
ამ	პროცესების	4
ამ	პროექტში	4
ამ	პრობლემების	4
ამ	პოლიტიკური	4
ამ	ნაშრომის	4
ამ	მცენარის	4
ამ	მომეტისთვის	4
ამ	ლექსში	4
ამ	კუნძულის	4
ამ	კულტურის	4
ამ	კონკურსში	4
ამ	კონკრეტულ	4
ამ	კლუბში	4
ამ	კატეგორიას	4
ამ	კანონის	4
ამ	ისტორიაში	4
ამ	ისტორიას	4
ამ	თეატრის	4
ამ	თავში	4
ამ	ვერსიაში	4
ამ	ეპოქაში	4
ამ	ენერგიის	4
ამ	ენაში	4
ამ	დღესასწაულს	4
ამ	დიდი	4
ამ	დიდ	4
ამ	გუნდის	4
ამ	გუნდების	4
ამ	გვარის	4
ამ	გარემოებამ	4
ამ	განცხადებას	4
ამ	გამარჯვების	4
ამ	გაზეთის	4
ამ	გადაწყვეტილებას	4
ამ	გადაცემის	4
ამ	ბლოგზე	4
ამ	აღმოჩენამ	4
ამ	არეალში	4
ალყის	შემდეგ	4
ალყაში	მოაქცია	4
ალფრედ	ჰიჩკოკის	4
ალუვიური	ნიადაგები	4
ალპური	ტიპის	4
ალპური	სარტყლის	4
ალპური	კლუბის	4
ალპურ	სარტყლამდე	4
ალთაის	რესპუბლიკა	4
ალექსანდრია	და	4
ალექსანდრე	ჭავჭავაძე	4
ალექსანდრე	ნეველის	4
ალგეთის	ხეობა	4
ალბომში	შეტანილია	4
ალბომის	ჩაწერაში	4
ალბომის	ტექსტები	4
ალბომის	სიაში	4
ალბომის	პროდიუსერები	4
ალბომის	პირველი	4
ალბომის	გამოცემის	4
ალბომი	მოხვდა	4
ალბომი	იწერებოდა	4
ალბომი	აქვს	4
ალბერტ	აინშტაინი	4
ალბათ	ყველაზე	4
ალან	პოს	4
ალაზნის	ვაკე	4
აკეთებდა	და	4
აკაკი	შანიძე	4
აკავშირებს	მდინარეების	4
აკადემიის	საპატიო	4
აკადემია	და	4
აირჩიეს	და	4
აიაკუჩოს	რეგიონის	4
აი	აქ	4
აი	ამ	4
ათასობით	ადამიანი	4
ათასი	ტურისტი	4
ათასი	ევრო	4
ათასი	დოლარი	4
ათასი	აშშ	4
ათასამდე	სახეობა	4
ათას	ერთი	4
აზროვნებისა	და	4
აზრადაც	არ	4
აზიის	და	4
აზიაში	და	4
აზერბაიჯანულ	და	4
ავტორიტეტი	და	4
ავტორები	და	4
ავტონომიური	გაერთიანება	4
ავტონომიურ	რეგიონში	4
ავტოავარიის	შედეგად	4
ავსტრალიის	ყველაზე	4
ავსტრალიის	ახალი	4
ავსტრალიის	ალპები	4
ავიდა	ტახტზე	4
ავეჯისა	და	4
ავარიის	მომენტში	4
ავადმყოფი	მამის	4
ადრინდელი	ისტორია	4
ადრიატიკის	ზღვაში	4
ადრეული	მე	4
ადრეული	ბრინჯაოს	4
ადრეულ	შუა	4
ადრეულ	სტადიაზე	4
ადრეულ	ეტაპზე	4
ადრე	დაიწყო	4
ადრე	გარდაეცვალა	4
ადრე	არ	4
ადმინისტრაციული	საჩივარი	4
ადმინისტრაციულ	ერთეულად	4
ადიშის	ოთხთავი	4
ადვილი	წარმოსადგენია	4
ადვილი	არ	4
ადვილად	შეიძლება	4
ადვილად	მრავლდება	4
ადგილს	უთმობს	4
ადგილს	მიაღწია	4
ადგილს	დასჯერდა	4
ადგილობრივი	ჯიშები	4
ადგილობრივი	ხელისუფლება	4
ადგილობრივი	მაცხოვრებლების	4
ადგილობრივ	მოსახლეობაში	4
ადგილობრივ	დონეზე	4
ადგილის	მიხედვით	4
ადგილის	დედა	4
ადგილი	შენიშვნა	4
ადგილი	მსოფლიოში	4
ადგილი	დაუთმო	4
ადგილი	დაიმკვიდრა	4
ადგილი	დაიკავეს	4
ადგილზე	აღმოჩნდა	4
ადგილებისა	და	4
ადგილები	და	4
ადგა	და	4
ადამიანს	შეუძლია	4
ადამიანმა	მიიღო	4
ადამიანის	ძირითადი	4
ადამიანის	შინაგანი	4
ადამიანის	სულის	4
ადამიანის	ორგანიზმზე	4
ადამიანის	ბუნებრივი	4
ადამიანი	სახლობს	4
ადამიანი	კვ	4
ადამიანი	ემსხვერპლა	4
ადამიანთა	მიერ	4
ადამიანებსა	და	4
ადამიანებს	აქვთ	4
ადამი	და	4
აგრეთვე	ცნობილი	4
აგრეთვე	მრავალი	4
აგრეთვე	მდებარეობს	4
აგრეთვე	მათი	4
აგრეთვე	იმ	4
აგრეთვე	ზოგიერთი	4
აგრეთვე	აქვს	4
აგრეთვე	ამ	4
აგვისტოს	საქართველოს	4
აგვისტოს	აჯანყება	4
აგერ	უკვე	4
აგებულია	ქვედაცარცული	4
აგებულია	ეოცენური	4
აბსოლუტურად	ყველა	4
ა	და	4
